FIPS,State,County,ADHD,lower_CI,upper_CI
1001,AL,Autauga,13.91,6.84,26.42
1003,AL,Baldwin,18.37,10.33,30.14
1005,AL,Barbour,18.45,9.39,32.9
1007,AL,Bibb,16.76,8.2,30.87
1009,AL,Blount,16.25,8.09,29.31
1011,AL,Bullock,19.94,10.01,34.86
1013,AL,Butler,15.47,7.63,29.56
1015,AL,Calhoun,15.25,7.77,27.85
1017,AL,Chambers,16.07,7.74,30.02
1019,AL,Cherokee,17.42,8.54,32.07
1021,AL,Chilton,16.36,8.23,30.07
1023,AL,Choctaw,16.17,7.92,30.4
1025,AL,Clarke,15.68,7.46,28.74
1027,AL,Clay,16.96,8.2,31.46
1029,AL,Cleburne,14.81,7.05,27.52
1031,AL,Coffee,14.5,7.21,26.26
1033,AL,Colbert,15.96,7.56,28.86
1035,AL,Conecuh,15.69,7.5,29.77
1037,AL,Coosa,14.37,7.02,26.98
1039,AL,Covington,16.17,8.25,28.92
1041,AL,Crenshaw,14.79,6.92,28.2
1043,AL,Cullman,23.62,12.13,40.36
1045,AL,Dale,13.92,6.81,26.11
1047,AL,Dallas,23.49,12.14,39.98
1049,AL,De Kalb,11.58,5.56,22.11
1051,AL,Elmore,13.66,7.17,24.29
1053,AL,Escambia,15.37,7.38,29.18
1055,AL,Etowah,22.02,12.57,35.71
1057,AL,Fayette,24.29,12.57,40.52
1059,AL,Franklin,12.34,5.97,23.06
1061,AL,Geneva,16.64,8.16,30.51
1063,AL,Greene,21.14,10.52,37.64
1065,AL,Hale,16.26,7.77,30.91
1067,AL,Henry,13.07,6.35,24.78
1069,AL,Houston,16.58,9.06,28.87
1071,AL,Jackson,14.46,7.39,26.78
1073,AL,Jefferson,14.29,8.77,22.36
1075,AL,Lamar,13.98,6.59,26.66
1077,AL,Lauderdale,19.71,10.4,33.96
1079,AL,Lawrence,14.92,7.19,28.84
1081,AL,Lee,18.96,10.76,31.3
1083,AL,Limestone,14.39,7.42,25.74
1085,AL,Lowndes,17.43,8.45,31.96
1087,AL,Macon,18.63,8.85,33.18
1089,AL,Madison,13.36,7.46,22.37
1091,AL,Marengo,16.94,8.26,30.48
1093,AL,Marion,15.38,7.53,28.49
1095,AL,Marshall,13.1,6.69,23.71
1097,AL,Mobile,13,7.67,20.63
1099,AL,Monroe,16.92,8.21,31.41
1101,AL,Montgomery,16.94,9.63,28.38
1103,AL,Morgan,20.55,11.21,33.58
1105,AL,Perry,19.9,11.47,32.13
1107,AL,Pickens,15.94,7.57,29.47
1109,AL,Pike,19.55,9.6,33.92
1111,AL,Randolph,15.48,7.49,29.63
1113,AL,Russell,13.74,6.5,25.68
1115,AL,St Clair,12.9,6.54,23.67
1117,AL,Shelby,13.86,7.62,23.63
1119,AL,Sumter,17.94,8.38,33.01
1121,AL,Talladega,16.5,8.43,29.52
1123,AL,Tallapoosa,19.07,9.74,33.61
1125,AL,Tuscaloosa,13.85,7.42,24.24
1127,AL,Walker,15.39,7.4,28.07
1129,AL,Washington,15.09,7.26,28.99
1131,AL,Wilcox,17.39,8.3,32.08
1133,AL,Winston,17.43,8.56,31.62
2013,AK,Aleutians East,7.58,3.1,17.79
2016,AK,Aleutians West,7.6,3.29,16.27
2020,AK,Anchorage,11.67,6.54,19.84
2050,AK,Bethel,7.61,3.34,16.82
2060,AK,Bristol Bay,9.07,4.05,18.76
2068,AK,Denali,8.74,4.39,16.27
2070,AK,Dillingham,10.72,4.85,21.88
2090,AK,Fairbanks North Star,12.73,6.36,23.69
2100,AK,Haines,16.95,6.38,36.44
2105,AK,HoonahAngoon,10.15,5.33,18.44
2110,AK,Juneau,12.74,5.83,24.47
2122,AK,Kenai Peninsula,12.75,6.09,24.66
2130,AK,Ketchikan Gateway,12.28,5.77,24.3
2150,AK,Kodiak Island,10.11,4.49,20.48
2164,AK,Lake and Peninsula,7.7,4.13,13.94
2170,AK,Matanuska-Susitna,13.45,6.77,24.98
2180,AK,Nome,8.39,3.6,17.72
2185,AK,North Slope,9.47,4.09,19.99
2188,AK,Northwest Arctic,8.13,3.46,17.34
2195,AK,Petersburg,14.73,7.04,27.46
2198,AK,PrinceofWalesHyder,10.15,4.31,22.25
2220,AK,Sitka,15.29,6.83,29.38
2230,AK,Skagway,10.37,2.1,35.47
2240,AK,Southeast Fairbanks,13.87,6.3,27.12
2261,AK,Valdez-Cordova,12.1,6.73,21
2270,AK,Wade Hampton,8.13,3.65,17.18
2275,AK,Wrangell,14.38,6.11,29.33
2282,AK,Yakutat,7.68,3.05,17.36
2290,AK,Yukon-Koyukuk,9.6,5.58,16.01
4001,AZ,Apache,7.5,3.86,13.65
4003,AZ,Cochise,8.17,3.87,15.97
4005,AZ,Coconino,11.28,5.42,21.38
4007,AZ,Gila,12.23,5.67,23.85
4009,AZ,Graham,11.04,5.17,22.02
4011,AZ,Greenlee,10.14,5.8,16.98
4012,AZ,La Paz,10.92,5.08,21.65
4013,AZ,Maricopa,8.95,6.26,12.58
4015,AZ,Mohave,16.79,8.71,30
4017,AZ,Navajo,10.07,4.53,20.91
4019,AZ,Pima,16.03,10.28,24.16
4021,AZ,Pinal,8.22,4.15,15.18
4023,AZ,Santa Cruz,5.94,2.55,13.08
4025,AZ,Yavapai,10.89,5.42,20.56
4027,AZ,Yuma,7.15,3.36,14.42
5001,AR,Arkansas,19.7,9.85,35.51
5003,AR,Ashley,22.6,11.75,39.01
5005,AR,Baxter,19.48,9.55,35.39
5007,AR,Benton,11.61,6.29,20.1
5009,AR,Boone,19.26,9.64,33.94
5011,AR,Bradley,17.23,8.13,31.91
5013,AR,Calhoun,23.35,12.17,39.5
5015,AR,Carroll,14.2,6.64,26.87
5017,AR,Chicot,24.23,11.68,42.26
5019,AR,Clark,19.03,9.79,32.9
5021,AR,Clay,21.99,11.18,37.72
5023,AR,Cleburne,19.99,9.98,36.08
5025,AR,Cleveland,17.64,8.71,32.07
5027,AR,Columbia,22.37,11.32,38.87
5029,AR,Conway,20.49,10.23,35.77
5031,AR,Craighead,19.71,10.61,32.98
5033,AR,Crawford,18.22,9.39,31.69
5035,AR,Crittenden,18.11,9.25,32.3
5037,AR,Cross,20.48,10.41,36.7
5039,AR,Dallas,19.33,9.41,34.57
5041,AR,Desha,20.43,10.25,36.52
5043,AR,Drew,21.38,10.57,37.44
5045,AR,Faulkner,16.13,8.55,27.81
5047,AR,Franklin,17.61,8.65,32.64
5049,AR,Fulton,20.14,9.96,36.27
5051,AR,Garland,17.54,9.3,30.27
5053,AR,Grant,16.38,8,30.58
5055,AR,Greene,21.5,11.2,36.94
5057,AR,Hempstead,15.55,7.57,29.27
5059,AR,Hot Spring,16.91,8.62,30.19
5061,AR,Howard,17.01,8.41,31.47
5063,AR,Independence,20.85,10.87,35.63
5065,AR,Izard,18.61,9.22,34.18
5067,AR,Jackson,21.63,10.87,38.28
5069,AR,Jefferson,19.45,10.04,34.33
5071,AR,Johnson,18.49,9.71,32.37
5073,AR,Lafayette,22.06,10.99,38.93
5075,AR,Lawrence,20,9.97,35.31
5077,AR,Lee,20.58,10.12,36.93
5079,AR,Lincoln,17.03,8.3,30.7
5081,AR,Little River,18.04,9.07,33.16
5083,AR,Logan,16.75,8.28,30.82
5085,AR,Lonoke,16.41,8.36,29.02
5087,AR,Madison,16.16,8.07,30.03
5089,AR,Marion,17.16,8.58,31.33
5091,AR,Miller,21.3,10.86,36.82
5093,AR,Mississippi,20.09,9.96,35.5
5095,AR,Monroe,23.98,14.7,36.15
5097,AR,Montgomery,16.63,8.16,31.03
5099,AR,Nevada,18.38,8.92,33.81
5101,AR,Newton,14.91,8.77,23.87
5103,AR,Ouachita,20.99,10.66,36.39
5105,AR,Perry,15.96,7.92,29.38
5107,AR,Phillips,21.8,11.16,37.6
5109,AR,Pike,17.2,8.27,31.63
5111,AR,Poinsett,20.36,10.31,35.34
5113,AR,Polk,18.06,9.22,32.89
5115,AR,Pope,14.35,6.98,26.64
5117,AR,Prairie,18.57,9.06,33.6
5119,AR,Pulaski,24.71,15.23,36.75
5121,AR,Randolph,20.1,10.11,35.5
5123,AR,St Francis,23.82,11.96,41.06
5125,AR,Saline,16.05,8.49,28.08
5127,AR,Scott,17.89,8.65,31.87
5129,AR,Searcy,16.61,7.9,30.89
5131,AR,Sebastian,14.32,7.19,25.48
5133,AR,Sevier,8.07,3.65,16.61
5135,AR,Sharp,19.47,9.52,35.27
5137,AR,Stone,18.35,9.13,33.29
5139,AR,Union,20.15,10.3,34.65
5141,AR,Van Buren,19.41,9.48,34.58
5143,AR,Washington,10.85,5.84,18.9
5145,AR,White,18.62,9.65,32.22
5147,AR,Woodruff,21.59,10.94,36.97
5149,AR,Yell,13.89,6.55,25.94
6001,CA,Alameda,6.41,3.91,10.34
6003,CA,Alpine,10.09,5.73,17.26
6005,CA,Amador,13.35,7.24,22.75
6007,CA,Butte,8.78,4.2,16.69
6009,CA,Calaveras,12.74,5.96,25.37
6011,CA,Colusa,7.3,3.93,13.15
6013,CA,Contra Costa,6.23,3.29,11.49
6015,CA,Del Norte,18.81,9.42,33.62
6017,CA,El Dorado,13.52,6.73,25.01
6019,CA,Fresno,14.08,9.03,20.8
6021,CA,Glenn,6.91,3.74,12.36
6023,CA,Humboldt,12.95,5.99,25.18
6025,CA,Imperial,6.57,2.93,14.11
6027,CA,Inyo,12.32,7.58,19.26
6029,CA,Kern,4.64,2.62,8.11
6031,CA,Kings,12.36,6.6,21.79
6033,CA,Lake,11.81,5.46,22.51
6035,CA,Lassen,11.61,5.33,22.8
6037,CA,Los Angeles,7.08,5.06,9.86
6039,CA,Madera,4.66,2.31,8.97
6041,CA,Marin,9.2,4.39,18.91
6043,CA,Mariposa,11.98,6.21,21.47
6045,CA,Mendocino,11.38,5.22,21.94
6047,CA,Merced,6.19,3.12,12.16
6049,CA,Modoc,11.34,6.59,18.79
6051,CA,Mono,9.61,5.86,15.11
6053,CA,Monterey,4.21,2.06,8.22
6055,CA,Napa,12.27,6.56,22.03
6057,CA,Nevada,12.72,6.07,24.18
6059,CA,Orange,5.41,3.47,8.28
6061,CA,Placer,9.94,5.24,18.02
6063,CA,Plumas,13.44,7.48,22.15
6065,CA,Riverside,8.89,5.94,13.02
6067,CA,Sacramento,7.64,4.72,12.23
6069,CA,San Benito,7.17,3.26,14.82
6071,CA,San Bernardino,8.04,5.31,11.9
6073,CA,San Diego,16.01,11.96,21.19
6075,CA,San Francisco,6.4,2.91,13.23
6077,CA,San Joaquin,9.85,5.88,15.81
6079,CA,San Luis Obispo,19.3,11.81,30.74
6081,CA,San Mateo,16.29,10.35,24.27
6083,CA,Santa Barbara,7.15,3.42,14.19
6085,CA,Santa Clara,6.82,4.24,10.64
6087,CA,Santa Cruz,7.1,3.47,13.99
6089,CA,Shasta,15.77,8.06,28.73
6091,CA,Sierra,13.28,7.42,22.75
6093,CA,Siskiyou,11.86,5.66,22.82
6095,CA,Solano,16.94,10.06,27.1
6097,CA,Sonoma,9.79,5.31,17.16
6099,CA,Stanislaus,9.75,5.51,16.54
6101,CA,Sutter,8.74,3.86,17.7
6103,CA,Tehama,10.7,4.9,21.15
6105,CA,Trinity,12.75,7.23,21.63
6107,CA,Tulare,3.6,1.75,7.14
6109,CA,Tuolumne,13.33,7.63,22.37
6111,CA,Ventura,10.38,6.13,17.01
6113,CA,Yolo,7.32,3.69,13.79
6115,CA,Yuba,9.65,4.35,19.5
8001,CO,Adams,12.08,7.15,19.77
8003,CO,Alamosa,8.56,3.78,18.27
8005,CO,Arapahoe,13.28,7.66,21.52
8007,CO,Archuleta,11.85,5.33,23.52
8009,CO,Baca,12.98,5.88,25.5
8011,CO,Bent,8.42,3.66,17.06
8013,CO,Boulder,14.37,7.64,24.6
8014,CO,Broomfield,11.2,5.54,21.28
8015,CO,Chaffee,12.95,5.72,26.16
8017,CO,Cheyenne,11.56,6.19,20.58
8019,CO,Clear Creek,11.01,6.18,19.44
8021,CO,Conejos,8.19,4.4,14.23
8023,CO,Costilla,6.03,3.2,10.86
8025,CO,Crowley,10.83,5.08,21.71
8027,CO,Custer,12.81,6.61,23.09
8029,CO,Delta,12.12,5.7,24.16
8031,CO,Denver,10.79,5.93,18.87
8033,CO,Dolores,12.66,6.54,22.75
8035,CO,Douglas,10.89,5.81,19.31
8037,CO,Eagle,8.41,3.67,17.35
8039,CO,Elbert,10.02,4.57,19.71
8041,CO,El Paso,12.04,7.05,19.35
8043,CO,Fremont,14.64,6.92,27.42
8045,CO,Garfield,8.83,4.01,18.03
8047,CO,Gilpin,10.54,4.85,21.8
8049,CO,Grand,13.41,8.06,21.17
8051,CO,Gunnison,13.05,5.86,25.64
8053,CO,Hinsdale,10.49,5.97,17.74
8055,CO,Huerfano,14.44,6.66,28.72
8057,CO,Jackson,12.85,6.65,22.78
8059,CO,Jefferson,14.62,8.66,23.26
8061,CO,Kiowa,12.26,7.21,19.78
8063,CO,Kit Carson,10.73,4.88,21.54
8065,CO,Lake,9.81,4.99,18.06
8067,CO,La Plata,14.11,6.43,27.23
8069,CO,Larimer,12.86,7.06,22.63
8071,CO,Las Animas,14.01,6.61,27.26
8073,CO,Lincoln,13.06,8.18,19.81
8075,CO,Logan,13.96,6.41,27.06
8077,CO,Mesa,12.61,6,23.7
8079,CO,Mineral,16.14,8.23,29.44
8081,CO,Moffat,11.84,5.33,23.19
8083,CO,Montezuma,13.06,5.91,25.24
8085,CO,Montrose,10.99,5.11,21.92
8087,CO,Morgan,8.56,3.98,17.59
8089,CO,Otero,10.24,4.57,20.56
8091,CO,Ouray,14.19,7.2,25.51
8093,CO,Park,11.77,5.39,23.47
8095,CO,Phillips,10.37,4.67,20.86
8097,CO,Pitkin,12.31,6.87,21.19
8099,CO,Prowers,9.02,3.92,18.58
8101,CO,Pueblo,10.69,5.15,19.86
8103,CO,Rio Blanco,15.3,7.21,29.46
8105,CO,Rio Grande,9.05,3.94,18.88
8107,CO,Routt,12.12,5.5,24.3
8109,CO,Saguache,7.59,3.36,15.58
8111,CO,San Juan,18.88,9.88,32.6
8113,CO,San Miguel,12.12,6.24,21.93
8115,CO,Sedgwick,12.77,6.08,25.33
8117,CO,Summit,10.67,5.55,19.32
8119,CO,Teller,13.39,6.19,26.22
8121,CO,Washington,12.77,7.81,19.96
8123,CO,Weld,12.71,6.9,21.85
8125,CO,Yuma,8.78,3.96,17.96
9001,CT,Fairfield,13.61,8.41,20.91
9003,CT,Hartford,16.36,10.68,24.23
9005,CT,Litchfield,13.32,6.92,23.77
9007,CT,Middlesex,15.59,8.2,27.38
9009,CT,New Haven,10.21,6.01,17.01
9011,CT,New London,16.97,9.35,28.51
9013,CT,Tolland,13.21,6.65,23.88
9015,CT,Windham,10.6,5.57,19.69
10001,DE,Kent,13.78,7.38,23.49
10003,DE,New Castle,14.98,9.47,23
10005,DE,Sussex,15.65,8.49,26.93
11001,DC,Washington,13.82,8,23.04
12001,FL,Alachua,22.2,12.53,35.87
12003,FL,Baker,14.37,7.03,27.15
12005,FL,Bay,12.34,6.56,21.77
12007,FL,Bradford,16.67,9.79,26.65
12009,FL,Brevard,20.89,13.83,30.7
12011,FL,Broward,6.54,4.14,10.1
12013,FL,Calhoun,16.27,9.4,26.91
12015,FL,Charlotte,13.31,6.66,24.65
12017,FL,Citrus,22.17,12.14,36.18
12019,FL,Clay,15.38,9.03,24.93
12021,FL,Collier,11.01,5.62,21.08
12023,FL,Columbia,13.74,6.91,25.26
12027,FL,De Soto,10.74,5.09,20.59
12029,FL,Dixie,17.02,8.87,30.06
12031,FL,Duval,14.96,9.66,22.28
12033,FL,Escambia,12.43,6.47,22.23
12035,FL,Flagler,12.97,6.33,24.17
12037,FL,Franklin,15.62,7.44,29.22
12039,FL,Gadsden,13.73,6.85,25.26
12041,FL,Gilchrist,15.52,7.42,28.87
12043,FL,Glades,10.48,6.66,16.16
12045,FL,Gulf,15.02,7.14,28.19
12047,FL,Hamilton,13.93,8.16,22.13
12049,FL,Hardee,8.88,5.06,14.92
12051,FL,Hendry,7.42,3.35,15.48
12053,FL,Hernando,18.77,10.49,31.31
12055,FL,Highlands,19.06,9.97,32.87
12057,FL,Hillsborough,11.77,8.11,16.91
12059,FL,Holmes,17.27,8.49,31.26
12061,FL,Indian River,25,14.8,39.02
12063,FL,Jackson,15.72,7.75,29.3
12065,FL,Jefferson,15.89,7.65,29.83
12067,FL,Lafayette,12.21,6.46,21.24
12069,FL,Lake,10.93,6.29,17.76
12071,FL,Lee,9.77,5.35,16.73
12073,FL,Leon,14.53,7.9,25.2
12075,FL,Levy,15.72,7.66,28.83
12077,FL,Liberty,14.66,8.84,23.03
12079,FL,Madison,14.21,8.49,22.75
12081,FL,Manatee,13.6,8.22,21.85
12083,FL,Marion,14.74,8.15,25.43
12085,FL,Martin,13.82,6.82,25.95
12086,FL,MiamiDade,11.47,7.05,18.49
12087,FL,Monroe,13.32,6.17,25.93
12089,FL,Nassau,14.03,6.62,25.71
12091,FL,Okaloosa,12.11,6.08,22.07
12093,FL,Okeechobee,11.68,5.75,22.27
12095,FL,Orange,8.83,5.62,13.39
12097,FL,Osceola,10.76,5.62,19.38
12099,FL,Palm Beach,9.94,6.22,15.27
12101,FL,Pasco,21.74,14.61,31.14
12103,FL,Pinellas,13.71,8.74,20.71
12105,FL,Polk,16.15,10.15,24.5
12107,FL,Putnam,19.11,9.7,34.08
12109,FL,St Johns,12.54,6.91,21.88
12111,FL,St Lucie,17.59,10.64,27.67
12113,FL,Santa Rosa,15.17,8.15,26.75
12115,FL,Sarasota,22.16,13.62,33.36
12117,FL,Seminole,14.01,8.74,21.47
12119,FL,Sumter,16.64,7.77,31.59
12121,FL,Suwannee,13.04,6.36,24.37
12123,FL,Taylor,16.02,8.13,28.33
12125,FL,Union,22.11,11.18,39.09
12127,FL,Volusia,12.18,7.16,19.78
12129,FL,Wakulla,13.04,6.39,23.83
12131,FL,Walton,10.72,5.48,19.81
12133,FL,Washington,16.15,8.83,27.81
13001,GA,Appling,15.6,9.54,24.53
13003,GA,Atkinson,9.67,4.37,19.27
13005,GA,Bacon,16.53,8.17,30.65
13007,GA,Baker,12.86,7.59,20.7
13009,GA,Baldwin,16.47,7.73,29.64
13011,GA,Banks,14.76,7.26,27.31
13013,GA,Barrow,15.58,8.09,27.44
13015,GA,Bartow,15.67,8.09,28.12
13017,GA,Ben Hill,16.98,8.25,31.19
13019,GA,Berrien,14.73,9.05,22.62
13021,GA,Bibb,17.56,9.25,30.7
13023,GA,Bleckley,16.66,7.98,30.51
13025,GA,Brantley,15.16,7.59,27.76
13027,GA,Brooks,15.32,9.63,23.48
13029,GA,Bryan,14.05,6.65,27.36
13031,GA,Bulloch,14.96,7.33,27.85
13033,GA,Burke,23.7,12.68,39.11
13035,GA,Butts,15.3,7.37,28.1
13037,GA,Calhoun,15.28,8.81,24.71
13039,GA,Camden,16.16,8.36,28.51
13043,GA,Candler,16.91,9.84,27.57
13045,GA,Carroll,16.31,9.37,26.62
13047,GA,Catoosa,13.04,6.64,23.87
13049,GA,Charlton,16.13,9.43,26.12
13051,GA,Chatham,13.98,7.71,24.57
13053,GA,Chattahoochee,12.73,7,21.86
13055,GA,Chattooga,14.37,7.04,26.38
13057,GA,Cherokee,18.94,11.4,29.2
13059,GA,Clarke,13.95,6.89,25.61
13061,GA,Clay,19.28,10.9,31.09
13063,GA,Clayton,12.3,6.83,20.4
13065,GA,Clinch,17.85,10.62,27.81
13067,GA,Cobb,9.45,5.87,14.84
13069,GA,Coffee,12.66,6.37,23.61
13071,GA,Colquitt,21.18,11.09,35.8
13073,GA,Columbia,14.49,7.59,25.72
13075,GA,Cook,16.17,7.69,30.23
13077,GA,Coweta,12.67,6.72,22.49
13079,GA,Crawford,15.41,7.59,28.63
13081,GA,Crisp,18.52,11.32,28.8
13083,GA,Dade,17.34,8.39,31.41
13085,GA,Dawson,14.08,6.72,26.86
13087,GA,Decatur,17,9.09,29.06
13089,GA,De Kalb,12.53,7.83,19.26
13091,GA,Dodge,16.16,9.66,25.46
13093,GA,Dooly,14.91,6.98,27.88
13095,GA,Dougherty,14.46,8.09,25.23
13097,GA,Douglas,14.66,7.87,25.44
13099,GA,Early,17.75,8.71,32.74
13101,GA,Echols,8.53,4.34,15.14
13103,GA,Effingham,19.06,9.77,33.1
13105,GA,Elbert,16.73,8.42,30.06
13107,GA,Emanuel,14.92,7.65,26.63
13109,GA,Evans,12.71,7.15,21.19
13111,GA,Fannin,15.27,7.38,28.67
13113,GA,Fayette,11.31,5.54,21.63
13115,GA,Floyd,15.94,8.32,28.32
13117,GA,Forsyth,9.62,5.45,16.6
13119,GA,Franklin,15,7.3,28.11
13121,GA,Fulton,15.59,10.52,22.28
13123,GA,Gilmer,14.34,6.87,27.09
13125,GA,Glascock,17.86,9.48,31.16
13127,GA,Glynn,17.96,9.6,30.78
13129,GA,Gordon,18.1,9.11,31.82
13131,GA,Grady,14.85,6.92,28.01
13133,GA,Greene,16.76,8.03,30.9
13135,GA,Gwinnett,9.36,5.92,14.65
13137,GA,Habersham,10.12,4.99,19.35
13139,GA,Hall,11.46,6.54,19.63
13141,GA,Hancock,17.25,10.42,26.88
13143,GA,Haralson,16.41,9.01,27.57
13145,GA,Harris,17.19,8.73,31.34
13147,GA,Hart,19.86,10.17,35.41
13149,GA,Heard,18.92,9.59,33.75
13151,GA,Henry,16.41,9.08,27.33
13153,GA,Houston,17.29,9.55,28.54
13155,GA,Irwin,16.2,7.91,29.41
13157,GA,Jackson,16.04,8.09,27.83
13159,GA,Jasper,14.16,6.92,26.63
13161,GA,Jeff Davis,19.22,9.62,34.08
13163,GA,Jefferson,19.69,9.95,35.76
13165,GA,Jenkins,18.45,10.07,30.53
13167,GA,Johnson,18.51,9.23,34
13169,GA,Jones,13.24,6.55,24.69
13171,GA,Lamar,15.79,7.67,29.29
13173,GA,Lanier,14.8,8.32,24.53
13175,GA,Laurens,21,11.52,36.56
13177,GA,Lee,21.18,10.58,36.29
13179,GA,Liberty,14.69,7.05,27.11
13181,GA,Lincoln,17.61,9.94,29.32
13183,GA,Long,11.58,5.47,22.64
13185,GA,Lowndes,15.61,8.58,26.26
13187,GA,Lumpkin,15.95,7.78,29
13189,GA,McDuffie,16.64,7.97,30.46
13191,GA,McIntosh,13.33,6.5,25.21
13193,GA,Macon,16.12,9.86,25.1
13195,GA,Madison,16.64,8.18,31.08
13197,GA,Marion,15.24,8.82,24.48
13199,GA,Meriwether,16.46,10.43,24.45
13201,GA,Miller,17.13,8.47,31.06
13205,GA,Mitchell,17.03,10.69,25.28
13207,GA,Monroe,13.7,6.73,25.8
13209,GA,Montgomery,10.91,5.05,21.49
13211,GA,Morgan,18.73,9.52,33.02
13213,GA,Murray,22.8,12.4,38.27
13215,GA,Muscogee,22.17,12.19,35.78
13217,GA,Newton,9.97,5.16,18.22
13219,GA,Oconee,11.74,5.56,22.67
13221,GA,Oglethorpe,13.95,8.58,21.93
13223,GA,Paulding,11.85,6.15,21.01
13225,GA,Peach,13.04,6.4,24.24
13227,GA,Pickens,14.77,7.09,27.35
13229,GA,Pierce,21.67,11.31,37.33
13231,GA,Pike,16.49,8.64,28.43
13233,GA,Polk,17.67,9.25,31.57
13235,GA,Pulaski,17.16,8.47,30.77
13237,GA,Putnam,12.68,6.42,23.52
13239,GA,Quitman,15.29,7.52,28.22
13241,GA,Rabun,14.47,6.87,27.6
13243,GA,Randolph,21.64,12.13,35.03
13245,GA,Richmond,24.57,14,38.86
13247,GA,Rockdale,14.3,7.63,24.76
13249,GA,Schley,14.97,7.58,26.61
13251,GA,Screven,16.86,10.06,26.72
13253,GA,Seminole,20.94,12.8,31.76
13255,GA,Spalding,15.74,8.1,27.85
13257,GA,Stephens,15.01,7.35,28.07
13259,GA,Stewart,20.42,11.8,32.48
13261,GA,Sumter,17.53,8.58,32.01
13263,GA,Talbot,17.18,10.8,26.45
13265,GA,Taliaferro,14.51,7.96,25.04
13267,GA,Tattnall,14.27,6.95,26.04
13269,GA,Taylor,14.65,8.94,22.97
13271,GA,Telfair,16.32,9.65,25.74
13273,GA,Terrell,17.35,9.76,28.29
13275,GA,Thomas,20.61,10.4,35.74
13277,GA,Tift,14.31,6.94,26.58
13279,GA,Toombs,15,7.19,27.87
13281,GA,Towns,19.02,10.56,31.24
13283,GA,Treutlen,13.86,6.54,26.44
13285,GA,Troup,20.96,11.41,34.55
13287,GA,Turner,16.95,9.94,26.19
13289,GA,Twiggs,17.31,8.36,31.44
13291,GA,Union,17.44,10.07,27.93
13293,GA,Upson,14.8,7.52,26.7
13295,GA,Walker,15.89,8.21,27.66
13297,GA,Walton,17.62,9.65,30.34
13299,GA,Ware,15.81,7.84,28.74
13301,GA,Warren,20.1,11.67,31.93
13303,GA,Washington,18.03,8.79,32.6
13305,GA,Wayne,16.63,8.34,30.91
13307,GA,Webster,14.05,7.41,25.02
13309,GA,Wheeler,15.42,9.2,24.35
13311,GA,White,14.7,7.05,27.72
13313,GA,Whitfield,6.87,3.37,13.67
13315,GA,Wilcox,14.56,7.09,26.68
13317,GA,Wilkes,16.92,9.77,27.04
13319,GA,Wilkinson,15.94,7.77,29.89
13321,GA,Worth,21.03,10.9,36.51
15001,HI,Hawaii,9.32,4.52,18.3
15003,HI,Honolulu,8.69,5.06,14.29
15005,HI,Kalawao,0,0,0
15007,HI,Kauai,8.87,4.14,18.07
15009,HI,Maui,10.05,4.88,19.07
16001,ID,Ada,13.62,7.93,21.94
16003,ID,Adams,12.67,5.85,24.22
16005,ID,Bannock,11.26,5.53,21.29
16007,ID,Bear Lake,11.35,5.16,22.96
16009,ID,Benewah,12.71,5.82,24.4
16011,ID,Bingham,8.6,4.08,16.7
16013,ID,Blaine,10.56,4.81,21.1
16015,ID,Boise,11.97,5.52,24.23
16017,ID,Bonner,12.22,5.62,23.73
16019,ID,Bonneville,9.21,4.44,17.62
16021,ID,Boundary,12.08,5.44,23.67
16023,ID,Butte,11.18,5.13,22.65
16025,ID,Camas,9.06,4.64,17.03
16027,ID,Canyon,8.61,4.47,15.74
16029,ID,Caribou,9.49,4.21,19.69
16031,ID,Cassia,7.17,3.27,14.87
16033,ID,Clark,3.09,1.53,6.04
16035,ID,Clearwater,15.25,6.87,29.71
16037,ID,Custer,7.81,3.45,16.69
16039,ID,Elmore,10.01,4.44,19.84
16041,ID,Franklin,10.25,4.68,20.47
16043,ID,Fremont,8.8,4.02,17.9
16045,ID,Gem,11.88,5.37,23.4
16047,ID,Gooding,7.12,3.19,14.81
16049,ID,Idaho,11.42,5.17,23.54
16051,ID,Jefferson,8.55,3.86,17.77
16053,ID,Jerome,5.45,2.37,11.75
16055,ID,Kootenai,11.13,5.35,20.97
16057,ID,Latah,10.8,4.82,21.43
16059,ID,Lemhi,12.49,5.66,25.01
16061,ID,Lewis,12.33,5.82,24.24
16063,ID,Lincoln,5.96,2.66,13.02
16065,ID,Madison,9.34,4.08,19.03
16067,ID,Minidoka,6.52,2.89,13.48
16069,ID,Nez Perce,12.84,5.98,25.17
16071,ID,Oneida,10.29,4.7,21.28
16073,ID,Owyhee,6.73,2.98,14.54
16075,ID,Payette,9.59,4.37,19.01
16077,ID,Power,6.32,2.82,13.69
16079,ID,Shoshone,13.1,6.06,25.92
16081,ID,Teton,8.22,3.64,17.08
16083,ID,Twin Falls,10.34,5.11,19.37
16085,ID,Valley,14.05,6.24,28.23
16087,ID,Washington,10.09,4.59,20.77
17001,IL,Adams,14.68,7.05,27.47
17003,IL,Alexander,17.78,10.87,27.53
17005,IL,Bond,13.6,6.18,26.87
17007,IL,Boone,12.83,6.47,23.74
17009,IL,Brown,11.2,6.16,19
17011,IL,Bureau,12.95,6.21,24.55
17013,IL,Calhoun,12.18,7.09,19.77
17015,IL,Carroll,11.94,5.51,23.3
17017,IL,Cass,7.75,3.5,15.85
17019,IL,Champaign,24.11,14.48,36.8
17021,IL,Christian,13.01,6.29,24.38
17023,IL,Clark,12.97,6.06,25.4
17025,IL,Clay,13.36,6.16,25.59
17027,IL,Clinton,11.41,5.46,22.27
17029,IL,Coles,13.7,6.5,26.67
17031,IL,Cook,9.78,6.96,13.56
17033,IL,Crawford,12.25,5.67,23.68
17035,IL,Cumberland,10.4,5.75,18.18
17037,IL,De Kalb,9.93,4.86,19.48
17039,IL,De Witt,10.81,5.2,20.92
17041,IL,Douglas,11.8,5.55,23.83
17043,IL,Du Page,11.13,6.8,17.51
17045,IL,Edgar,12.44,5.87,23.66
17047,IL,Edwards,11.01,5.06,21.87
17049,IL,Effingham,12.6,5.92,25.14
17051,IL,Fayette,11.8,5.55,22.6
17053,IL,Ford,14.04,6.4,27.04
17055,IL,Franklin,13.15,6.23,24.98
17057,IL,Fulton,13.06,6.12,25.62
17059,IL,Gallatin,12.86,6.14,25
17061,IL,Greene,13.38,7.94,21.69
17063,IL,Grundy,11.45,5.41,22.27
17065,IL,Hamilton,12.04,7.15,19.72
17067,IL,Hancock,11.94,7.25,18.73
17069,IL,Hardin,14.65,8.45,24.2
17071,IL,Henderson,12.26,5.75,24.24
17073,IL,Henry,10.5,4.98,20.15
17075,IL,Iroquois,12.93,7.24,21.42
17077,IL,Jackson,13.82,6.58,25.81
17079,IL,Jasper,10.41,4.77,21.28
17081,IL,Jefferson,13.37,6.41,25.73
17083,IL,Jersey,11.75,5.43,23.55
17085,IL,Jo Daviess,11.32,5.34,22.57
17087,IL,Johnson,11.9,7.12,19.18
17089,IL,Kane,17.23,11.43,25.32
17091,IL,Kankakee,12.23,6.15,22.29
17093,IL,Kendall,8.25,4.05,15.86
17095,IL,Knox,14.26,6.87,27.04
17097,IL,Lake,8.74,5.06,14.23
17099,IL,La Salle,25.44,14.65,40.34
17101,IL,Lawrence,12.93,6.2,24.82
17103,IL,Lee,13.5,6.23,25.58
17105,IL,Livingston,16.65,8.29,30.03
17107,IL,Logan,11.95,7.39,18.48
17109,IL,McDonough,12.44,5.87,24.56
17111,IL,McHenry,10.75,6.08,18.14
17113,IL,McLean,12.56,6.73,22.13
17115,IL,Macon,18.4,9.5,31.82
17117,IL,Macoupin,18.34,9.47,32.25
17119,IL,Madison,10.42,5.52,18.91
17121,IL,Marion,13.49,6.57,25.75
17123,IL,Marshall,10.5,4.82,20.74
17125,IL,Mason,13.87,6.48,26.58
17127,IL,Massac,13.3,6.24,25.35
17129,IL,Menard,12.87,5.97,24.9
17131,IL,Mercer,11.78,5.32,23
17133,IL,Monroe,9.89,4.58,19.71
17135,IL,Montgomery,14.09,6.62,26.47
17137,IL,Morgan,12.45,5.98,23.22
17139,IL,Moultrie,11.39,5.29,22.55
17141,IL,Ogle,12.47,5.82,24.16
17143,IL,Peoria,18.22,9.61,30.63
17145,IL,Perry,14.42,6.9,27.58
17147,IL,Piatt,12.28,5.6,23.91
17149,IL,Pike,13.31,8.33,20.32
17151,IL,Pope,14.45,7.08,27.27
17153,IL,Pulaski,14.8,6.99,27.94
17155,IL,Putnam,12.62,6.08,24.06
17157,IL,Randolph,15.16,7.67,28.3
17159,IL,Richland,13.83,6.7,25.79
17161,IL,Rock Island,9.72,4.92,17.82
17163,IL,St Clair,14.95,7.95,26.55
17165,IL,Saline,13.87,6.65,26.05
17167,IL,Sangamon,20.83,11.23,35.12
17169,IL,Schuyler,13.74,6.47,26.45
17171,IL,Scott,11.2,5.21,21.79
17173,IL,Shelby,12.12,5.62,23.42
17175,IL,Stark,12.48,7.06,20.87
17177,IL,Stephenson,14.82,7.33,27.21
17179,IL,Tazewell,11.71,5.99,20.7
17181,IL,Union,13.38,6.3,26.39
17183,IL,Vermilion,14.39,7.02,27.53
17185,IL,Wabash,11.67,5.35,23.26
17187,IL,Warren,11.03,5.14,21.44
17189,IL,Washington,11.64,5.37,23.78
17191,IL,Wayne,11.97,7.27,18.96
17193,IL,White,12.1,5.71,23.27
17195,IL,Whiteside,14.19,6.81,26.35
17197,IL,Will,9.87,5.85,15.97
17199,IL,Williamson,12.95,6.25,24.09
17201,IL,Winnebago,19.33,11.81,29.41
17203,IL,Woodford,10.94,5.06,21.49
18001,IN,Adams,9.13,4.53,17.53
18003,IN,Allen,12.66,7.32,20.15
18005,IN,Bartholomew,11.3,5.75,20.49
18007,IN,Benton,10.15,4.57,20.13
18009,IN,Blackford,15.61,7.63,28.84
18011,IN,Boone,12.53,5.98,23.72
18013,IN,Brown,12.69,7.38,20.92
18015,IN,Carroll,10.23,4.86,20.51
18017,IN,Cass,10.74,5.18,20.59
18019,IN,Clark,11.21,5.63,20.48
18021,IN,Clay,12.7,5.97,23.8
18023,IN,Clinton,9.29,4.22,18.57
18025,IN,Crawford,12.32,5.86,24.12
18027,IN,Daviess,11.18,5.45,21
18029,IN,Dearborn,14.46,7.29,26.15
18031,IN,Decatur,14.83,7.26,27.8
18033,IN,De Kalb,13.47,6.71,25.02
18035,IN,Delaware,15.48,7.56,28.75
18037,IN,Dubois,10.58,4.99,20.76
18039,IN,Elkhart,10,4.98,18.45
18041,IN,Fayette,16.55,8.03,31.05
18043,IN,Floyd,11.78,5.74,21.95
18045,IN,Fountain,11.7,5.52,23.68
18047,IN,Franklin,13.88,6.75,26.2
18049,IN,Fulton,12.89,6.1,25.22
18051,IN,Gibson,12,5.76,22.84
18053,IN,Grant,14.94,7.13,28.07
18055,IN,Greene,14.41,7.06,26.58
18057,IN,Hamilton,15.18,8.87,24.54
18059,IN,Hancock,11.47,5.4,22.74
18061,IN,Harrison,13.18,6.17,25.36
18063,IN,Hendricks,11.23,5.76,20.5
18065,IN,Henry,12.89,6.43,23.81
18067,IN,Howard,16.31,8.29,29.1
18069,IN,Huntington,12.22,5.76,23.86
18071,IN,Jackson,11.45,5.51,22.33
18073,IN,Jasper,11.63,5.48,22.7
18075,IN,Jay,12.05,5.83,23.03
18077,IN,Jefferson,12.78,6.17,24.32
18079,IN,Jennings,13.29,6.3,25.39
18081,IN,Johnson,13.54,7.09,23.59
18083,IN,Knox,15.98,7.88,29.7
18085,IN,Kosciusko,9.82,4.93,18.87
18087,IN,La Grange,7.95,3.65,16.18
18089,IN,Lake,8.73,4.82,15.17
18091,IN,La Porte,16.62,8.96,28.87
18093,IN,Lawrence,13.19,6.27,24.74
18095,IN,Madison,15.93,8.53,27.63
18097,IN,Marion,14.18,9.16,20.91
18099,IN,Marshall,10.78,5.18,20.93
18101,IN,Martin,12.64,5.89,24.86
18103,IN,Miami,13.21,6.36,24.78
18105,IN,Monroe,12.86,6.38,23.71
18107,IN,Montgomery,13.4,6.5,26.03
18109,IN,Morgan,13.7,6.67,25.21
18111,IN,Newton,11.77,5.49,22.71
18113,IN,Noble,10.5,4.89,20.66
18115,IN,Ohio,11.32,6.04,20.04
18117,IN,Orange,14.86,8.5,24.68
18119,IN,Owen,12.27,5.62,24.06
18121,IN,Parke,11.62,5.23,23.07
18123,IN,Perry,14.22,6.53,27.13
18125,IN,Pike,12.7,6.01,24.74
18127,IN,Porter,10.5,5.21,19.41
18129,IN,Posey,12.04,5.64,23.48
18131,IN,Pulaski,13,6.16,24.79
18133,IN,Putnam,12.21,5.87,23.07
18135,IN,Randolph,12.57,5.95,23.57
18137,IN,Ripley,12.23,5.76,23.75
18139,IN,Rush,13.48,6.42,25.57
18141,IN,St Joseph,23.2,14.47,35.52
18143,IN,Scott,13.51,6.41,25.73
18145,IN,Shelby,12.26,5.9,23.67
18147,IN,Spencer,11.43,5.22,22.7
18149,IN,Starke,12.35,5.85,24.2
18151,IN,Steuben,13.19,6.44,25.35
18153,IN,Sullivan,14.02,6.56,26.79
18155,IN,Switzerland,15.79,7.83,29.35
18157,IN,Tippecanoe,12.24,6.5,21.34
18159,IN,Tipton,12.42,5.9,24.07
18161,IN,Union,13.07,6.07,25.44
18163,IN,Vanderburgh,21.22,11.93,33.91
18165,IN,Vermillion,14.44,6.93,27.73
18167,IN,Vigo,18.1,9.78,31.14
18169,IN,Wabash,17.08,8.49,30.39
18171,IN,Warren,10.85,5.13,21.41
18173,IN,Warrick,14.49,7.23,27.48
18175,IN,Washington,13.8,6.84,25.34
18177,IN,Wayne,15.88,8.1,28.34
18179,IN,Wells,12.07,5.57,23.34
18181,IN,White,10.55,4.92,20.1
18183,IN,Whitley,11.63,5.56,22.02
19001,IA,Adair,13.88,6.54,26.74
19003,IA,Adams,11.6,5.35,23.05
19005,IA,Allamakee,11.38,5.25,22.38
19007,IA,Appanoose,14.11,6.49,27.28
19009,IA,Audubon,14.67,8.64,24.06
19011,IA,Benton,11.88,5.52,23.12
19013,IA,Black Hawk,13.32,6.79,24.43
19015,IA,Boone,12.48,5.85,24.37
19017,IA,Bremer,11.34,5.24,22.25
19019,IA,Buchanan,11.29,5.36,22.07
19021,IA,Buena Vista,7.23,3.19,15.85
19023,IA,Butler,11.66,5.34,22.72
19025,IA,Calhoun,14.26,6.82,27.72
19027,IA,Carroll,16.88,8.35,30.84
19029,IA,Cass,14.87,7.01,27.86
19031,IA,Cedar,11.36,5.26,22.54
19033,IA,Cerro Gordo,15.04,7.28,28.74
19035,IA,Cherokee,14.42,6.83,28.1
19037,IA,Chickasaw,13.21,6.22,25.12
19039,IA,Clarke,10.37,4.92,20.94
19041,IA,Clay,12.79,5.95,24.71
19043,IA,Clayton,12.82,5.89,25.1
19045,IA,Clinton,16.1,7.92,29.05
19047,IA,Crawford,6.94,2.99,15.07
19049,IA,Dallas,8.57,4.24,17.14
19051,IA,Davis,10.66,5.13,21.28
19053,IA,Decatur,12.64,5.99,25.18
19055,IA,Delaware,13.45,6.25,25.69
19057,IA,Des Moines,16.31,8.1,30.11
19059,IA,Dickinson,14.92,7.19,28.61
19061,IA,Dubuque,12.89,6.65,24.12
19063,IA,Emmet,12.5,5.91,24.21
19065,IA,Fayette,13.62,6.33,26.65
19067,IA,Floyd,12.06,5.62,23.43
19069,IA,Franklin,12.64,5.93,24.33
19071,IA,Fremont,12.15,5.61,23.64
19073,IA,Greene,17.68,8.89,31.18
19075,IA,Grundy,10.69,4.85,21.37
19077,IA,Guthrie,12.33,5.77,24.2
19079,IA,Hamilton,10.32,4.81,20.93
19081,IA,Hancock,11.61,5.54,22.7
19083,IA,Hardin,13.08,6.13,25.63
19085,IA,Harrison,13.78,6.47,26.1
19087,IA,Henry,14.67,6.92,27.89
19089,IA,Howard,13.5,6.23,26.09
19091,IA,Humboldt,13.08,6.32,25.04
19093,IA,Ida,11.6,5.33,22.53
19095,IA,Iowa,12.57,5.74,23.83
19097,IA,Jackson,15.34,7.49,28.36
19099,IA,Jasper,12.75,6.14,25.04
19101,IA,Jefferson,14.35,6.7,27.88
19103,IA,Johnson,14.2,7.06,25.81
19105,IA,Jones,13.92,6.57,26.61
19107,IA,Keokuk,11.56,5.35,22.78
19109,IA,Kossuth,12.92,6.05,25.53
19111,IA,Lee,14.53,6.99,26.7
19113,IA,Linn,12.89,7,22.75
19115,IA,Louisa,8.1,3.71,16.5
19117,IA,Lucas,13.95,6.37,27.02
19119,IA,Lyon,10.72,5.07,21.56
19121,IA,Madison,12.03,5.59,23.58
19123,IA,Mahaska,13.26,6.26,24.85
19125,IA,Marion,12.63,5.87,24.45
19127,IA,Marshall,8.94,4.16,18.03
19129,IA,Mills,14.35,6.6,26.77
19131,IA,Mitchell,11.55,5.3,22.98
19133,IA,Monona,15.19,7.2,29.54
19135,IA,Monroe,13.73,6.3,26.59
19137,IA,Montgomery,15.62,7.46,29.69
19139,IA,Muscatine,10.11,4.65,20.61
19141,IA,O Brien,12.57,6.08,24.66
19143,IA,Osceola,11.95,5.6,23.42
19145,IA,Page,14.12,6.62,26.65
19147,IA,Palo Alto,10.48,4.73,21.33
19149,IA,Plymouth,11.5,5.49,22.2
19151,IA,Pocahontas,12.08,5.62,24.13
19153,IA,Polk,12.98,7.49,21.16
19155,IA,Pottawattamie,12.26,6.23,22.26
19157,IA,Poweshiek,13.83,6.41,26.47
19159,IA,Ringgold,14.12,6.46,27.23
19161,IA,Sac,13.5,6.32,25.86
19163,IA,Scott,13.06,6.78,23.28
19165,IA,Shelby,12.1,5.7,24.23
19167,IA,Sioux,9.9,4.57,19.51
19169,IA,Story,10.1,4.92,19.24
19171,IA,Tama,12.67,5.86,24.47
19173,IA,Taylor,11.71,5.53,22.71
19175,IA,Union,15.85,7.41,30
19177,IA,Van Buren,13.67,6.5,26.86
19179,IA,Wapello,11.29,5.3,21.61
19181,IA,Warren,12.05,5.66,23.04
19183,IA,Washington,12.82,5.98,24.06
19185,IA,Wayne,13.29,6.33,25.89
19187,IA,Webster,14.58,7.12,27.06
19189,IA,Winnebago,11.45,5.41,22.78
19191,IA,Winneshiek,12.96,5.86,25.73
19193,IA,Woodbury,11.39,5.53,21.46
19195,IA,Worth,13.9,6.5,26.83
19197,IA,Wright,12.63,6.04,24.64
20001,KS,Allen,14.33,6.79,27.33
20003,KS,Anderson,12.46,5.75,24.22
20005,KS,Atchison,19.25,9.5,35
20007,KS,Barber,12.81,5.94,24.6
20009,KS,Barton,12.69,5.98,24.02
20011,KS,Bourbon,13.53,6.43,26.3
20013,KS,Brown,15.99,7.48,29.63
20015,KS,Butler,13.79,6.72,25.81
20017,KS,Chase,10.52,5.91,17.98
20019,KS,Chautauqua,14.5,6.99,28.04
20021,KS,Cherokee,12.05,5.62,23.48
20023,KS,Cheyenne,11.93,5.54,23.16
20025,KS,Clark,16.24,9.09,26.16
20027,KS,Clay,14.06,6.46,27.39
20029,KS,Cloud,13.43,6.11,26.25
20031,KS,Coffey,14.58,6.69,28.02
20033,KS,Comanche,13.65,6.26,26.38
20035,KS,Cowley,12.4,5.96,24.03
20037,KS,Crawford,12.87,5.98,24.96
20039,KS,Decatur,12.54,5.91,24.07
20041,KS,Dickinson,11.83,5.5,23.3
20043,KS,Doniphan,13.47,6.26,25.9
20045,KS,Douglas,11.96,5.92,23.1
20047,KS,Edwards,8.67,3.89,17.69
20049,KS,Elk,12.49,5.73,24.25
20051,KS,Ellis,12.74,5.92,24.77
20053,KS,Ellsworth,15.48,7.48,29.64
20055,KS,Finney,6.6,2.84,14.87
20057,KS,Ford,6.73,2.86,15
20059,KS,Franklin,13.74,6.41,25.59
20061,KS,Geary,10.66,5.05,20.97
20063,KS,Gove,13.58,6.22,27.11
20065,KS,Graham,11.83,6.67,19.24
20067,KS,Grant,6.4,2.73,14.43
20069,KS,Gray,10.03,4.56,20.03
20071,KS,Greeley,10.49,5.68,18.2
20073,KS,Greenwood,14.13,6.67,27.34
20075,KS,Hamilton,4.73,2.43,9.03
20077,KS,Harper,13.44,6.1,26.65
20079,KS,Harvey,10.59,5.06,21.14
20081,KS,Haskell,6.89,3.83,11.7
20083,KS,Hodgeman,12.5,6.89,21.2
20085,KS,Jackson,14.39,6.8,26.98
20087,KS,Jefferson,13.75,6.5,25.95
20089,KS,Jewell,10.71,4.76,21.31
20091,KS,Johnson,13.06,7.96,20.29
20093,KS,Kearny,8.42,4.67,14.5
20095,KS,Kingman,11.53,5.39,22.39
20097,KS,Kiowa,10.09,4.69,20.07
20099,KS,Labette,16.39,7.94,30.15
20101,KS,Lane,11.56,5.8,21.48
20103,KS,Leavenworth,16.01,8.4,28.42
20105,KS,Lincoln,12.34,5.65,24.25
20107,KS,Linn,13.09,6.22,25.3
20109,KS,Logan,12.69,5.7,24.77
20111,KS,Lyon,11.32,5.34,21.91
20113,KS,McPherson,11.64,5.53,22.45
20115,KS,Marion,11.16,5.07,21.48
20117,KS,Marshall,12.78,5.92,24.8
20119,KS,Meade,9.26,4.13,19.13
20121,KS,Miami,11.62,5.67,22.15
20123,KS,Mitchell,13.05,5.94,25.67
20125,KS,Montgomery,14.67,7.11,27.15
20127,KS,Morris,13,6.1,25.26
20129,KS,Morton,12.2,6.44,21.37
20131,KS,Nemaha,13.02,6.08,25.69
20133,KS,Neosho,14.91,7.21,28.84
20135,KS,Ness,10.94,6.58,17.39
20137,KS,Norton,15.82,7.45,30.25
20139,KS,Osage,10.55,5.08,20.93
20141,KS,Osborne,13.63,6.41,26.59
20143,KS,Ottawa,12.97,5.99,24.86
20145,KS,Pawnee,15.99,7.49,30.06
20147,KS,Phillips,12.53,5.91,24.11
20149,KS,Pottawatomie,10.51,4.93,20.8
20151,KS,Pratt,14,6.6,26.36
20153,KS,Rawlins,8.47,4.99,13.86
20155,KS,Reno,12.25,5.93,23.64
20157,KS,Republic,12.82,5.82,25.45
20159,KS,Rice,11.17,5.19,21.81
20161,KS,Riley,11.32,5.19,22.31
20163,KS,Rooks,15.08,6.97,28.69
20165,KS,Rush,11.66,5.23,23.25
20167,KS,Russell,13.2,6.23,26.06
20169,KS,Saline,13.08,6.15,24.63
20171,KS,Scott,9.79,4.41,19.9
20173,KS,Sedgwick,14.14,8.49,22.19
20175,KS,Seward,5.99,2.34,13.84
20177,KS,Shawnee,15.63,8.68,26.43
20179,KS,Sheridan,12.37,6.85,21.26
20181,KS,Sherman,12.68,5.88,24.74
20183,KS,Smith,15.59,8.83,25.56
20185,KS,Stafford,10.45,4.69,21.24
20187,KS,Stanton,5.93,2.54,13.12
20189,KS,Stevens,6.07,2.52,13.24
20191,KS,Sumner,13.52,6.65,25.61
20193,KS,Thomas,11.69,5.43,23.22
20195,KS,Trego,14.55,6.89,27.87
20197,KS,Wabaunsee,11.39,5.38,22.92
20199,KS,Wallace,7.72,4.27,13.58
20201,KS,Washington,12.35,5.88,24.82
20203,KS,Wichita,7.01,3.75,12.89
20205,KS,Wilson,15.61,7.6,29.29
20207,KS,Woodson,11.74,5.44,23.27
20209,KS,Wyandotte,10.77,5.24,20.29
21001,KY,Adair,14.64,7.01,27.89
21003,KY,Allen,14.12,6.85,26.7
21005,KY,Anderson,14.35,6.68,27.86
21007,KY,Ballard,13.94,6.67,26.37
21009,KY,Barren,15.06,7.61,27.78
21011,KY,Bath,19.32,10.08,34.11
21013,KY,Bell,17.56,8.67,32.57
21015,KY,Boone,12.3,6.3,22.35
21017,KY,Bourbon,14.09,6.64,26.51
21019,KY,Boyd,18.46,8.74,33.89
21021,KY,Boyle,15.11,7.12,28.83
21023,KY,Bracken,15.07,7.18,28.65
21025,KY,Breathitt,21.14,10.5,36.69
21027,KY,Breckinridge,15.3,7.39,28.65
21029,KY,Bullitt,14.67,7.51,26.48
21031,KY,Butler,13.26,6.41,24.81
21033,KY,Caldwell,16.71,7.78,31.58
21035,KY,Calloway,15.1,7.31,28.22
21037,KY,Campbell,18.27,9.69,31.87
21039,KY,Carlisle,15.51,7.47,29.67
21041,KY,Carroll,14.46,8.76,23.24
21043,KY,Carter,16.09,7.85,29.43
21045,KY,Casey,13.24,6.25,25.48
21047,KY,Christian,13.44,6.62,25.06
21049,KY,Clark,16.71,8.33,30.46
21051,KY,Clay,17.2,8.64,31.57
21053,KY,Clinton,15.31,8.57,25.71
21055,KY,Crittenden,15.9,7.78,30.58
21057,KY,Cumberland,16.68,8.08,31.08
21059,KY,Daviess,16.99,9.01,28.77
21061,KY,Edmonson,14.98,7.08,28.46
21063,KY,Elliott,16.8,8.07,30.92
21065,KY,Estill,18.01,8.76,32.74
21067,KY,Fayette,17.23,9.91,28.21
21069,KY,Fleming,15.5,7.38,28.81
21071,KY,Floyd,17.29,8.36,32.09
21073,KY,Franklin,14.52,7.18,26.75
21075,KY,Fulton,19.23,9.76,33.73
21077,KY,Gallatin,15.09,7.38,28.84
21079,KY,Garrard,17.53,8.53,31.92
21081,KY,Grant,16.55,8.06,30.41
21083,KY,Graves,14.37,7.04,27
21085,KY,Grayson,16.35,8.01,30.14
21087,KY,Green,15.41,7.29,29.1
21089,KY,Greenup,19.6,9.95,34.76
21091,KY,Hancock,15.35,7.43,28.81
21093,KY,Hardin,17.24,9.41,30.6
21095,KY,Harlan,17.33,8.51,31.76
21097,KY,Harrison,15.8,7.57,29.36
21099,KY,Hart,14.96,7.02,28.25
21101,KY,Henderson,18.16,9.25,32.2
21103,KY,Henry,17.24,8.63,31.58
21105,KY,Hickman,15.09,7.23,27.94
21107,KY,Hopkins,16.92,8.35,30.68
21109,KY,Jackson,16.47,10.36,25.43
21111,KY,Jefferson,20.98,14.17,29.82
21113,KY,Jessamine,19.71,10,34.52
21115,KY,Johnson,15.72,7.46,29.5
21117,KY,Kenton,12.69,6.75,22.56
21119,KY,Knott,19.58,9.91,35.39
21121,KY,Knox,16.26,7.94,29.81
21123,KY,Larue,18.02,8.9,31.92
21125,KY,Laurel,19.15,9.92,33.3
21127,KY,Lawrence,16.47,7.93,30.95
21129,KY,Lee,19.13,9.28,34.45
21131,KY,Leslie,14.96,7.24,28.16
21133,KY,Letcher,19.17,9.73,34.25
21135,KY,Lewis,15.32,7.05,28.64
21137,KY,Lincoln,15.4,7.53,28.59
21139,KY,Livingston,14.92,7.07,28.71
21141,KY,Logan,15.24,7.46,28.8
21143,KY,Lyon,15.16,7.27,28.98
21145,KY,McCracken,16.69,8.33,30.32
21147,KY,McCreary,16.05,7.7,29.68
21149,KY,McLean,15.02,7.01,28.13
21151,KY,Madison,14.52,7.32,26.5
21153,KY,Magoffin,16.57,7.82,30.92
21155,KY,Marion,15.83,7.64,28.89
21157,KY,Marshall,15.1,7.12,28.09
21159,KY,Martin,17.51,8.47,31.95
21161,KY,Mason,17.3,8.27,31.54
21163,KY,Meade,11.96,5.78,22.96
21165,KY,Menifee,19.16,11.59,29.76
21167,KY,Mercer,14.85,7.29,27.96
21169,KY,Metcalfe,14.74,6.95,28.36
21171,KY,Monroe,15.47,7.36,29.19
21173,KY,Montgomery,16,7.73,29.72
21175,KY,Morgan,21.97,11.02,37.5
21177,KY,Muhlenberg,17.14,8.25,32.11
21179,KY,Nelson,14.3,6.96,27.3
21181,KY,Nicholas,15.9,7.72,29.05
21183,KY,Ohio,15.53,7.61,28.62
21185,KY,Oldham,15.07,7.66,26.6
21187,KY,Owen,16.52,9.93,26.1
21189,KY,Owsley,15.79,8.94,25.98
21191,KY,Pendleton,16.29,7.95,30.24
21193,KY,Perry,19.42,9.43,35.48
21195,KY,Pike,19.5,9.59,34.96
21197,KY,Powell,15.46,7.3,28.59
21199,KY,Pulaski,19.73,9.64,34.54
21201,KY,Robertson,14.57,6.83,27.48
21203,KY,Rockcastle,16.05,7.91,30.03
21205,KY,Rowan,15.99,7.74,29.87
21207,KY,Russell,15.88,7.7,29.55
21209,KY,Scott,13.65,6.7,25.45
21211,KY,Shelby,12.24,5.98,23.41
21213,KY,Simpson,13.49,6.54,25.51
21215,KY,Spencer,14.22,6.8,27.55
21217,KY,Taylor,18.72,9.29,33.91
21219,KY,Todd,13.14,6.39,25.22
21221,KY,Trigg,15.17,7.52,27.98
21223,KY,Trimble,16.95,8.37,31.6
21225,KY,Union,18.63,9.32,33.48
21227,KY,Warren,13.74,7.06,24.88
21229,KY,Washington,15.51,7.33,28.9
21231,KY,Wayne,16.48,7.86,31.14
21233,KY,Webster,15.86,7.71,29.06
21235,KY,Whitley,15.9,7.9,29.18
21237,KY,Wolfe,15.9,7.48,29.76
21239,KY,Woodford,13.88,6.74,25.7
22001,LA,Acadia,16.49,8.13,29.92
22003,LA,Allen,19,9.63,33.55
22005,LA,Ascension,17.46,9.58,28.91
22007,LA,Assumption,22.48,11.3,38.07
22009,LA,Avoyelles,17.65,8.86,31.12
22011,LA,Beauregard,21.61,11.29,36.5
22013,LA,Bienville,20.42,10.18,36.26
22015,LA,Bossier,13.72,7.59,22.89
22017,LA,Caddo,23.09,13.78,35.89
22019,LA,Calcasieu,21.55,12.6,33.92
22021,LA,Caldwell,19.53,9.67,34.38
22023,LA,Cameron,14.79,7.1,28.37
22025,LA,Catahoula,17.98,8.66,32.01
22027,LA,Claiborne,22.53,11.33,39.64
22029,LA,Concordia,19.74,9.93,34.87
22031,LA,De Soto,20.94,10.93,35.67
22033,LA,East Baton Rouge,17.11,9.99,27.77
22035,LA,East Carroll,26.35,13.53,45.23
22037,LA,East Feliciana,20.96,10.33,37.58
22039,LA,Evangeline,20.57,10.31,35.67
22041,LA,Franklin,21.03,10.64,37.12
22043,LA,Grant,17.11,8.25,31.42
22045,LA,Iberia,27.16,15.84,42.93
22047,LA,Iberville,21.7,11.25,37.88
22049,LA,Jackson,20.33,12.09,31.62
22051,LA,Jefferson,14.72,9.15,22.79
22053,LA,Jefferson Davis,17.01,8.64,30.38
22055,LA,Lafayette,18.15,10.78,28.28
22057,LA,Lafourche,17.32,9.27,29.98
22059,LA,La Salle,21.11,10.37,37.52
22061,LA,Lincoln,27.13,15.39,42.51
22063,LA,Livingston,23.86,13.77,38.09
22065,LA,Madison,24.59,12.98,42.55
22067,LA,Morehouse,21.08,10.9,36.68
22069,LA,Natchitoches,19.73,10.09,34.97
22071,LA,Orleans,23.41,14.37,35.32
22073,LA,Ouachita,17.05,9.58,28.13
22075,LA,Plaquemines,16.73,7.95,30.18
22077,LA,Pointe Coupee,19.94,9.83,34.94
22079,LA,Rapides,25.45,14.71,40.47
22081,LA,Red River,19.88,9.93,35.67
22083,LA,Richland,22.26,11.32,39.38
22085,LA,Sabine,16.33,8.03,30.57
22087,LA,St Bernard,16.11,8.06,29.71
22089,LA,St Charles,19.93,10.68,33.21
22091,LA,St Helena,23.42,11.86,40.57
22093,LA,St James,20.59,10.32,36.69
22095,LA,St John the Baptist,20.32,10.21,35.56
22097,LA,St Landry,23.47,12.34,39.13
22099,LA,St Martin,18.64,10.24,31.08
22101,LA,St Mary,18.99,9.86,32.98
22103,LA,St Tammany,18.3,10.76,28.84
22105,LA,Tangipahoa,23.56,13.24,37.51
22107,LA,Tensas,21.45,13.81,31.67
22109,LA,Terrebonne,16.99,8.86,29.24
22111,LA,Union,17.83,8.64,31.88
22113,LA,Vermilion,19.39,10.09,33.37
22115,LA,Vernon,19.04,9.86,32.83
22117,LA,Washington,21.46,11.08,37.11
22119,LA,Webster,19.74,10.25,33.74
22121,LA,West Baton Rouge,18.44,9.19,32.92
22123,LA,West Carroll,18.76,10.08,31.74
22125,LA,West Feliciana,22.81,11.64,39.48
22127,LA,Winn,20.96,10.57,37.04
23001,ME,Androscoggin,14.95,7.6,26.74
23003,ME,Aroostook,16.95,8.42,30.64
23005,ME,Cumberland,15.41,8.29,26.65
23007,ME,Franklin,17.12,8.09,31.58
23009,ME,Hancock,16.82,8.04,30.95
23011,ME,Kennebec,19.38,10.02,33.81
23013,ME,Knox,15.93,7.79,29.68
23015,ME,Lincoln,17.76,9,32.36
23017,ME,Oxford,17.67,9.03,31.15
23019,ME,Penobscot,16.8,8.65,30.11
23021,ME,Piscataquis,20.22,9.85,35.69
23023,ME,Sagadahoc,15.05,7.33,28.04
23025,ME,Somerset,17.97,9.04,31.75
23027,ME,Waldo,15.83,7.6,29.36
23029,ME,Washington,16.62,8.31,30.36
23031,ME,York,14.82,7.81,26.39
24001,MD,Allegany,14.63,7.24,26.59
24003,MD,Anne Arundel,18.78,12.46,27.42
24005,MD,Baltimore,15.93,9.96,24.58
24009,MD,Calvert,13.48,6.89,24.64
24011,MD,Caroline,14.83,7.27,27.59
24013,MD,Carroll,12.55,6.67,22.53
24015,MD,Cecil,18.48,9.68,31.66
24017,MD,Charles,9.57,4.96,17.27
24019,MD,Dorchester,20.01,10.26,34.53
24021,MD,Frederick,15.35,8.91,24.99
24023,MD,Garrett,15.75,7.63,29.42
24025,MD,Harford,15.82,9.02,26.09
24027,MD,Howard,13.46,7.57,22.38
24029,MD,Kent,17,8.25,31.65
24031,MD,Montgomery,11.4,7.3,17.29
24033,MD,Prince Georges,10.16,6.09,16.35
24035,MD,Queen Annes,14.11,7.15,26.34
24037,MD,St Marys,13.01,6.91,23.66
24039,MD,Somerset,15.78,7.74,28.2
24041,MD,Talbot,14.8,7.05,27.86
24043,MD,Washington,15.58,8.59,26.98
24045,MD,Wicomico,14.67,7.73,25.95
24047,MD,Worcester,17.73,8.93,32.55
24510,MD,Baltimore City,21.03,13.15,31.57
25001,MA,Barnstable,13.27,6.51,24.66
25003,MA,Berkshire,12.84,6.28,23.76
25005,MA,Bristol,13.87,8.44,22.15
25007,MA,Dukes,13.95,6.53,27.57
25009,MA,Essex,16.52,10.31,25.47
25011,MA,Franklin,17.26,9.01,31.17
25013,MA,Hampden,16.77,10.03,26.56
25015,MA,Hampshire,16.89,8.38,31.28
25017,MA,Middlesex,11.43,7.23,17.57
25019,MA,Nantucket,12.57,5.7,24.75
25021,MA,Norfolk,10.75,5.95,18.45
25023,MA,Plymouth,16.7,10.12,26.21
25025,MA,Suffolk,11.53,5.68,21.74
25027,MA,Worcester,12.75,8.01,19.56
26001,MI,Alcona,15.85,7.45,30.53
26003,MI,Alger,16.17,7.84,31.31
26005,MI,Allegan,10.32,5.09,19.52
26007,MI,Alpena,15.76,7.35,29.67
26009,MI,Antrim,14.88,7.11,28.31
26011,MI,Arenac,15.37,7.24,28.86
26013,MI,Baraga,17.36,8.05,32.24
26015,MI,Barry,14.5,7.04,26.89
26017,MI,Bay,14.48,7.02,26.52
26019,MI,Benzie,13.77,6.34,26.67
26021,MI,Berrien,14.32,7.44,26.14
26023,MI,Branch,17.68,9.18,31.49
26025,MI,Calhoun,15.68,8.6,26.57
26027,MI,Cass,12.43,6.2,23.62
26029,MI,Charlevoix,14.3,6.71,27.53
26031,MI,Cheboygan,15.52,9.33,24.98
26033,MI,Chippewa,14.83,6.86,28.4
26035,MI,Clare,14.49,6.85,27.81
26037,MI,Clinton,11.14,5.02,21.97
26039,MI,Crawford,18.59,8.71,34.64
26041,MI,Delta,15.91,7.58,30.11
26043,MI,Dickinson,15.58,7.37,28.76
26045,MI,Eaton,12.58,5.88,24.4
26047,MI,Emmet,15.24,7.16,29.31
26049,MI,Genesee,13.73,7.7,22.61
26051,MI,Gladwin,14.14,7.07,25.73
26053,MI,Gogebic,16.95,8.06,31.52
26055,MI,Grand Traverse,17.71,9.11,31.45
26057,MI,Gratiot,11.61,5.8,21.8
26059,MI,Hillsdale,12.51,5.88,23.4
26061,MI,Houghton,14,6.63,26.8
26063,MI,Huron,14.63,6.78,27.52
26065,MI,Ingham,14.12,7.68,24.1
26067,MI,Ionia,12.64,6.23,23.64
26069,MI,Iosco,15.18,7.11,28.67
26071,MI,Iron,15.84,7.53,29.94
26073,MI,Isabella,13.67,6.77,26.02
26075,MI,Jackson,28.99,18.36,41.77
26077,MI,Kalamazoo,15.02,8.22,25.32
26079,MI,Kalkaska,14.37,6.83,27.41
26081,MI,Kent,10.48,6.32,16.32
26083,MI,Keweenaw,13.08,7.1,22.61
26085,MI,Lake,13.61,8.37,21.04
26087,MI,Lapeer,12.86,6.4,23.67
26089,MI,Leelanau,12.86,5.97,25.21
26091,MI,Lenawee,18.23,9.69,31.92
26093,MI,Livingston,10.45,5.29,19.46
26095,MI,Luce,16.39,7.63,30.72
26097,MI,Mackinac,17.91,8.63,32.72
26099,MI,Macomb,10.36,6.57,16.39
26101,MI,Manistee,16.09,7.82,30.36
26103,MI,Marquette,14.33,6.65,27.14
26105,MI,Mason,14.71,6.96,28.04
26107,MI,Mecosta,14.82,7.02,27.95
26109,MI,Menominee,14.05,6.92,26.59
26111,MI,Midland,17.54,9.32,30.28
26113,MI,Missaukee,12.92,6.14,25.27
26115,MI,Monroe,11.8,5.78,21.96
26117,MI,Montcalm,12.46,6.03,23.02
26119,MI,Montmorency,18.59,9.02,33.93
26121,MI,Muskegon,21.75,12.56,34.11
26123,MI,Newaygo,11.97,5.81,22.84
26125,MI,Oakland,12.99,8.13,19.79
26127,MI,Oceana,11.72,5.35,23.14
26129,MI,Ogemaw,16.15,9.9,24.93
26131,MI,Ontonagon,13.18,7.54,21.76
26133,MI,Osceola,14.63,7.14,27.92
26135,MI,Oscoda,15.15,9.51,23.37
26137,MI,Otsego,14.89,7.15,28.55
26139,MI,Ottawa,12.15,6.65,20.74
26141,MI,Presque Isle,12.76,5.84,24.8
26143,MI,Roscommon,16.23,7.64,30.98
26145,MI,Saginaw,17.93,10.11,29.51
26147,MI,St Clair,18.08,9.69,31.05
26149,MI,St Joseph,12.46,6.07,23.07
26151,MI,Sanilac,12.14,6.02,23.02
26153,MI,Schoolcraft,17.8,8.33,33.81
26155,MI,Shiawassee,14.67,7.25,26.91
26157,MI,Tuscola,13.14,6.15,25.72
26159,MI,Van Buren,12.48,6.21,23.74
26161,MI,Washtenaw,13.53,7.31,23.42
26163,MI,Wayne,20.43,14.49,27.63
26165,MI,Wexford,15.48,7.21,29.56
27001,MN,Aitkin,15.82,7.37,30.45
27003,MN,Anoka,12.7,7.15,21.38
27005,MN,Becker,12.74,6,24.71
27007,MN,Beltrami,16.68,7.78,31.41
27009,MN,Benton,13.54,6.81,25.11
27011,MN,Big Stone,14.57,6.68,28.22
27013,MN,Blue Earth,12.87,5.94,25.21
27015,MN,Brown,16.15,7.44,30.26
27017,MN,Carlton,15.39,7.54,29.35
27019,MN,Carver,9.89,4.89,18.85
27021,MN,Cass,14.95,7.04,28.63
27023,MN,Chippewa,13.14,6.1,25.63
27025,MN,Chisago,13.29,6.55,24.96
27027,MN,Clay,21,11.45,33.93
27029,MN,Clearwater,14.16,6.84,26.77
27031,MN,Cook,16.72,8.31,30.69
27033,MN,Cottonwood,12.23,5.66,24.02
27035,MN,Crow Wing,13.69,6.37,26.25
27037,MN,Dakota,9.15,5.07,15.86
27039,MN,Dodge,12.68,6.08,24.48
27041,MN,Douglas,14.06,6.59,26.33
27043,MN,Faribault,12.76,5.83,24.7
27045,MN,Fillmore,10.79,4.89,21.57
27047,MN,Freeborn,14.27,6.73,27.34
27049,MN,Goodhue,11.83,5.63,23.14
27051,MN,Grant,12.45,5.6,24.13
27053,MN,Hennepin,12.58,7.89,19.75
27055,MN,Houston,13.95,6.55,26.58
27057,MN,Hubbard,13.34,6.23,25.65
27059,MN,Isanti,13.95,6.45,26.7
27061,MN,Itasca,14.83,7.05,27.82
27063,MN,Jackson,10.79,5.14,21.7
27065,MN,Kanabec,15.2,7.07,29.58
27067,MN,Kandiyohi,12.49,5.82,24.69
27069,MN,Kittson,11.17,5.04,22.14
27071,MN,Koochiching,14.54,6.79,27.33
27073,MN,Lac qui Parle,14.51,6.73,28.03
27075,MN,Lake,13.89,6.27,27.01
27077,MN,Lake of the Woods,15.56,7.46,29.07
27079,MN,Le Sueur,10.55,5.12,20.61
27081,MN,Lincoln,12.07,5.67,23.8
27083,MN,Lyon,11.75,5.38,22.96
27085,MN,McLeod,12.45,6.04,23.88
27087,MN,Mahnomen,16.62,8.13,30.53
27089,MN,Marshall,10.65,4.86,20.61
27091,MN,Martin,13.87,6.52,26.59
27093,MN,Meeker,12.29,5.7,23.67
27095,MN,Mille Lacs,15.21,7.27,28.35
27097,MN,Morrison,13.28,6.29,25.65
27099,MN,Mower,10.43,5.02,20.15
27101,MN,Murray,11.61,5.44,22.7
27103,MN,Nicollet,13.25,6.11,25.39
27105,MN,Nobles,7.85,3.47,16.94
27107,MN,Norman,10.19,4.48,20.62
27109,MN,Olmsted,13.11,6.39,24.34
27111,MN,Otter Tail,12.63,5.81,24.14
27113,MN,Pennington,13.8,6.43,26.16
27115,MN,Pine,14.57,6.82,28.1
27117,MN,Pipestone,10.51,4.85,21.41
27119,MN,Polk,11.49,5.38,22.29
27121,MN,Pope,15.24,6.98,29.36
27123,MN,Ramsey,11.75,6.69,19.68
27125,MN,Red Lake,10.59,3.94,23.95
27127,MN,Redwood,12.79,6.29,24.82
27129,MN,Renville,12.03,5.76,23.79
27131,MN,Rice,11.33,5.4,22.18
27133,MN,Rock,13.26,6.22,25.8
27135,MN,Roseau,13.35,6.25,25.87
27137,MN,St Louis,12.04,5.94,22.77
27139,MN,Scott,10.16,5.27,18.73
27141,MN,Sherburne,12.95,6.56,23.08
27143,MN,Sibley,10.05,4.75,20.07
27145,MN,Stearns,10.56,5.13,20.01
27147,MN,Steele,12.02,5.78,22.12
27149,MN,Stevens,11.49,5.2,23.3
27151,MN,Swift,13.6,6.32,25.98
27153,MN,Todd,11.77,5.47,23.7
27155,MN,Traverse,12.44,5.75,24.72
27157,MN,Wabasha,13.36,6.24,26.34
27159,MN,Wadena,14.85,6.97,28.31
27161,MN,Waseca,10.65,5.04,20.66
27163,MN,Washington,12.42,6.94,21.16
27165,MN,Watonwan,9.2,3.98,19.16
27167,MN,Wilkin,11.67,5.44,22.95
27169,MN,Winona,11.83,5.76,22.08
27171,MN,Wright,12.61,6.82,21.69
27173,MN,Yellow Medicine,14.71,7.04,27.88
28001,MS,Adams,21.63,10.84,38.56
28003,MS,Alcorn,17.33,8.51,31.84
28005,MS,Amite,15.23,7.3,28.38
28007,MS,Attala,18,9.02,32.3
28009,MS,Benton,14.45,7,27.56
28011,MS,Bolivar,18.62,9.18,33.9
28013,MS,Calhoun,15.48,7.64,28.72
28015,MS,Carroll,15.88,7.66,29.46
28017,MS,Chickasaw,19.27,9.41,35.05
28019,MS,Choctaw,17.37,8.61,31.74
28021,MS,Claiborne,20.06,9.73,36.05
28023,MS,Clarke,18.64,9.29,33.78
28025,MS,Clay,20.52,10.52,36.03
28027,MS,Coahoma,19.24,9.44,35.19
28029,MS,Copiah,16.69,8.24,30.3
28031,MS,Covington,19.3,9.64,33.7
28033,MS,De Soto,20.21,12.2,31.4
28035,MS,Forrest,20.5,10.71,34.96
28037,MS,Franklin,18.77,9.18,33.75
28039,MS,George,17.42,8.3,32.38
28041,MS,Greene,15.32,7.24,29.06
28043,MS,Grenada,18.87,9.39,34.35
28045,MS,Hancock,19.29,10.14,33.4
28047,MS,Harrison,19.26,11.43,30.7
28049,MS,Hinds,17.66,10.08,29.03
28051,MS,Holmes,22.4,10.79,40.44
28053,MS,Humphreys,20.42,10.11,36.26
28055,MS,Issaquena,18.05,10.73,28.48
28057,MS,Itawamba,18.49,9.41,32.46
28059,MS,Jackson,19.13,10.65,31.77
28061,MS,Jasper,16.52,7.98,30.24
28063,MS,Jefferson,21.03,10.02,38.42
28065,MS,Jefferson Davis,18.88,9.4,33.57
28067,MS,Jones,16.47,8.4,29.2
28069,MS,Kemper,17.56,8.43,32.5
28071,MS,Lafayette,18.3,8.93,32.84
28073,MS,Lamar,19.82,9.94,34.36
28075,MS,Lauderdale,24.98,14.52,39.95
28077,MS,Lawrence,17.14,8.13,31.77
28079,MS,Leake,19.04,9.5,34.82
28081,MS,Lee,16.59,8.48,29.19
28083,MS,Leflore,20.26,10.13,36.01
28085,MS,Lincoln,27.1,14.91,44.15
28087,MS,Lowndes,18.5,9.52,33.13
28089,MS,Madison,16.25,8.64,28.3
28091,MS,Marion,15.87,8,28.95
28093,MS,Marshall,13.75,6.96,25.38
28095,MS,Monroe,17.29,8.49,31.7
28097,MS,Montgomery,19.55,9.55,35.32
28099,MS,Neshoba,18.07,8.54,33.98
28101,MS,Newton,17.89,8.67,32.37
28103,MS,Noxubee,16.25,7.5,30.43
28105,MS,Oktibbeha,15.04,7.45,27.9
28107,MS,Panola,15.31,7.5,28.1
28109,MS,Pearl River,19.97,10.22,34.89
28111,MS,Perry,17.78,8.64,32.22
28113,MS,Pike,17.51,8.87,31.15
28115,MS,Pontotoc,15.48,7.53,28.9
28117,MS,Prentiss,18.02,8.78,32.94
28119,MS,Quitman,19.07,10.09,32.64
28121,MS,Rankin,16.21,8.7,27.7
28123,MS,Scott,14.25,6.8,27
28125,MS,Sharkey,18.54,9.06,33.53
28127,MS,Simpson,19.6,9.75,34.86
28129,MS,Smith,16.4,7.97,30.89
28131,MS,Stone,16.84,8.37,30.54
28133,MS,Sunflower,19.82,9.61,36.22
28135,MS,Tallahatchie,17.83,8.57,32.61
28137,MS,Tate,19.66,10.05,33.5
28139,MS,Tippah,16.01,7.67,29.76
28141,MS,Tishomingo,16.48,7.85,30.02
28143,MS,Tunica,16.34,7.56,30.94
28145,MS,Union,17.38,8.89,30.47
28147,MS,Walthall,17.35,8.32,31.59
28149,MS,Warren,16.88,8.55,30.85
28151,MS,Washington,18.1,8.99,32.14
28153,MS,Wayne,15.99,7.7,29.16
28155,MS,Webster,18.34,9.08,33.34
28157,MS,Wilkinson,19.96,9.42,35.59
28159,MS,Winston,18.46,8.98,33.04
28161,MS,Yalobusha,16.6,7.95,30.98
28163,MS,Yazoo,16.86,8.08,30.85
29001,MO,Adair,12.97,5.98,25.42
29003,MO,Andrew,12.12,5.71,23.59
29005,MO,Atchison,13.02,6.2,25.27
29007,MO,Audrain,15.5,7.74,28.29
29009,MO,Barry,12.53,5.8,24.95
29011,MO,Barton,17.61,8.63,31.87
29013,MO,Bates,13.16,6.18,24.8
29015,MO,Benton,14,6.63,26.9
29017,MO,Bollinger,13.34,6.37,25.77
29019,MO,Boone,13.21,6.85,23.47
29021,MO,Buchanan,14.78,7.37,26.97
29023,MO,Butler,16.7,8.15,30.11
29025,MO,Caldwell,11.43,5.46,22.5
29027,MO,Callaway,13.97,6.73,26.57
29029,MO,Camden,12.66,6.19,24.22
29031,MO,Cape Girardeau,14.97,7.37,28.53
29033,MO,Carroll,13.77,6.34,25.78
29035,MO,Carter,13.56,7.76,21.79
29037,MO,Cass,11.78,5.76,21.72
29039,MO,Cedar,14.66,6.92,27.74
29041,MO,Chariton,12.14,5.71,23.59
29043,MO,Christian,10.97,5.42,21.14
29045,MO,Clark,14.34,6.72,26.95
29047,MO,Clay,11.46,6.25,20.69
29049,MO,Clinton,14.76,7.06,27.84
29051,MO,Cole,13.59,6.87,25.05
29053,MO,Cooper,14.89,7.06,27.96
29055,MO,Crawford,12.88,6.04,24.88
29057,MO,Dade,15.52,9.22,24.39
29059,MO,Dallas,11.9,5.57,23.05
29061,MO,Daviess,11.92,5.45,23.16
29063,MO,De Kalb,12.62,5.81,24.72
29065,MO,Dent,13.74,6.55,26.87
29067,MO,Douglas,13.5,6.39,25.85
29069,MO,Dunklin,14.21,6.76,27.25
29071,MO,Franklin,12.72,6.39,23.57
29073,MO,Gasconade,14.49,7.12,27.59
29075,MO,Gentry,11.7,5.3,23.25
29077,MO,Greene,14.1,7.41,24.8
29079,MO,Grundy,12.73,6.1,25.06
29081,MO,Harrison,14.58,6.95,27.6
29083,MO,Henry,15.85,7.44,29.54
29085,MO,Hickory,14.36,8.26,23.8
29087,MO,Holt,12.6,7.29,20.37
29089,MO,Howard,13.35,6.03,25.79
29091,MO,Howell,18,8.86,32.78
29093,MO,Iron,13.93,8.45,21.67
29095,MO,Jackson,10.59,6.24,17.43
29097,MO,Jasper,10.44,5.41,19.15
29099,MO,Jefferson,16.29,9.39,26.69
29101,MO,Johnson,13.6,6.45,24.99
29103,MO,Knox,15.34,7.32,28.44
29105,MO,Laclede,14.57,7.16,27.4
29107,MO,Lafayette,13.78,6.74,25.93
29109,MO,Lawrence,17.2,9.04,29.12
29111,MO,Lewis,14.19,6.68,27.09
29113,MO,Lincoln,16.1,8.04,28.58
29115,MO,Linn,14.62,7.03,28.25
29117,MO,Livingston,14.78,6.9,28.41
29119,MO,McDonald,10.2,4.71,20.32
29121,MO,Macon,14.02,6.5,26.61
29123,MO,Madison,13.94,6.51,26.64
29125,MO,Maries,13.37,7.4,22.28
29127,MO,Marion,16,7.67,29.63
29129,MO,Mercer,12.61,5.66,24.88
29131,MO,Miller,12.86,6.16,24.36
29133,MO,Mississippi,17.8,8.48,33.03
29135,MO,Moniteau,10.13,4.84,20.58
29137,MO,Monroe,13.82,6.49,26.71
29139,MO,Montgomery,14.33,6.68,27.37
29141,MO,Morgan,11.72,5.44,22.38
29143,MO,New Madrid,15.25,7.07,28.94
29145,MO,Newton,11.02,5.44,20.64
29147,MO,Nodaway,13.78,6.41,26.47
29149,MO,Oregon,12.38,5.83,24.54
29151,MO,Osage,11.07,5.13,22.32
29153,MO,Ozark,13.42,6.31,26.32
29155,MO,Pemiscot,17.67,8.26,33.39
29157,MO,Perry,13.93,6.51,26.44
29159,MO,Pettis,13.8,6.67,25.81
29161,MO,Phelps,12.78,6.06,24.23
29163,MO,Pike,13.95,6.43,27.69
29165,MO,Platte,10.37,5.01,19.69
29167,MO,Polk,14.33,6.59,26.83
29169,MO,Pulaski,11.73,5.53,22.69
29171,MO,Putnam,17,8.04,31.61
29173,MO,Ralls,23.28,11.9,40.33
29175,MO,Randolph,16.11,8.04,29.67
29177,MO,Ray,13.05,6.14,25.04
29179,MO,Reynolds,15.26,8.58,25.75
29181,MO,Ripley,17.31,8.56,31.53
29183,MO,St Charles,10.81,6.38,17.72
29185,MO,St Clair,15.84,7.36,29.67
29186,MO,Ste. Genevieve,15.4,7.46,28.37
29187,MO,St Francois,13.62,6.65,25.13
29189,MO,St Louis,16.59,10.35,24.75
29195,MO,Saline,11.95,5.61,22.74
29197,MO,Schuyler,15.43,8.78,25.83
29199,MO,Scotland,14.68,6.89,28.91
29201,MO,Scott,16.41,8,29.47
29203,MO,Shannon,12.39,5.82,24.34
29205,MO,Shelby,12.24,5.57,24.2
29207,MO,Stoddard,13.81,6.6,26.12
29209,MO,Stone,12.7,6.14,24.48
29211,MO,Sullivan,9.64,5.13,17.84
29213,MO,Taney,12.59,5.83,23.82
29215,MO,Texas,13.89,6.66,26.98
29217,MO,Vernon,13.4,6.38,25.73
29219,MO,Warren,12.03,5.77,23.46
29221,MO,Washington,14.95,7.16,28.33
29223,MO,Wayne,14.88,8.94,23.08
29225,MO,Webster,11.68,5.77,22.48
29227,MO,Worth,12.82,5.99,24.76
29229,MO,Wright,13.88,6.72,26.88
29510,MO,St Louis City,28.15,16.42,43.24
30001,MT,Beaverhead,11.71,5.2,23.62
30003,MT,Big Horn,9.14,3.86,20.21
30005,MT,Blaine,8.76,3.66,19.1
30007,MT,Broadwater,10.6,4.74,21.26
30009,MT,Carbon,12.02,5.51,24
30011,MT,Carter,8.46,4.65,14.42
30013,MT,Cascade,13.52,6.84,24.73
30015,MT,Chouteau,9.57,4.4,19.82
30017,MT,Custer,13.23,6.1,26.38
30019,MT,Daniels,8.23,3.67,17.57
30021,MT,Dawson,12.88,5.93,24.88
30023,MT,Deer Lodge,16.35,7.57,31.48
30025,MT,Fallon,11.76,6.98,18.53
30027,MT,Fergus,13.23,6.15,26.07
30029,MT,Flathead,11.04,5.21,21.4
30031,MT,Gallatin,10.35,4.94,20.55
30033,MT,Garfield,8.49,4.73,14.47
30035,MT,Glacier,9.17,3.75,20.03
30037,MT,Golden Valley,14.26,6.62,28.43
30039,MT,Granite,11.05,5.09,22.82
30041,MT,Hill,10.56,4.7,21.25
30043,MT,Jefferson,12.18,5.56,23.99
30045,MT,Judith Basin,9.87,5.23,17.48
30047,MT,Lake,10.27,4.63,21.47
30049,MT,Lewis and Clark,12.08,5.83,23.06
30051,MT,Liberty,9.97,5.05,18.75
30053,MT,Lincoln,12.57,5.69,24.85
30055,MT,McCone,8.36,4.59,14.8
30057,MT,Madison,11.82,5.26,24.41
30059,MT,Meagher,15.28,6.9,29.73
30061,MT,Mineral,15.19,7.04,28.82
30063,MT,Missoula,12.97,6.3,23.57
30065,MT,Musselshell,10.34,4.77,21.1
30067,MT,Park,13.01,5.82,25.85
30069,MT,Petroleum,9.78,5.24,17.54
30071,MT,Phillips,9.53,5.12,17.02
30073,MT,Pondera,11.5,5.39,22.72
30075,MT,Powder River,9.64,5.54,15.62
30077,MT,Powell,13,6.04,25.59
30079,MT,Prairie,8.1,3.65,16.97
30081,MT,Ravalli,11.68,5.42,22.75
30083,MT,Richland,11.63,5.47,22.98
30085,MT,Roosevelt,9.37,3.65,20.8
30087,MT,Rosebud,8.36,4.53,14.79
30089,MT,Sanders,13.28,5.93,25.93
30091,MT,Sheridan,11.07,5.15,22.19
30093,MT,Silver Bow,13.51,6.33,26.22
30095,MT,Stillwater,9.89,4.56,20.37
30097,MT,Sweet Grass,11.7,5.41,23.49
30099,MT,Teton,9.62,4.28,19.83
30101,MT,Toole,12.48,5.65,25.06
30103,MT,Treasure,8.37,3.73,17.23
30105,MT,Valley,12.06,5.61,24.84
30107,MT,Wheatland,9.14,4.87,16.49
30109,MT,Wibaux,10.13,4.5,20.57
30111,MT,Yellowstone,14.24,7.43,24.94
31001,NE,Adams,12.83,6.12,24.67
31003,NE,Antelope,12.83,5.93,25.68
31005,NE,Arthur,8.35,3.73,17.06
31007,NE,Banner,9.5,5.63,15.83
31009,NE,Blaine,9.01,4.9,15.61
31011,NE,Boone,14.4,6.34,27.91
31013,NE,Box Butte,12.15,5.55,23.42
31015,NE,Boyd,13.52,6.05,26.92
31017,NE,Brown,14.39,6.52,27.23
31019,NE,Buffalo,11.13,5.22,21.76
31021,NE,Burt,13.26,6.19,25.83
31023,NE,Butler,13.71,6.52,26.83
31025,NE,Cass,11.42,5.32,22.56
31027,NE,Cedar,11.01,5.11,21.46
31029,NE,Chase,9.08,4.14,18.28
31031,NE,Cherry,13.83,6.32,26.68
31033,NE,Cheyenne,12.55,5.8,25.01
31035,NE,Clay,11.92,5.59,23.41
31037,NE,Colfax,3.87,1.5,9.26
31039,NE,Cuming,11.63,5.26,22.33
31041,NE,Custer,13.31,6.14,25.85
31043,NE,Dakota,5.84,2.45,13.06
31045,NE,Dawes,11.35,5.2,22.96
31047,NE,Dawson,7.08,3.12,15.12
31049,NE,Deuel,10.33,5.59,17.87
31051,NE,Dixon,10.81,5.04,21.05
31053,NE,Dodge,12.27,5.74,23.68
31055,NE,Douglas,11.9,6.87,19.43
31057,NE,Dundy,13.82,6.58,26.51
31059,NE,Fillmore,14.14,6.38,28.38
31061,NE,Franklin,14.65,6.69,28.26
31063,NE,Frontier,11.1,5.06,22.59
31065,NE,Furnas,13.12,6.12,25.83
31067,NE,Gage,12.74,5.81,24.64
31069,NE,Garden,9.88,4.59,20.37
31071,NE,Garfield,13.33,6.26,25.91
31073,NE,Gosper,11.03,5.63,19.94
31075,NE,Grant,9.49,4.96,16.64
31077,NE,Greeley,10.88,5.01,22.38
31079,NE,Hall,10.46,4.98,20.69
31081,NE,Hamilton,12.83,5.91,25.25
31083,NE,Harlan,13.46,7.63,22.35
31085,NE,Hayes,8.59,4.93,14.52
31087,NE,Hitchcock,11.71,5.5,22.92
31089,NE,Holt,13.41,6.04,26.05
31091,NE,Hooker,18.12,9.11,32.42
31093,NE,Howard,12.54,5.83,24.9
31095,NE,Jefferson,15.17,7.01,28.97
31097,NE,Johnson,11.79,5.37,23.24
31099,NE,Kearney,11.88,5.45,23.55
31101,NE,Keith,14.84,7.24,28.48
31103,NE,Keya Paha,9.68,5.87,15.59
31105,NE,Kimball,11.58,5.47,23.37
31107,NE,Knox,12.61,5.94,24.2
31109,NE,Lancaster,13.05,7.17,21.89
31111,NE,Lincoln,11.8,5.72,22.37
31113,NE,Logan,9.58,4.97,17.68
31115,NE,Loup,10.36,4.69,21.08
31117,NE,McPherson,10.03,5.45,17.59
31119,NE,Madison,11.1,5.23,21.57
31121,NE,Merrick,12.86,6.17,25.35
31123,NE,Morrill,10.73,4.68,21.27
31125,NE,Nance,10.18,4.84,20.52
31127,NE,Nemaha,13.17,6.06,26.15
31129,NE,Nuckolls,15.4,6.99,28.93
31131,NE,Otoe,12.29,5.71,24.07
31133,NE,Pawnee,14.7,6.81,28.87
31135,NE,Perkins,12.08,5.44,23.63
31137,NE,Phelps,11.7,5.2,22.93
31139,NE,Pierce,12.71,5.84,24.85
31141,NE,Platte,10.9,5.18,21.12
31143,NE,Polk,11.35,5.15,22.05
31145,NE,Red Willow,13.7,6.55,26.01
31147,NE,Richardson,13.39,6.21,25.97
31149,NE,Rock,10.02,5.41,17.64
31151,NE,Saline,8.1,3.57,17.3
31153,NE,Sarpy,9.56,4.92,17.28
31155,NE,Saunders,11.96,5.48,22.94
31157,NE,Scotts Bluff,11.05,5.21,22.05
31159,NE,Seward,11.67,5.49,22.99
31161,NE,Sheridan,14.65,6.72,27.85
31163,NE,Sherman,11.14,5.06,22.16
31165,NE,Sioux,13.49,7.86,21.94
31167,NE,Stanton,10.83,4.98,21.48
31169,NE,Thayer,14.04,6.33,27.12
31171,NE,Thomas,9.71,4.91,17.88
31173,NE,Thurston,17.24,7.62,32.83
31175,NE,Valley,12.97,5.87,25.88
31177,NE,Washington,11.6,5.4,22.9
31179,NE,Wayne,11.11,5.07,22.98
31181,NE,Webster,13.11,6.01,25.6
31183,NE,Wheeler,10.76,5.01,21.55
31185,NE,York,13.05,6.08,25.81
32001,NV,Churchill,11.2,5.21,22.01
32003,NV,Clark,8.99,5.83,13.88
32005,NV,Douglas,11.95,5.48,23.51
32007,NV,Elko,8.94,4.2,17.75
32009,NV,Esmeralda,13.42,6.58,25.09
32011,NV,Eureka,12.12,6.04,22.39
32013,NV,Humboldt,9.24,4.1,18.84
32015,NV,Lander,10.66,4.81,21.22
32017,NV,Lincoln,10.46,6.31,16.36
32019,NV,Lyon,9.62,4.58,19
32021,NV,Mineral,15.46,8.31,26.68
32023,NV,Nye,11.32,5.36,21.72
32027,NV,Pershing,8.83,4.04,18.16
32029,NV,Storey,11.34,5.36,21.76
32031,NV,Washoe,9.53,5.26,16.48
32033,NV,White Pine,11.43,5.22,23.42
32510,NV,Carson City,10.87,4.99,21.5
33001,NH,Belknap,15.26,7.57,28.42
33003,NH,Carroll,16.51,7.96,30.45
33005,NH,Cheshire,15.24,7.59,27.79
33007,NH,Coos,21.37,10.8,37.98
33009,NH,Grafton,16.36,7.94,31.11
33011,NH,Hillsborough,12.25,6.74,20.75
33013,NH,Merrimack,18.55,9.86,31.54
33015,NH,Rockingham,13.85,7.67,23.51
33017,NH,Strafford,13.83,7.1,24.88
33019,NH,Sullivan,17.12,8.43,31.08
34001,NJ,Atlantic,10.18,5.21,18.63
34003,NJ,Bergen,9.31,5.45,15.24
34005,NJ,Burlington,7.52,3.9,14.04
34007,NJ,Camden,11.53,6.85,18.93
34009,NJ,Cape May,9.21,4.32,18.18
34011,NJ,Cumberland,9.76,4.7,18.67
34013,NJ,Essex,14.44,8.83,22.39
34015,NJ,Gloucester,9.66,5.41,16.67
34017,NJ,Hudson,8.03,4.21,14.66
34019,NJ,Hunterdon,9.4,4.65,18.39
34021,NJ,Mercer,9.32,5.11,16.24
34023,NJ,Middlesex,6.71,3.75,11.39
34025,NJ,Monmouth,6.73,3.69,12.1
34027,NJ,Morris,7.24,3.89,12.97
34029,NJ,Ocean,9.36,5.56,15.36
34031,NJ,Passaic,8.54,4.55,15.41
34033,NJ,Salem,10.12,4.68,19.66
34035,NJ,Somerset,9.24,4.89,16.67
34037,NJ,Sussex,10.63,5.29,19.75
34039,NJ,Union,11.35,6.46,18.82
34041,NJ,Warren,14.43,7.15,25.97
35001,NM,Bernalillo,11.08,6.44,18.06
35003,NM,Catron,15.63,8.79,26.38
35005,NM,Chaves,7.63,3.58,15.6
35006,NM,Cibola,8.87,3.84,19.24
35007,NM,Colfax,11.09,5.03,22.23
35009,NM,Curry,10.72,5.08,20.7
35011,NM,De Baca,11.21,4.93,22.04
35013,NM,Dona Ana,6.2,3.01,12.44
35015,NM,Eddy,13.22,6.48,24.78
35017,NM,Grant,10.62,4.76,21.69
35019,NM,Guadalupe,6.62,3.33,12.25
35021,NM,Harding,8.55,4.55,15.35
35023,NM,Hidalgo,6.38,2.82,13.73
35025,NM,Lea,7.39,3.31,15.22
35027,NM,Lincoln,9.9,4.41,20.3
35028,NM,Los Alamos,9.86,4.34,19.79
35029,NM,Luna,6.88,3.07,14.82
35031,NM,McKinley,8.22,3.37,18.56
35033,NM,Mora,5.92,3.15,10.75
35035,NM,Otero,9.76,4.66,19.01
35037,NM,Quay,11.17,5.08,21.64
35039,NM,Rio Arriba,8.99,3.99,18.61
35041,NM,Roosevelt,8.29,3.72,16.91
35043,NM,Sandoval,10.21,4.92,19.5
35045,NM,San Juan,9.21,4.13,18.59
35047,NM,San Miguel,7.06,3.11,15.81
35049,NM,Santa Fe,8.88,4.24,17.25
35051,NM,Sierra,13.02,5.92,25.44
35053,NM,Socorro,6.21,2.65,13.78
35055,NM,Taos,10.14,4.43,21.14
35057,NM,Torrance,9.5,4.29,18.95
35059,NM,Union,8.27,3.72,16.95
35061,NM,Valencia,7.53,3.47,15.25
36001,NY,Albany,9.54,5.15,16.47
36003,NY,Allegany,10.42,4.87,20.82
36005,NY,Bronx,6.01,3.54,10.08
36007,NY,Broome,10.64,5.08,20.55
36009,NY,Cattaraugus,12.29,6.18,22.45
36011,NY,Cayuga,13.6,6.55,25.9
36013,NY,Chautauqua,14.65,7.43,26.95
36015,NY,Chemung,12.59,6.28,23.95
36017,NY,Chenango,10.65,4.98,21.25
36019,NY,Clinton,14.57,7.58,26.36
36021,NY,Columbia,12.05,5.59,24.09
36023,NY,Cortland,10,4.76,19.9
36025,NY,Delaware,11.14,5.15,22.24
36027,NY,Dutchess,6.8,3.43,12.58
36029,NY,Erie,8.29,4.98,13.51
36031,NY,Essex,11.12,6.67,17.94
36033,NY,Franklin,11.5,5.39,22.6
36035,NY,Fulton,11.5,5.32,22.39
36037,NY,Genesee,10.52,4.85,20.94
36039,NY,Greene,11.21,5.31,21.88
36041,NY,Hamilton,10.6,6.35,16.68
36043,NY,Herkimer,11.01,5.03,21.99
36045,NY,Jefferson,9.53,4.65,18.45
36047,NY,Kings,7.47,4.81,11.59
36049,NY,Lewis,10.99,5.06,22.28
36051,NY,Livingston,14.72,7.25,27.61
36053,NY,Madison,9.99,4.52,19.86
36055,NY,Monroe,11.88,7.39,18.47
36057,NY,Montgomery,10.88,5.57,20.19
36059,NY,Nassau,11.71,7.44,17.92
36061,NY,New York,13.98,8.65,21.74
36063,NY,Niagara,9.52,4.64,18.6
36065,NY,Oneida,9.04,4.59,16.99
36067,NY,Onondaga,10.4,5.6,18.31
36069,NY,Ontario,8.04,3.96,15.92
36071,NY,Orange,11.52,6.42,19.43
36073,NY,Orleans,9.81,4.51,20
36075,NY,Oswego,9.38,4.6,17.8
36077,NY,Otsego,11.8,5.31,23.41
36079,NY,Putnam,7.64,3.55,15.75
36081,NY,Queens,3.87,2.1,6.87
36083,NY,Rensselaer,15.16,8,26.82
36085,NY,Richmond,10.96,6.11,18.23
36087,NY,Rockland,5.41,2.68,10.41
36089,NY,St Lawrence,9.8,4.55,19.26
36091,NY,Saratoga,8.43,4.25,15.73
36093,NY,Schenectady,12.32,6.5,22.5
36095,NY,Schoharie,11.03,5.08,22.16
36097,NY,Schuyler,11.55,5.31,22.89
36099,NY,Seneca,10.91,5.01,21.71
36101,NY,Steuben,10.83,5.27,21.07
36103,NY,Suffolk,9.92,6.27,15.17
36105,NY,Sullivan,11.32,5.58,21.15
36107,NY,Tioga,9.14,4.23,18.19
36109,NY,Tompkins,8.88,4.16,17.67
36111,NY,Ulster,8.62,4.41,16.91
36113,NY,Warren,20.66,10.32,35.9
36115,NY,Washington,8.52,4.21,16.28
36117,NY,Wayne,11.75,5.64,22.97
36119,NY,Westchester,9.18,5.44,14.74
36121,NY,Wyoming,12.16,5.83,22.79
36123,NY,Yates,12.19,5.85,23.19
37001,NC,Alamance,11.26,5.8,20.57
37003,NC,Alexander,15.83,7.91,28.99
37005,NC,Alleghany,18.32,8.63,34.39
37007,NC,Anson,20.49,10.16,36.58
37009,NC,Ashe,17.74,8.5,31.95
37011,NC,Avery,16.78,8.15,31.18
37013,NC,Beaufort,18.54,9.74,32.22
37015,NC,Bertie,19.01,9.22,34.11
37017,NC,Bladen,17.68,8.82,31.52
37019,NC,Brunswick,23.74,13.02,38.59
37021,NC,Buncombe,14.81,7.77,26.28
37023,NC,Burke,18.37,9.71,32.48
37025,NC,Cabarrus,14.41,8.21,24.2
37027,NC,Caldwell,16.41,8.34,29.85
37029,NC,Camden,16.51,8.21,30.4
37031,NC,Carteret,16.66,8.07,30.31
37033,NC,Caswell,16.29,7.91,30.17
37035,NC,Catawba,15.07,7.78,26.46
37037,NC,Chatham,12.91,6.5,23.86
37039,NC,Cherokee,16.96,8.21,31.62
37041,NC,Chowan,20.14,9.86,35.21
37043,NC,Clay,18.05,8.54,33.29
37045,NC,Cleveland,13.72,7.19,24.51
37047,NC,Columbus,18.89,9.64,33.27
37049,NC,Craven,22.07,12.55,35.57
37051,NC,Cumberland,17.9,10.75,28.19
37053,NC,Currituck,15.98,7.86,29.89
37055,NC,Dare,16.69,8.03,31.35
37057,NC,Davidson,19.96,11.53,31.52
37059,NC,Davie,15.54,7.79,28.74
37061,NC,Duplin,17.04,8.52,30.25
37063,NC,Durham,13.63,7.44,22.74
37065,NC,Edgecombe,18.28,9.35,32.41
37067,NC,Forsyth,15.62,9.13,25.42
37069,NC,Franklin,14.27,7.19,26.65
37071,NC,Gaston,25.15,14.91,38.4
37073,NC,Gates,13.35,8.31,20.99
37075,NC,Graham,17.05,8.22,31.46
37077,NC,Granville,15.5,7.67,28.56
37079,NC,Greene,15.33,7.44,28.58
37081,NC,Guilford,13.93,8.64,21.65
37083,NC,Halifax,19.75,9.84,35.37
37085,NC,Harnett,15.25,7.91,26.07
37087,NC,Haywood,19.57,9.85,34.49
37089,NC,Henderson,14.94,7.44,26.66
37091,NC,Hertford,18.91,9.17,34.61
37093,NC,Hoke,11.04,5.41,21.34
37095,NC,Hyde,15.11,7.21,28.64
37097,NC,Iredell,18.81,9.85,32.14
37099,NC,Jackson,20.42,9.94,36.4
37101,NC,Johnston,14.9,8.64,24.5
37103,NC,Jones,18.92,9.19,34.45
37105,NC,Lee,13.99,6.97,25.65
37107,NC,Lenoir,16.08,8.04,29.06
37109,NC,Lincoln,15.51,7.6,28.15
37111,NC,McDowell,17.08,8.32,31.44
37113,NC,Macon,17.07,8.27,31.54
37115,NC,Madison,20.08,10.62,34.57
37117,NC,Martin,17.75,8.48,32.25
37119,NC,Mecklenburg,13.37,9.07,19.2
37121,NC,Mitchell,17.9,8.67,33.19
37123,NC,Montgomery,13.21,6.19,25.03
37125,NC,Moore,15.4,7.46,28.3
37127,NC,Nash,13.53,7.01,24.18
37129,NC,New Hanover,21.8,12.4,34.85
37131,NC,Northampton,18.59,11.47,28.34
37133,NC,Onslow,14.74,8.1,25.14
37135,NC,Orange,14.87,7.7,26.73
37137,NC,Pamlico,18.41,9.99,31.05
37139,NC,Pasquotank,16.57,7.99,30.64
37141,NC,Pender,13.74,6.5,25.98
37143,NC,Perquimans,16.55,8.13,30.48
37145,NC,Person,39.67,24.18,56.8
37147,NC,Pitt,12.4,6.41,23.26
37149,NC,Polk,16.4,7.91,30.75
37151,NC,Randolph,13.45,7.35,23.24
37153,NC,Richmond,19.96,10.45,34.93
37155,NC,Robeson,14.46,6.87,27.3
37157,NC,Rockingham,18.73,9.41,33.43
37159,NC,Rowan,15.13,8.55,25.34
37161,NC,Rutherford,20.33,10.41,35.08
37163,NC,Sampson,13.44,6.37,25.53
37165,NC,Scotland,16.62,8.42,30.4
37167,NC,Stanly,17.72,9,31.57
37169,NC,Stokes,19.69,9.79,34.41
37171,NC,Surry,12.94,6.43,23.72
37173,NC,Swain,17.24,8.34,32.5
37175,NC,Transylvania,19.92,9.52,36
37177,NC,Tyrrell,18.28,8.97,33.13
37179,NC,Union,8.91,4.66,16.47
37181,NC,Vance,18.59,9.12,33.87
37183,NC,Wake,10.96,7.01,16.54
37185,NC,Warren,16.04,7.89,29.53
37187,NC,Washington,19.39,12.12,29.37
37189,NC,Watauga,16.2,8.12,30.52
37191,NC,Wayne,13.11,6.83,23.76
37193,NC,Wilkes,16.43,8.37,29.44
37195,NC,Wilson,16.17,8.05,28.73
37197,NC,Yadkin,16.4,7.98,30.58
37199,NC,Yancey,16.71,8.05,30.59
38001,ND,Adams,16.56,6.94,34.16
38003,ND,Barnes,13,6.14,25.64
38005,ND,Benson,15.16,6.46,30.57
38007,ND,Billings,8.01,3.52,16.63
38009,ND,Bottineau,11.24,5.13,22.27
38011,ND,Bowman,9.4,4.32,19.22
38013,ND,Burke,9.68,5.21,17.23
38015,ND,Burleigh,12.6,6.19,23.73
38017,ND,Cass,13.82,7.46,24.29
38019,ND,Cavalier,11.55,5.39,23.07
38021,ND,Dickey,11.04,5.1,22.5
38023,ND,Divide,9.68,4.27,19.41
38025,ND,Dunn,9.53,4.36,18.85
38027,ND,Eddy,9.9,4.58,20.08
38029,ND,Emmons,12.11,5.53,23.74
38031,ND,Foster,13,6.13,26.14
38033,ND,Golden Valley,11.25,6.26,19.35
38035,ND,Grand Forks,13.51,6.62,25.09
38037,ND,Grant,8.78,3.95,17.92
38039,ND,Griggs,12.92,6.04,25.48
38041,ND,Hettinger,10.43,4.75,21.36
38043,ND,Kidder,9.47,4.29,19.56
38045,ND,La Moure,10.54,4.79,21.25
38047,ND,Logan,11.25,5.11,22.96
38049,ND,McHenry,9.75,4.48,19.97
38051,ND,McIntosh,13.9,6.46,26.53
38053,ND,McKenzie,9.91,4.73,19.74
38055,ND,McLean,11.69,5.48,23.05
38057,ND,Mercer,11.58,5.32,23.01
38059,ND,Morton,11.38,5.43,21.99
38061,ND,Mountrail,12.74,5.74,25.75
38063,ND,Nelson,12.42,5.62,24.86
38065,ND,Oliver,10.51,4.92,21.13
38067,ND,Pembina,11.52,5.4,22.59
38069,ND,Pierce,14.47,6.65,27.76
38071,ND,Ramsey,13.7,6.33,26.86
38073,ND,Ransom,14.36,6.69,26.99
38075,ND,Renville,9.9,4.52,19.98
38077,ND,Richland,12.28,5.88,24.21
38079,ND,Rolette,16.16,7.18,31.75
38081,ND,Sargent,10.29,4.72,20.52
38083,ND,Sheridan,11.05,5,22.04
38085,ND,Sioux,15.08,6.59,30.06
38087,ND,Slope,8.76,3.87,17.55
38089,ND,Stark,12.13,5.63,22.98
38091,ND,Steele,8.17,3.64,17.21
38093,ND,Stutsman,13.62,6.38,25.87
38095,ND,Towner,9.58,4.4,19.15
38097,ND,Traill,11.19,5.18,22.06
38099,ND,Walsh,11.07,5.09,22.34
38101,ND,Ward,13.17,6.29,25.46
38103,ND,Wells,10.91,4.88,22.13
38105,ND,Williams,10.93,5.07,21.77
39001,OH,Adams,14.21,6.71,27.01
39003,OH,Allen,16.02,8.13,29.51
39005,OH,Ashland,12.02,5.65,23.72
39007,OH,Ashtabula,11,5.36,20.7
39009,OH,Athens,15.85,7.47,29.15
39011,OH,Auglaize,10.82,5.12,20.79
39013,OH,Belmont,12.89,6.14,24.95
39015,OH,Brown,12.56,5.96,23.96
39017,OH,Butler,15.78,9.91,24.11
39019,OH,Carroll,11.66,5.4,22.65
39021,OH,Champaign,13.71,7.1,25.07
39023,OH,Clark,12.35,6.21,22.01
39025,OH,Clermont,14.78,8.18,24.55
39027,OH,Clinton,13.96,6.78,25.94
39029,OH,Columbiana,11.39,5.53,21.13
39031,OH,Coshocton,11.42,5.43,21.96
39033,OH,Crawford,12.49,5.99,23.3
39035,OH,Cuyahoga,12.18,7.63,18.78
39037,OH,Darke,11.74,5.57,22.25
39039,OH,Defiance,11.6,5.4,23.01
39041,OH,Delaware,10.05,5.06,18.63
39043,OH,Erie,12.47,6.1,23.14
39045,OH,Fairfield,14.04,7.51,24.37
39047,OH,Fayette,16.48,7.91,30.31
39049,OH,Franklin,12.32,7.87,18.2
39051,OH,Fulton,11.09,5.09,21.82
39053,OH,Gallia,13.68,6.64,25.46
39055,OH,Geauga,9.37,4.6,18.13
39057,OH,Greene,12.19,6.09,22.98
39059,OH,Guernsey,13.84,8.13,21.75
39061,OH,Hamilton,20.14,13.34,29.03
39063,OH,Hancock,16.47,8.38,29.59
39065,OH,Hardin,12.45,5.69,24.31
39067,OH,Harrison,12.49,5.81,24.49
39069,OH,Henry,12.68,6.08,24.47
39071,OH,Highland,12.93,6.08,24.69
39073,OH,Hocking,14.64,7.01,27.57
39075,OH,Holmes,7.13,3.16,14.81
39077,OH,Huron,10.75,5.2,20.57
39079,OH,Jackson,15.08,7.4,28.09
39081,OH,Jefferson,13.47,6.53,25.41
39083,OH,Knox,15.27,7.71,27.56
39085,OH,Lake,10.57,5.24,20.25
39087,OH,Lawrence,16.69,8.3,29.99
39089,OH,Licking,16.63,9.36,27.44
39091,OH,Logan,16.67,8.23,29.29
39093,OH,Lorain,14.87,9.13,23.4
39095,OH,Lucas,15.07,9.12,23.52
39097,OH,Madison,11.88,5.78,22.7
39099,OH,Mahoning,15.73,8.58,26.51
39101,OH,Marion,15.94,8.42,28.18
39103,OH,Medina,10.36,5.42,18.85
39105,OH,Meigs,13.08,6.23,25.4
39107,OH,Mercer,12.93,6.05,25.05
39109,OH,Miami,10.98,5.48,20.13
39111,OH,Monroe,13.24,6.28,25.8
39113,OH,Montgomery,15.74,9.64,24.29
39115,OH,Morgan,12.77,6.2,25.12
39117,OH,Morrow,11.59,5.51,22.79
39119,OH,Muskingum,19.09,10.53,32.32
39121,OH,Noble,12,5.69,23.48
39123,OH,Ottawa,12.21,5.78,23.75
39125,OH,Paulding,10.59,5.15,20.99
39127,OH,Perry,13.44,6.48,26.05
39129,OH,Pickaway,11.82,5.55,22.74
39131,OH,Pike,12.58,6.08,23.46
39133,OH,Portage,12.12,6.34,21.98
39135,OH,Preble,11.63,5.52,22.72
39137,OH,Putnam,10.55,4.79,20.9
39139,OH,Richland,13.73,7.13,24.56
39141,OH,Ross,13.33,6.48,24.74
39143,OH,Sandusky,12.52,6.03,23.09
39145,OH,Scioto,13.17,6.39,24.71
39147,OH,Seneca,14.38,6.71,27.3
39149,OH,Shelby,15.17,7.68,28.71
39151,OH,Stark,15.02,9.42,22.59
39153,OH,Summit,17.54,11.02,26.39
39155,OH,Trumbull,15.1,8.94,24.14
39157,OH,Tuscarawas,13.72,6.74,25.62
39159,OH,Union,10.4,4.91,20.85
39161,OH,Van Wert,13,6.26,24.99
39163,OH,Vinton,13.1,6.08,25.35
39165,OH,Warren,10.16,5.18,18.32
39167,OH,Washington,16.02,7.93,29.21
39169,OH,Wayne,9.66,4.89,18.05
39171,OH,Williams,11.74,5.62,22.36
39173,OH,Wood,17.7,9.73,30.22
39175,OH,Wyandot,11.82,5.5,22.71
40001,OK,Adair,12.63,5.87,24.76
40003,OK,Alfalfa,16.84,8.17,31.04
40005,OK,Atoka,16.25,7.87,30.01
40007,OK,Beaver,10.72,5.02,21.44
40009,OK,Beckham,16.19,7.98,29.78
40011,OK,Blaine,14.65,6.9,27.6
40013,OK,Bryan,15.43,7.79,28.29
40015,OK,Caddo,13.3,8.17,20.65
40017,OK,Canadian,12.44,6.64,21.77
40019,OK,Carter,17.66,9.01,31.92
40021,OK,Cherokee,18.03,9.26,31.14
40023,OK,Choctaw,18.46,8.68,33.78
40025,OK,Cimarron,11.32,6.34,18.9
40027,OK,Cleveland,14.25,8.29,23.46
40029,OK,Coal,16.26,9.3,26.47
40031,OK,Comanche,16.33,8.49,28.3
40033,OK,Cotton,17.05,8.31,31.39
40035,OK,Craig,15.93,7.8,29.91
40037,OK,Creek,13.95,7.01,24.89
40039,OK,Custer,12.86,6.28,23.68
40041,OK,Delaware,14.84,7.07,28.12
40043,OK,Dewey,14.58,8.56,23.56
40045,OK,Ellis,18.39,8.79,33.46
40047,OK,Garfield,15.69,7.97,27.79
40049,OK,Garvin,16.21,8.12,29.68
40051,OK,Grady,20.6,10.83,35.87
40053,OK,Grant,14.12,6.73,26.99
40055,OK,Greer,14.78,7.82,26.08
40057,OK,Harmon,9.61,4.34,18.73
40059,OK,Harper,9.93,4.53,19.54
40061,OK,Haskell,15.38,7.39,29.13
40063,OK,Hughes,16.3,7.94,30.38
40065,OK,Jackson,13.02,6.23,24.27
40067,OK,Jefferson,16.55,7.75,30.95
40069,OK,Johnston,16.33,7.82,30.18
40071,OK,Kay,17.05,8.43,30.42
40073,OK,Kingfisher,13.29,6.41,25.13
40075,OK,Kiowa,18.01,8.94,32.52
40077,OK,Latimer,15.34,7.34,29.07
40079,OK,Le Flore,13.9,6.8,25.53
40081,OK,Lincoln,19.09,9.78,33.05
40083,OK,Logan,14.68,7.11,27.15
40085,OK,Love,12.01,5.61,22.83
40087,OK,McClain,16.11,8.21,28.73
40089,OK,McCurtain,17.69,8.9,31.54
40091,OK,McIntosh,16.7,8.02,30.59
40093,OK,Major,14.27,6.65,26.99
40095,OK,Marshall,12.15,5.75,22.97
40097,OK,Mayes,14.54,6.9,27.27
40099,OK,Murray,18.71,9.47,33.54
40101,OK,Muskogee,15.8,7.81,28.89
40103,OK,Noble,16.49,7.83,30.84
40105,OK,Nowata,16.06,7.77,30.15
40107,OK,Okfuskee,13.22,6.37,25.57
40109,OK,Oklahoma,15.89,10.54,23.21
40111,OK,Okmulgee,16.55,8.15,29.96
40113,OK,Osage,15.82,8,28.91
40115,OK,Ottawa,16.48,7.86,30.17
40117,OK,Pawnee,16.82,8.28,30.56
40119,OK,Payne,16.14,8.33,28.36
40121,OK,Pittsburg,15.19,7.61,28.4
40123,OK,Pontotoc,16.38,8.13,29.42
40125,OK,Pottawatomie,16.91,8.76,30.1
40127,OK,Pushmataha,15.33,7.37,28.46
40129,OK,Roger Mills,18.4,10.5,29.12
40131,OK,Rogers,15.63,8.1,27.99
40133,OK,Seminole,17.82,8.75,31.89
40135,OK,Sequoyah,21.45,11.55,35.95
40137,OK,Stephens,16.17,7.86,29.72
40139,OK,Texas,7.23,3.38,14.91
40141,OK,Tillman,11.25,5.29,21.61
40143,OK,Tulsa,16.5,10.21,24.89
40145,OK,Wagoner,13.95,7.01,25.82
40147,OK,Washington,18.11,9.23,31.9
40149,OK,Washita,17.92,8.68,32.39
40151,OK,Woods,16.37,8.03,30.58
40153,OK,Woodward,15.66,7.56,29.12
41001,OR,Baker,12.34,5.59,25.47
41003,OR,Benton,11.8,5.61,23.25
41005,OR,Clackamas,13.39,7.84,21.89
41007,OR,Clatsop,12.71,6.11,25.09
41009,OR,Columbia,11.7,5.57,22.24
41011,OR,Coos,13.3,6.3,25.47
41013,OR,Crook,11.16,4.99,21.87
41015,OR,Curry,13.75,6.39,27.03
41017,OR,Deschutes,11.61,5.89,21.76
41019,OR,Douglas,11.73,5.68,22.8
41021,OR,Gilliam,9.86,5.03,18.75
41023,OR,Grant,19.87,9.2,36.33
41025,OR,Harney,11.76,7.2,19.02
41027,OR,Hood River,10.2,4.41,20.6
41029,OR,Jackson,16.86,8.95,28.87
41031,OR,Jefferson,10.24,4.8,20.15
41033,OR,Josephine,12.67,6,24.71
41035,OR,Klamath,11.67,5.45,23.01
41037,OR,Lake,11.71,5.31,23.21
41039,OR,Lane,11.86,6.35,20.7
41041,OR,Lincoln,12.73,6.06,24.93
41043,OR,Linn,12.72,6.26,23.63
41045,OR,Malheur,9.27,4.27,18.01
41047,OR,Marion,12.8,7.32,21.2
41049,OR,Morrow,6.74,3.73,11.62
41051,OR,Multnomah,9.22,5.12,15.82
41053,OR,Polk,10.94,5.32,20.93
41055,OR,Sherman,9.73,4.28,20.49
41057,OR,Tillamook,12.78,5.97,24.96
41059,OR,Umatilla,8.94,4.17,18.16
41061,OR,Union,12.79,5.94,24.98
41063,OR,Wallowa,14.87,6.73,29.02
41065,OR,Wasco,12.77,5.99,24.97
41067,OR,Washington,10.09,5.92,16.7
41069,OR,Wheeler,10.09,5.55,17.51
41071,OR,Yamhill,10.92,5.27,21.49
42001,PA,Adams,12.53,6.12,23.86
42003,PA,Allegheny,16.55,11.17,23.88
42005,PA,Armstrong,10.64,4.83,21.54
42007,PA,Beaver,14.56,7.67,26.15
42009,PA,Bedford,8.22,3.9,15.85
42011,PA,Berks,12.1,7.13,19.7
42013,PA,Blair,10.02,4.79,19.28
42015,PA,Bradford,11.79,5.43,23.45
42017,PA,Bucks,7.52,4.08,13.46
42019,PA,Butler,7.81,3.7,15.68
42021,PA,Cambria,11.22,5.56,20.98
42023,PA,Cameron,12.19,6.81,20.62
42025,PA,Carbon,10.84,4.99,21.61
42027,PA,Centre,7.53,3.58,15.21
42029,PA,Chester,10.15,6.04,16.64
42031,PA,Clarion,10.05,4.59,20.46
42033,PA,Clearfield,9.76,4.63,19.21
42035,PA,Clinton,10.92,5.02,21.58
42037,PA,Columbia,10.77,5.04,21.25
42039,PA,Crawford,9.29,4.44,18.3
42041,PA,Cumberland,9.5,4.71,17.93
42043,PA,Dauphin,19.35,10.62,31.74
42045,PA,Delaware,10.68,6.13,17.96
42047,PA,Elk,9.97,4.66,19.52
42049,PA,Erie,11.93,6.27,21.04
42051,PA,Fayette,10.47,5.05,19.37
42053,PA,Forest,12.38,6.7,21.73
42055,PA,Franklin,8.72,4.5,16.66
42057,PA,Fulton,11.27,5.31,22.88
42059,PA,Greene,11.18,5.11,21.99
42061,PA,Huntingdon,13.91,6.86,26.09
42063,PA,Indiana,11.85,5.53,23.16
42065,PA,Jefferson,10.18,4.67,20.08
42067,PA,Juniata,8.35,3.87,16.67
42069,PA,Lackawanna,18.53,10.07,32.1
42071,PA,Lancaster,9.28,5.22,15.71
42073,PA,Lawrence,11.9,5.82,23.55
42075,PA,Lebanon,9.46,4.45,18.44
42077,PA,Lehigh,11.54,6.6,19.14
42079,PA,Luzerne,11.87,6.37,20.83
42081,PA,Lycoming,12.88,6.32,24.21
42083,PA,McKean,11.78,5.43,23.37
42085,PA,Mercer,9.51,4.53,18.1
42087,PA,Mifflin,10.62,4.83,21.11
42089,PA,Monroe,9.72,4.58,19.14
42091,PA,Montgomery,7.58,4.14,13.34
42093,PA,Montour,19.93,8.48,38.8
42095,PA,Northampton,9.12,4.56,16.76
42097,PA,Northumberland,9.04,4.39,17.19
42099,PA,Perry,8,3.83,15.75
42101,PA,Philadelphia,17.22,11.22,25.21
42103,PA,Pike,9.51,4.24,18.46
42105,PA,Potter,10.66,5.03,21.46
42107,PA,Schuylkill,15.81,8.57,26.87
42109,PA,Snyder,10.2,4.56,20.33
42111,PA,Somerset,8.78,4.16,17.26
42113,PA,Sullivan,8.87,4.1,18.1
42115,PA,Susquehanna,9.81,4.45,19.73
42117,PA,Tioga,11.08,5.12,21.49
42119,PA,Union,12.09,5.9,23.13
42121,PA,Venango,13.12,6.34,25.23
42123,PA,Warren,13.63,6.53,25.84
42125,PA,Washington,7.91,3.84,15.03
42127,PA,Wayne,10.97,4.86,21.87
42129,PA,Westmoreland,11.19,5.64,19.86
42131,PA,Wyoming,12.22,5.66,24.14
42133,PA,York,14.7,8.53,23.52
44001,RI,Bristol,15.33,7.21,29.47
44003,RI,Kent,15.76,8.03,27.34
44005,RI,Newport,15.02,7.42,27.33
44007,RI,Providence,15.31,9.06,24.67
44009,RI,Washington,13.97,7,25.45
45001,SC,Abbeville,18.44,9.28,32.88
45003,SC,Aiken,14.05,7.39,24.69
45005,SC,Allendale,18.03,10.85,28.2
45007,SC,Anderson,13.73,7.46,23.69
45009,SC,Bamberg,15.82,7.63,29.48
45011,SC,Barnwell,13.63,6.73,25.31
45013,SC,Beaufort,11.38,5.95,20.41
45015,SC,Berkeley,15.75,8.61,27.2
45017,SC,Calhoun,16.91,8.07,31.1
45019,SC,Charleston,15.82,9.08,25.71
45021,SC,Cherokee,14.82,7.48,27.85
45023,SC,Chester,15.87,7.71,29.47
45025,SC,Chesterfield,17.14,8.77,29.99
45027,SC,Clarendon,18.47,9.41,33.28
45029,SC,Colleton,18.79,9.38,33.42
45031,SC,Darlington,15.92,7.98,28.42
45033,SC,Dillon,15.24,7.18,28.05
45035,SC,Dorchester,19.05,11.01,30.24
45037,SC,Edgefield,17.6,8.49,32.08
45039,SC,Fairfield,18.74,9.4,33.16
45041,SC,Florence,14.25,7.42,25.63
45043,SC,Georgetown,17.58,8.99,31.68
45045,SC,Greenville,18.71,12.1,27.83
45047,SC,Greenwood,16.46,8.2,29.77
45049,SC,Hampton,16.69,8.05,30.75
45051,SC,Horry,19.22,11.38,29.99
45053,SC,Jasper,13.31,6.33,25.3
45055,SC,Kershaw,16.13,7.83,29.8
45057,SC,Lancaster,14.28,7.38,25.15
45059,SC,Laurens,17.26,9.22,29.35
45061,SC,Lee,16.05,7.9,30.01
45063,SC,Lexington,16.87,10.04,26.47
45065,SC,McCormick,21.2,12.83,32.1
45067,SC,Marion,15.3,7.71,28.91
45069,SC,Marlboro,13.53,6.7,25.68
45071,SC,Newberry,16.96,8.65,30.05
45073,SC,Oconee,16.77,8.52,29.25
45075,SC,Orangeburg,18.16,9.43,31.97
45077,SC,Pickens,14.94,7.49,26.71
45079,SC,Richland,13.79,8.15,22.15
45081,SC,Saluda,12.68,5.83,23.85
45083,SC,Spartanburg,17.69,10.73,27.6
45085,SC,Sumter,18.72,10.48,30.77
45087,SC,Union,17.84,8.7,32.15
45089,SC,Williamsburg,15.5,7.64,28.33
45091,SC,York,9.39,5.04,16.83
46003,SD,Aurora,11.96,5.59,23.71
46005,SD,Beadle,9.88,4.51,19.93
46007,SD,Bennett,14.91,7.67,26.6
46009,SD,Bon Homme,11.76,5.42,23.46
46011,SD,Brookings,11.57,5.24,22.6
46013,SD,Brown,10.74,5.09,20.75
46015,SD,Brule,14.03,6.47,26.89
46017,SD,Buffalo,14.09,6.16,27.81
46019,SD,Butte,11.63,5.56,23.09
46021,SD,Campbell,8.15,3.52,16.83
46023,SD,Charles Mix,13.7,6.25,27.19
46025,SD,Clark,10.08,4.48,20.05
46027,SD,Clay,13.33,6.29,25.47
46029,SD,Codington,12.47,5.92,24.05
46031,SD,Corson,13.03,5.88,26.39
46033,SD,Custer,13.67,6.2,26.43
46035,SD,Davison,17.71,8.37,32.34
46037,SD,Day,13.42,6.41,25.83
46039,SD,Deuel,11.1,5.06,22.94
46041,SD,Dewey,12.6,5.59,25.31
46043,SD,Douglas,9.83,4.27,20.43
46045,SD,Edmunds,11.6,5.33,23.23
46047,SD,Fall River,13.25,6.23,26.04
46049,SD,Faulk,11.07,5.08,22.38
46051,SD,Grant,11.56,5.26,23.41
46053,SD,Gregory,16.24,7.42,31.05
46055,SD,Haakon,11.63,6.5,19.22
46057,SD,Hamlin,9.12,4.23,18.84
46059,SD,Hand,12.76,5.98,24.67
46061,SD,Hanson,8.24,3.71,17.01
46063,SD,Harding,9.26,4.15,19.32
46065,SD,Hughes,11.52,5.25,22.72
46067,SD,Hutchinson,13.12,6.13,25.83
46069,SD,Hyde,9.62,4.49,19.2
46071,SD,Jackson,14.02,6.6,27
46073,SD,Jerauld,13.09,7.7,21.31
46075,SD,Jones,11.33,6.31,19.11
46077,SD,Kingsbury,14.12,6.83,26.99
46079,SD,Lake,12.45,5.75,24.62
46081,SD,Lawrence,13.71,6.48,26.24
46083,SD,Lincoln,13.18,6.23,25.2
46085,SD,Lyman,12.29,5.63,23.85
46087,SD,McCook,10.79,5.03,21.38
46089,SD,McPherson,12.5,5.64,24.83
46091,SD,Marshall,11.98,5.43,23.07
46093,SD,Meade,12.8,5.98,25.03
46095,SD,Mellette,15.67,7.27,30.34
46097,SD,Miner,11.88,5.48,23.38
46099,SD,Minnehaha,14.05,7.59,24.59
46101,SD,Moody,12.71,5.87,24.09
46102,SD,Oglala Lakota,12.59,6.12,24.64
46103,SD,Pennington,9.99,4.45,20.04
46105,SD,Perkins,10.66,4.83,21.03
46107,SD,Potter,15.32,7.47,29.19
46109,SD,Roberts,8.81,4.02,18.8
46111,SD,Sanborn,12.08,7.49,18.81
46115,SD,Spink,13.63,6.53,26.24
46117,SD,Stanley,14.22,6.82,27.42
46119,SD,Sully,12.73,5.77,24.76
46121,SD,Todd,16.08,8.42,27.68
46123,SD,Tripp,12.74,5.97,24.71
46125,SD,Turner,10.89,5.1,21.71
46127,SD,Union,13.85,6.57,25.68
46129,SD,Walworth,12.55,5.66,24.25
46135,SD,Yankton,13.57,6.3,26.24
46137,SD,Ziebach,12.2,6.7,20.75
47001,TN,Anderson,24.7,13.81,39.51
47003,TN,Bedford,11.99,5.89,22.59
47005,TN,Benton,15.05,7.27,29.18
47007,TN,Bledsoe,14.04,6.66,26.13
47009,TN,Blount,16.47,8.63,29.14
47011,TN,Bradley,12.44,5.83,23.65
47013,TN,Campbell,17.15,8.84,30.62
47015,TN,Cannon,14.23,6.72,26.85
47017,TN,Carroll,14.21,6.85,26.89
47019,TN,Carter,18.22,9.37,32.42
47021,TN,Cheatham,14.65,7.43,27.27
47023,TN,Chester,15,7.22,28.18
47025,TN,Claiborne,17.61,8.78,32.16
47027,TN,Clay,15.07,7.43,28.54
47029,TN,Cocke,20.01,10.47,34.27
47031,TN,Coffee,14.4,6.83,27.26
47033,TN,Crockett,11.47,5.42,22.43
47035,TN,Cumberland,18.19,9.17,33.45
47037,TN,Davidson,12.16,6.9,20.52
47039,TN,Decatur,16.27,7.92,30.17
47041,TN,De Kalb,14.79,7.15,28.06
47043,TN,Dickson,14.81,7.35,27
47045,TN,Dyer,18.89,9.18,33.95
47047,TN,Fayette,13.62,7.01,25.18
47049,TN,Fentress,12.44,5.9,24.82
47051,TN,Franklin,14.94,7.15,28.27
47053,TN,Gibson,14.89,7.29,27.4
47055,TN,Giles,16.72,8.5,30.37
47057,TN,Grainger,13.55,6.53,25.94
47059,TN,Greene,16.57,8.37,29.65
47061,TN,Grundy,15.08,6.95,28.6
47063,TN,Hamblen,14.14,6.77,26.02
47065,TN,Hamilton,21.47,12.19,34.05
47067,TN,Hancock,15.59,7.58,29.67
47069,TN,Hardeman,16.18,8.23,29.27
47071,TN,Hardin,16.49,8.36,29.87
47073,TN,Hawkins,18.98,9.89,32.98
47075,TN,Haywood,18.26,8.85,33.29
47077,TN,Henderson,16.47,7.82,30.87
47079,TN,Henry,16.97,8.38,31.37
47081,TN,Hickman,15.34,7.21,28.05
47083,TN,Houston,13.91,6.64,26.55
47085,TN,Humphreys,16.6,7.95,30.48
47087,TN,Jackson,14.21,6.67,27.08
47089,TN,Jefferson,13.64,6.43,25.24
47091,TN,Johnson,14.99,7.17,28.8
47093,TN,Knox,16.56,10.15,26.02
47095,TN,Lake,15.96,7.58,29.8
47097,TN,Lauderdale,15.41,7.42,28.31
47099,TN,Lawrence,16.7,8.42,30.62
47101,TN,Lewis,14.68,7.16,27.55
47103,TN,Lincoln,14.98,7.32,28.4
47105,TN,Loudon,13.47,6.36,25.46
47107,TN,McMinn,16.59,8.32,29.81
47109,TN,McNairy,18.75,9.08,34.14
47111,TN,Macon,15.91,8.26,28.2
47113,TN,Madison,22.21,11.52,37.43
47115,TN,Marion,15.41,7.51,29.08
47117,TN,Marshall,13.84,6.64,25.99
47119,TN,Maury,13.61,6.95,24.9
47121,TN,Meigs,18.56,9.18,33.36
47123,TN,Monroe,21.22,11.45,35.24
47125,TN,Montgomery,10.08,5.16,18.82
47127,TN,Moore,11.6,5.34,22.71
47129,TN,Morgan,18.59,9.19,32.85
47131,TN,Obion,16.18,7.8,29.68
47133,TN,Overton,15.72,7.72,28.79
47135,TN,Perry,15.85,7.65,30.67
47137,TN,Pickett,16.05,7.67,30.78
47139,TN,Polk,15.79,7.48,29.84
47141,TN,Putnam,15.42,7.59,28.36
47143,TN,Rhea,15.75,7.75,29.4
47145,TN,Roane,13.62,6.78,25.05
47147,TN,Robertson,18.13,9.56,31.55
47149,TN,Rutherford,18.24,11.25,27.49
47151,TN,Scott,15.87,7.73,29.03
47153,TN,Sequatchie,14.56,6.91,27.91
47155,TN,Sevier,12.56,6.02,23.98
47157,TN,Shelby,15.93,10.48,23.28
47159,TN,Smith,15.91,9.51,25.22
47161,TN,Stewart,16.1,7.98,30.19
47163,TN,Sullivan,17.29,8.78,31.01
47165,TN,Sumner,16.47,9.12,27.48
47167,TN,Tipton,13.21,6.63,24.02
47169,TN,Trousdale,16.38,7.74,30.45
47171,TN,Unicoi,16.17,7.71,30
47173,TN,Union,14.29,6.79,27.38
47175,TN,Van Buren,14.1,6.53,26.57
47177,TN,Warren,21.15,11.34,36.28
47179,TN,Washington,15.19,7.62,27.52
47181,TN,Wayne,15.83,7.55,29.35
47183,TN,Weakley,18.45,8.74,33.05
47185,TN,White,14.89,7.11,27.92
47187,TN,Williamson,14.66,8.16,24.75
47189,TN,Wilson,13.49,6.83,24.53
48001,TX,Anderson,14.3,7.11,26.41
48003,TX,Andrews,8.86,4.29,18.08
48005,TX,Angelina,17.3,8.68,31.46
48007,TX,Aransas,14.31,6.99,27.17
48009,TX,Archer,14.58,8.66,23.28
48011,TX,Armstrong,13.89,8.1,22.09
48013,TX,Atascosa,11.82,5.48,22.26
48015,TX,Austin,15.13,7.25,28.47
48017,TX,Bailey,8.86,4.99,15.08
48019,TX,Bandera,18.49,11.33,28.56
48021,TX,Bastrop,12.95,6.42,23.91
48023,TX,Baylor,21.05,12.58,32.49
48025,TX,Bee,14.14,7.78,23.63
48027,TX,Bell,13.43,7.54,22.88
48029,TX,Bexar,7.46,5.06,10.76
48031,TX,Blanco,16.43,8.26,29.67
48033,TX,Borden,14.47,8.51,23.61
48035,TX,Bosque,18.44,11.43,28.08
48037,TX,Bowie,18.01,9.41,31.7
48039,TX,Brazoria,14.98,8.65,24.18
48041,TX,Brazos,18.33,9.36,32.19
48043,TX,Brewster,13.71,6.28,26.23
48045,TX,Briscoe,14.76,8.42,24.8
48047,TX,Brooks,9.16,5.16,15.64
48049,TX,Brown,16.19,8.01,29.68
48051,TX,Burleson,18.6,9.17,33.34
48053,TX,Burnet,19.73,12.63,29.25
48055,TX,Caldwell,12.14,5.78,23.49
48057,TX,Calhoun,12.72,6.19,23.7
48059,TX,Callahan,15.61,9.43,24.85
48061,TX,Cameron,8.76,4.98,15.24
48063,TX,Camp,15.78,7.81,29.05
48065,TX,Carson,16.43,10.09,25.08
48067,TX,Cass,20.56,10.31,36.53
48069,TX,Castro,8.46,4.74,14.57
48071,TX,Chambers,11.42,5.38,22.1
48073,TX,Cherokee,15.87,10.06,23.99
48075,TX,Childress,20.98,11.12,34.58
48077,TX,Clay,16.94,8.62,30.41
48079,TX,Cochran,9.77,5.67,16.25
48081,TX,Coke,14.62,7.95,25.06
48083,TX,Coleman,19.11,11.45,30.36
48085,TX,Collin,13.04,8.42,19.91
48087,TX,Collingsworth,12.1,6.97,20.19
48089,TX,Colorado,14.93,7.21,27.37
48091,TX,Comal,12,5.82,22.74
48093,TX,Comanche,20.97,10.83,36.14
48095,TX,Concho,17.99,10.19,29.16
48097,TX,Cooke,18.72,9.41,32.84
48099,TX,Coryell,15.94,8.28,28.02
48101,TX,Cottle,14.08,8.09,23.03
48103,TX,Crane,12.21,6.44,21.05
48105,TX,Crockett,13.96,8.46,21.82
48107,TX,Crosby,13.1,8.06,20.23
48109,TX,Culberson,5.42,2.57,10.93
48111,TX,Dallam,11.3,5.64,20.51
48113,TX,Dallas,12.46,9.07,16.81
48115,TX,Dawson,10.71,5.08,21.21
48117,TX,Deaf Smith,10.88,5.07,21.57
48119,TX,Delta,15.05,7.55,26.96
48121,TX,Denton,12.38,7.91,18.47
48123,TX,De Witt,15.25,7.51,28.27
48125,TX,Dickens,17.63,10.62,27.54
48127,TX,Dimmit,11.08,5.89,19.55
48129,TX,Donley,19.52,11.48,30.37
48131,TX,Duval,9.83,5.52,17.03
48133,TX,Eastland,16.46,10.05,25.5
48135,TX,Ector,11.3,5.63,21.08
48137,TX,Edwards,9.89,5.63,16.86
48139,TX,Ellis,9.53,5.02,17.26
48141,TX,El Paso,14.18,8.87,21.98
48143,TX,Erath,12.54,6.36,22.55
48145,TX,Falls,15.8,9.15,25.82
48147,TX,Fannin,17.57,8.38,32.1
48149,TX,Fayette,14.96,7.19,27.54
48151,TX,Fisher,14.82,8.77,23.28
48153,TX,Floyd,13.39,6.24,26.11
48155,TX,Foard,14.1,8.01,23.57
48157,TX,Fort Bend,14.44,9.13,21.7
48159,TX,Franklin,16.12,9.84,25.14
48161,TX,Freestone,18.15,8.88,32.76
48163,TX,Frio,9.39,5.14,16.14
48165,TX,Gaines,12.87,7.4,21.23
48167,TX,Galveston,35.26,24.86,47.19
48169,TX,Garza,10.1,4.66,19.74
48171,TX,Gillespie,18.95,9.25,34.45
48173,TX,Glasscock,7.79,4.17,13.94
48175,TX,Goliad,14.86,8.3,24.57
48177,TX,Gonzales,12.45,5.92,23.48
48179,TX,Gray,16.12,7.64,29.81
48181,TX,Grayson,16.51,8.5,29.12
48183,TX,Gregg,21.67,12.01,35.3
48185,TX,Grimes,14.98,9,23.22
48187,TX,Guadalupe,15.48,8.3,26.83
48189,TX,Hale,14.16,7.05,26.17
48191,TX,Hall,16.89,9.6,27.66
48193,TX,Hamilton,20.19,12,31.79
48195,TX,Hansford,9.67,5.12,16.97
48197,TX,Hardeman,12.49,5.92,23.89
48199,TX,Hardin,16.37,9.72,26.11
48201,TX,Harris,9.97,7.28,13.34
48203,TX,Harrison,14.18,7.2,25.86
48205,TX,Hartley,11.11,6.03,19.01
48207,TX,Haskell,18.58,9.14,33.9
48209,TX,Hays,17.09,10.15,27.18
48211,TX,Hemphill,12.1,6.67,21
48213,TX,Henderson,34.09,19.97,51.32
48215,TX,Hidalgo,7.64,4.4,12.56
48217,TX,Hill,11.57,5.32,22.15
48219,TX,Hockley,14.38,6.68,27.6
48221,TX,Hood,18.01,10.25,29.64
48223,TX,Hopkins,18.02,8.93,32.9
48225,TX,Houston,14.77,7.29,27.31
48227,TX,Howard,16.2,9.15,26.41
48229,TX,Hudspeth,4.2,1.86,8.99
48231,TX,Hunt,14.13,7,25.66
48233,TX,Hutchinson,23.15,12.18,39.71
48235,TX,Irion,13.88,7.31,24.92
48237,TX,Jack,15.31,7.56,27.95
48239,TX,Jackson,15.46,9.24,24.27
48241,TX,Jasper,16.71,8.22,30.27
48243,TX,Jeff Davis,14.94,7.62,26.9
48245,TX,Jefferson,14.45,7.33,25.06
48247,TX,Jim Hogg,8.65,4.45,16.17
48249,TX,Jim Wells,10.59,6.15,17.14
48251,TX,Johnson,11.97,5.97,22.15
48253,TX,Jones,16.95,8.4,31.06
48255,TX,Karnes,14.98,9.13,23.33
48257,TX,Kaufman,12.77,6.22,23.25
48259,TX,Kendall,13.53,6.37,25.59
48261,TX,Kenedy,2.28,0.85,5.77
48263,TX,Kent,12.51,7.35,20.54
48265,TX,Kerr,23.55,12.8,38.25
48267,TX,Kimble,18.8,11.49,29.38
48269,TX,King,8.76,4.91,14.77
48271,TX,Kinney,9.1,4.74,16.46
48273,TX,Kleberg,10.35,4.83,19.89
48275,TX,Knox,15.36,8.66,25.23
48277,TX,Lamar,18.46,9.2,32.94
48279,TX,Lamb,12.08,5.64,22.8
48281,TX,Lampasas,16.53,7.98,30.11
48283,TX,La Salle,4.56,2.3,8.85
48285,TX,Lavaca,26.35,14.22,43.06
48287,TX,Lee,11.4,6.61,18.58
48289,TX,Leon,16.32,10.03,25.06
48291,TX,Liberty,30.97,20.5,43.67
48293,TX,Limestone,16.14,8.12,28.68
48295,TX,Lipscomb,11.82,6.38,20.84
48297,TX,Live Oak,10.8,6.24,17.83
48299,TX,Llano,25.86,13.51,43.19
48301,TX,Loving,23.5,13.22,37.78
48303,TX,Lubbock,15.27,8.11,26.2
48305,TX,Lynn,15.36,9.55,24.12
48307,TX,McCulloch,15.74,8.94,25.52
48309,TX,McLennan,20.17,13.16,29.44
48311,TX,McMullen,10.75,5.7,19.21
48313,TX,Madison,15.96,9.48,25.75
48315,TX,Marion,15.39,9.07,25.16
48317,TX,Martin,14.97,8.91,23.55
48319,TX,Mason,10.97,6.23,18.6
48321,TX,Matagorda,12.03,6.36,21.24
48323,TX,Maverick,4.44,1.85,10.27
48325,TX,Medina,22.84,12.91,36.88
48327,TX,Menard,15.43,8.89,25.11
48329,TX,Midland,11.8,6.38,20.78
48331,TX,Milam,16.31,9.98,25.36
48333,TX,Mills,15.48,8.73,25.91
48335,TX,Mitchell,17.51,10.31,27.44
48337,TX,Montague,17.32,10.48,26.96
48339,TX,Montgomery,20.52,13.79,28.87
48341,TX,Moore,10.59,6.2,17.22
48343,TX,Morris,16.11,9.96,24.93
48345,TX,Motley,15.1,8.78,24.45
48347,TX,Nacogdoches,14.92,7.57,27.43
48349,TX,Navarro,20.87,10.46,36.55
48351,TX,Newton,17.77,11.02,27.09
48353,TX,Nolan,15.29,7.46,28.67
48355,TX,Nueces,20.71,12.57,31.31
48357,TX,Ochiltree,9.1,4.85,16.66
48359,TX,Oldham,16.39,9.68,25.8
48361,TX,Orange,16.26,8.51,28.24
48363,TX,Palo Pinto,18.01,11.15,27.49
48365,TX,Panola,17.43,10.03,28.19
48367,TX,Parker,17.02,9.08,29.13
48369,TX,Parmer,11.61,5.4,22.64
48371,TX,Pecos,16.6,8.29,29.59
48373,TX,Polk,20.21,10.06,35.81
48375,TX,Potter,12.15,5.86,23.04
48377,TX,Presidio,5.03,1.83,13
48379,TX,Rains,19.07,10.41,31.32
48381,TX,Randall,15.46,8.45,26.29
48383,TX,Reagan,9.94,5.62,16.63
48385,TX,Real,14.61,7.72,25.55
48387,TX,Red River,19.41,12.86,28.7
48389,TX,Reeves,9.19,4.08,18.71
48391,TX,Refugio,14.56,7.05,27.45
48393,TX,Roberts,16.92,10.18,26.42
48395,TX,Robertson,15.6,9.45,23.98
48397,TX,Rockwall,29.14,17.83,43.45
48399,TX,Runnels,17.71,10.35,28.48
48401,TX,Rusk,16.21,8.44,28.3
48403,TX,Sabine,13.17,7.24,22.65
48405,TX,San Augustine,15.71,8.91,25.61
48407,TX,San Jacinto,15.8,7.87,29.33
48409,TX,San Patricio,10.87,5.47,20.41
48411,TX,San Saba,12.11,7.24,19.79
48413,TX,Schleicher,10.68,5.88,18.3
48415,TX,Scurry,16.73,9.46,26.98
48417,TX,Shackelford,13.48,7.92,21.77
48419,TX,Shelby,16.98,10.35,26.31
48421,TX,Sherman,10.49,5.74,17.8
48423,TX,Smith,31.43,19.19,45.46
48425,TX,Somervell,19.42,10.37,32.48
48427,TX,Starr,3.19,1.24,7.73
48429,TX,Stephens,13.38,6.38,25.89
48431,TX,Sterling,15.29,8.82,24.91
48433,TX,Stonewall,18.77,11.09,29.81
48435,TX,Sutton,11.92,6.59,20.04
48437,TX,Swisher,13.97,8.04,22.61
48439,TX,Tarrant,8.93,6.23,12.5
48441,TX,Taylor,34.47,21.37,50.08
48443,TX,Terrell,13.14,6.49,23.66
48445,TX,Terry,13.49,6.47,25.12
48447,TX,Throckmorton,21.86,13.26,33.76
48449,TX,Titus,18.28,9.06,32.33
48451,TX,Tom Green,21.67,12.53,33.95
48453,TX,Travis,10.03,6.46,15.37
48455,TX,Trinity,18.18,10.41,29.85
48457,TX,Tyler,19.54,10.54,32.84
48459,TX,Upshur,16.19,7.8,30.19
48461,TX,Upton,10.99,6.19,18.67
48463,TX,Uvalde,10.9,5.12,21.22
48465,TX,Val Verde,10.18,4.77,19.83
48467,TX,Van Zandt,12.21,6.01,22.77
48469,TX,Victoria,19.91,10.8,32.6
48471,TX,Walker,19.97,11.94,30.85
48473,TX,Waller,16.34,8.77,28.19
48475,TX,Ward,12.02,6.95,20.02
48477,TX,Washington,17.69,10.85,27.02
48479,TX,Webb,4.75,2.36,9.54
48481,TX,Wharton,13.03,6.14,24.44
48483,TX,Wheeler,14.53,8.56,23.36
48485,TX,Wichita,31.33,19.26,45.99
48487,TX,Wilbarger,18.82,11.67,28.67
48489,TX,Willacy,9.26,4.45,18.1
48491,TX,Williamson,8.68,4.89,14.67
48493,TX,Wilson,20.87,10.65,36.75
48495,TX,Winkler,10.99,5.26,21.43
48497,TX,Wise,13.13,6.4,24.59
48499,TX,Wood,18.78,9.21,33.67
48501,TX,Yoakum,8.99,4.66,16.3
48503,TX,Young,17.82,10.28,28.38
48505,TX,Zapata,3.83,1.59,9.51
48507,TX,Zavala,10.84,5.97,18.94
49001,UT,Beaver,10.12,5.41,17.77
49003,UT,Box Elder,8.75,4.19,17.23
49005,UT,Cache,10.58,5.33,20.2
49007,UT,Carbon,11.09,5.14,22.16
49009,UT,Daggett,8.44,4.5,15.4
49011,UT,Davis,14.69,8.72,23.52
49013,UT,Duchesne,10.32,4.7,20.74
49015,UT,Emery,8.93,4.12,18.61
49017,UT,Garfield,10.47,5.7,18.36
49019,UT,Grand,12.69,5.74,24.61
49021,UT,Iron,10.05,4.84,19.45
49023,UT,Juab,13.49,6.25,25.92
49025,UT,Kane,9.15,4.07,18.64
49027,UT,Millard,10.35,4.72,20.15
49029,UT,Morgan,10.16,4.53,20.65
49031,UT,Piute,8.57,4.08,17.24
49033,UT,Rich,8.19,4.97,13.16
49035,UT,Salt Lake,18.89,12.94,26.65
49037,UT,San Juan,8.28,3.58,17.53
49039,UT,Sanpete,9.66,4.31,19.35
49041,UT,Sevier,10.01,4.56,20.02
49043,UT,Summit,11.67,5.38,23.71
49045,UT,Tooele,8.28,4.06,16.1
49047,UT,Uintah,10.43,4.86,20.53
49049,UT,Utah,11.67,7.17,18.65
49051,UT,Wasatch,10.35,4.71,20.92
49053,UT,Washington,11.43,5.85,20.55
49055,UT,Wayne,10.58,5.67,18.3
49057,UT,Weber,9.53,4.95,17.1
50001,VT,Addison,18.44,8.94,33.56
50003,VT,Bennington,18.89,9.27,33.46
50005,VT,Caledonia,18.43,8.61,32.42
50007,VT,Chittenden,17.77,9.16,30.81
50009,VT,Essex,16.21,7.7,29.91
50011,VT,Franklin,14.75,7.38,26.9
50013,VT,Grand Isle,15.16,7.39,28.05
50015,VT,Lamoille,17.3,8.28,31.66
50017,VT,Orange,16.05,7.45,30.4
50019,VT,Orleans,19.15,9.22,33.53
50021,VT,Rutland,15.71,7.84,28.78
50023,VT,Washington,20.78,10.36,36.25
50025,VT,Windham,18.05,8.8,32.71
50027,VT,Windsor,18.23,9.08,32.24
51001,VA,Accomack,13.34,6.35,25.64
51003,VA,Albemarle,13.6,6.65,26.03
51005,VA,Alleghany,14.28,6.74,27.73
51007,VA,Amelia,14.29,6.91,27.32
51009,VA,Amherst,14.65,6.88,27.25
51011,VA,Appomattox,14.39,8.63,22.59
51013,VA,Arlington,12.84,6.57,23.29
51015,VA,Augusta,13.52,6.84,24.87
51017,VA,Bath,15.09,7.23,27.92
51019,VA,Bedford,17.27,9.13,30.12
51021,VA,Bland,12.58,5.88,24.67
51023,VA,Botetourt,14.32,6.97,27.03
51025,VA,Brunswick,18.82,11.68,28.69
51027,VA,Buchanan,15.32,9.29,23.9
51029,VA,Buckingham,18.63,9.21,33.24
51031,VA,Campbell,13.68,6.68,24.88
51033,VA,Caroline,13.17,6.57,24.75
51035,VA,Carroll,17.81,8.59,32.52
51036,VA,Charles City,15.35,9.57,23.56
51037,VA,Charlotte,17.42,8.29,31.45
51041,VA,Chesterfield,12.29,6.91,20.39
51043,VA,Clarke,14.84,7.1,27.43
51045,VA,Craig,13.95,6.53,26.84
51047,VA,Culpeper,11.08,5.82,20.5
51049,VA,Cumberland,16.36,7.86,30.42
51051,VA,Dickenson,15.3,7.39,28.53
51053,VA,Dinwiddie,16.44,8.45,29.83
51057,VA,Essex,15.77,7.4,29.63
51059,VA,Fairfax,16.6,11.35,23.53
51061,VA,Fauquier,11.62,5.71,22.47
51063,VA,Floyd,17.93,8.71,32.28
51065,VA,Fluvanna,13,6.39,24.91
51067,VA,Franklin,13.77,6.78,25.16
51069,VA,Frederick,9.68,4.86,18.56
51071,VA,Giles,13.63,6.64,25.55
51073,VA,Gloucester,15.85,7.69,29.51
51075,VA,Goochland,15.76,7.3,29.65
51077,VA,Grayson,13.69,6.62,26.06
51079,VA,Greene,13.23,6.13,24.7
51081,VA,Greensville,17.61,10.21,29.23
51083,VA,Halifax,18.3,9.17,32.97
51085,VA,Hanover,15.51,8.15,27.09
51087,VA,Henrico,23.69,15.24,34.63
51089,VA,Henry,19.44,9.92,34.24
51091,VA,Highland,13.65,7.16,23.73
51093,VA,Isle of Wight,13.08,6.29,23.91
51095,VA,James City,18.28,9.17,32.68
51097,VA,King and Queen,17.32,8.33,32.26
51099,VA,King George,13,6.02,24.94
51101,VA,King William,16.04,7.72,29.87
51103,VA,Lancaster,17,8.38,31.4
51105,VA,Lee,14.56,6.86,27.37
51107,VA,Loudoun,12.26,7.22,20.22
51109,VA,Louisa,12.34,5.84,23.61
51111,VA,Lunenburg,14.29,7,27.39
51113,VA,Madison,17.52,10.15,28.55
51115,VA,Mathews,15.3,7.41,29.68
51117,VA,Mecklenburg,14.57,7.03,27.13
51119,VA,Middlesex,17.94,11.6,26.84
51121,VA,Montgomery,19.92,10.32,34.25
51125,VA,Nelson,17.26,10.28,27.41
51127,VA,New Kent,14.74,7.28,27.11
51131,VA,Northampton,18.36,9.09,33.95
51133,VA,Northumberland,17.66,8.53,33.07
51135,VA,Nottoway,15.51,7.12,28.89
51137,VA,Orange,14.78,7.2,27.98
51139,VA,Page,14.98,7.22,27.75
51141,VA,Patrick,13.31,6.45,25.93
51143,VA,Pittsylvania,16.57,8.15,29.26
51145,VA,Powhatan,14.25,6.98,27.39
51147,VA,Prince Edward,14.66,7.06,27.43
51149,VA,Prince George,12.57,5.9,24.16
51153,VA,Prince William,9.19,5.25,15.72
51155,VA,Pulaski,16.67,8.08,30.39
51157,VA,Rappahannock,15.24,7.34,28.64
51159,VA,Richmond,9.58,4.43,19.4
51161,VA,Roanoke,14.02,6.97,25.96
51163,VA,Rockbridge,15.66,7.34,30.06
51165,VA,Rockingham,9.91,4.95,17.82
51167,VA,Russell,13.68,6.53,25.98
51169,VA,Scott,13.99,6.87,25.82
51171,VA,Shenandoah,14.46,7.1,27.17
51173,VA,Smyth,16.67,8.29,30.68
51175,VA,Southampton,14.43,6.97,26.87
51177,VA,Spotsylvania,17.43,9.61,29.66
51179,VA,Stafford,11.89,6.32,21.56
51181,VA,Surry,17.47,8.73,32.02
51183,VA,Sussex,16.05,7.75,30.2
51185,VA,Tazewell,18.29,9.38,32.33
51187,VA,Warren,15.38,7.42,29.37
51191,VA,Washington,17.04,8.46,31.3
51193,VA,Westmoreland,13.67,6.51,26.12
51195,VA,Wise,14.58,7.34,26
51197,VA,Wythe,15.12,7.23,28.58
51199,VA,York,18.66,9.46,33.03
51510,VA,Alexandria City,14.43,7.23,26.8
51515,VA,Bedford City,13.8,4,38.03
51520,VA,Bristol City,19.02,9.43,34.16
51530,VA,Buena Vista City,13.49,3.79,38.57
51540,VA,Charlottesville City,20.93,9.2,39.27
51550,VA,Chesapeake City,17.8,10.31,28.79
51570,VA,Colonial Heights Cit,15.38,7.43,29.1
51580,VA,Covington City,17.3,8.56,31.7
51590,VA,Danville City,22.12,10.84,38.94
51595,VA,Emporia City,15.33,4.33,40.97
51600,VA,Fairfax City,10.55,4.93,21.09
51610,VA,Falls Church City,13.9,5.95,27.58
51620,VA,Franklin City,18.6,9.05,33.77
51630,VA,Fredericksburg City,18.27,8.86,33.68
51640,VA,Galax City,11.41,5.43,22.42
51650,VA,Hampton City,17.35,9.13,29.86
51660,VA,Harrisonburg City,12.5,6.07,23.86
51670,VA,Hopewell City,15.29,7.62,28.05
51678,VA,Lexington City,12.43,3.38,35.61
51680,VA,Lynchburg City,18.24,8.84,33.19
51683,VA,Manassas City,11.88,5.47,23.16
51685,VA,Manassas Park City,8.33,3.7,16.9
51690,VA,Martinsville City,15.8,4.57,41.23
51700,VA,Newport News City,14.26,7.9,24.29
51710,VA,Norfolk City,17.16,8.99,30.05
51720,VA,Norton City,16.96,8.1,32.38
51730,VA,Petersburg City,15.91,7.84,29.27
51735,VA,Poquoson City,14.95,6.93,28.76
51740,VA,Portsmouth City,13.88,7.15,24.94
51750,VA,Radford City,17.11,8.32,32.42
51760,VA,Richmond City,24.13,13.59,38.79
51770,VA,Roanoke City,14.23,7.1,26.5
51775,VA,Salem City,17.42,8.72,32.16
51790,VA,Staunton City,14.41,6.98,26.77
51800,VA,Suffolk City,25.59,15.01,40.54
51810,VA,Virginia Beach City,17.23,10.83,26.07
51820,VA,Waynesboro City,16.06,7.94,29.32
51830,VA,Williamsburg City,13.58,6.54,26.56
51840,VA,Winchester City,18.5,8.49,34.36
53001,WA,Adams,6.66,2.92,14.4
53003,WA,Asotin,13.53,6.38,26.26
53005,WA,Benton,9.17,4.76,16.77
53007,WA,Chelan,11.67,5.44,22.19
53009,WA,Clallam,12.64,6.08,24.48
53011,WA,Clark,13.85,8.22,22.28
53013,WA,Columbia,11.41,6.56,19
53015,WA,Cowlitz,14.01,7.11,25.16
53017,WA,Douglas,8.64,3.97,17.67
53019,WA,Ferry,13.2,5.9,25.69
53021,WA,Franklin,10.33,5.07,20.19
53023,WA,Garfield,13.64,6.31,26.53
53025,WA,Grant,7.54,3.54,15.21
53027,WA,Grays Harbor,12.19,5.67,23.82
53029,WA,Island,11.89,5.63,23.46
53031,WA,Jefferson,13.18,6.03,26.12
53033,WA,King,9.58,6.19,14.59
53035,WA,Kitsap,12,6.26,21.5
53037,WA,Kittitas,11.87,5.49,23.61
53039,WA,Klickitat,13.16,6.14,25.55
53041,WA,Lewis,17.71,9.02,30.16
53043,WA,Lincoln,10.96,6.55,17.5
53045,WA,Mason,12.17,5.67,23.97
53047,WA,Okanogan,12.2,5.45,23.72
53049,WA,Pacific,11.41,5.22,22.75
53051,WA,Pend Oreille,11.67,6.14,20.99
53053,WA,Pierce,15.17,9.63,23.32
53055,WA,San Juan,13.25,7.2,22.74
53057,WA,Skagit,9.54,4.66,18.56
53059,WA,Skamania,9.71,4.42,19.76
53061,WA,Snohomish,8.87,5.09,14.94
53063,WA,Spokane,17.51,10.47,27.63
53065,WA,Stevens,11.64,5.25,22.84
53067,WA,Thurston,13.98,7.3,24.6
53069,WA,Wahkiakum,10.25,4.65,20.74
53071,WA,Walla Walla,12.02,5.65,23.71
53073,WA,Whatcom,15.65,8.27,26.83
53075,WA,Whitman,10.83,5.05,21.56
53077,WA,Yakima,8.22,4.22,15.2
54001,WV,Barbour,14.65,7.09,28.2
54003,WV,Berkeley,14.94,7.78,26.09
54005,WV,Boone,18.04,8.93,32.84
54007,WV,Braxton,17.63,8.53,32.28
54009,WV,Brooke,13.76,6.59,25.6
54011,WV,Cabell,25.39,14.23,41.31
54013,WV,Calhoun,16.31,8.01,30.61
54015,WV,Clay,17.69,8.66,32.03
54017,WV,Doddridge,15.14,7.52,28.27
54019,WV,Fayette,17.02,8.45,30.96
54021,WV,Gilmer,15.23,7.3,28.62
54023,WV,Grant,12.46,5.85,25.06
54025,WV,Greenbrier,18.11,9,33.17
54027,WV,Hampshire,17.21,8.47,31.11
54029,WV,Hancock,20.55,10.58,36.16
54031,WV,Hardy,16,7.86,29.24
54033,WV,Harrison,17.41,8.8,31.26
54035,WV,Jackson,16.57,7.97,30.31
54037,WV,Jefferson,16.2,8.17,28.98
54039,WV,Kanawha,20.95,11.66,33.69
54041,WV,Lewis,16.91,8.21,31.2
54043,WV,Lincoln,15.5,7.64,28.34
54045,WV,Logan,15.67,7.7,29.12
54047,WV,McDowell,16,7.85,29.53
54049,WV,Marion,16.14,8.11,29.79
54051,WV,Marshall,17,8.5,30.82
54053,WV,Mason,15.65,7.79,28.39
54055,WV,Mercer,16.86,8.7,30.12
54057,WV,Mineral,15.92,7.81,29.51
54059,WV,Mingo,15.25,7.34,28.19
54061,WV,Monongalia,16.5,8.45,29.67
54063,WV,Monroe,17,8.25,30.84
54065,WV,Morgan,15.78,7.58,30.32
54067,WV,Nicholas,19.31,9.87,34.1
54069,WV,Ohio,19.53,9.61,34.61
54071,WV,Pendleton,16.15,7.79,30.13
54073,WV,Pleasants,16.74,8.04,30.7
54075,WV,Pocahontas,14.27,6.82,27.3
54077,WV,Preston,15.09,7.49,27.71
54079,WV,Putnam,16.64,7.91,29.86
54081,WV,Raleigh,22.53,12.1,37.8
54083,WV,Randolph,17.2,8.43,31.75
54085,WV,Ritchie,15.93,7.91,29.46
54087,WV,Roane,15.95,7.81,30.14
54089,WV,Summers,17.21,8.13,31.28
54091,WV,Taylor,15.92,7.71,29.87
54093,WV,Tucker,17.94,8.42,32.35
54095,WV,Tyler,16.91,8.27,30.9
54097,WV,Upshur,17.23,8.6,31.46
54099,WV,Wayne,18.36,9.38,32.06
54101,WV,Webster,19.04,9.5,34.04
54103,WV,Wetzel,19.66,9.76,34.96
54105,WV,Wirt,17.76,8.79,32.63
54107,WV,Wood,20.33,10.91,33.65
54109,WV,Wyoming,14.64,6.96,27.54
55001,WI,Adams,11.48,5.41,22.75
55003,WI,Ashland,17.81,8.33,32.59
55005,WI,Barron,13.55,6.65,25.59
55007,WI,Bayfield,12.78,5.9,24.97
55009,WI,Brown,11.67,6.33,20.35
55011,WI,Buffalo,12.63,5.92,24.52
55013,WI,Burnett,13.43,6.25,25.08
55015,WI,Calumet,10.85,5.21,21.09
55017,WI,Chippewa,14.25,7.08,26.77
55019,WI,Clark,8.89,4.16,17.63
55021,WI,Columbia,11.59,5.53,22.13
55023,WI,Crawford,12.54,5.78,24.95
55025,WI,Dane,10.6,6.06,17.93
55027,WI,Dodge,11.77,5.76,22.44
55029,WI,Door,12.82,5.8,25.43
55031,WI,Douglas,12.37,5.84,23.73
55033,WI,Dunn,11.86,5.64,23.1
55035,WI,Eau Claire,11.34,5.35,22.1
55037,WI,Florence,13.54,6.28,26.88
55039,WI,Fond du Lac,12.41,6.23,22.64
55041,WI,Forest,12.99,6.07,25.91
55043,WI,Grant,11.28,5.35,21.98
55045,WI,Green,11.28,5.21,21.52
55047,WI,Green Lake,13.28,6.26,25.91
55049,WI,Iowa,11.65,5.46,23.46
55051,WI,Iron,16.4,7.69,30.35
55053,WI,Jackson,13.91,6.49,27.02
55055,WI,Jefferson,10.31,4.93,19.69
55057,WI,Juneau,12.34,5.66,24.32
55059,WI,Kenosha,12.55,6.77,21.94
55061,WI,Kewaunee,11.66,5.51,23.04
55063,WI,La Crosse,12.69,6.25,24.03
55065,WI,Lafayette,10.62,4.84,21.09
55067,WI,Langlade,12.76,5.87,25.04
55069,WI,Lincoln,13.01,6.23,25.25
55071,WI,Manitowoc,9.56,4.71,18.33
55073,WI,Marathon,11.37,5.58,21.38
55075,WI,Marinette,15.45,7.39,29.06
55077,WI,Marquette,9.97,4.66,19.64
55078,WI,Menominee,14.76,6.88,28.66
55079,WI,Milwaukee,11.11,6.88,17.54
55081,WI,Monroe,10.9,5.21,21.58
55083,WI,Oconto,10.58,4.93,20.75
55085,WI,Oneida,17.27,8.49,31.57
55087,WI,Outagamie,11.4,5.86,20.64
55089,WI,Ozaukee,12.77,6.1,24.56
55091,WI,Pepin,12.5,5.81,24.53
55093,WI,Pierce,10.48,4.85,20.92
55095,WI,Polk,12.83,6.17,24.92
55097,WI,Portage,11.69,5.59,22.61
55099,WI,Price,12.12,5.63,23.85
55101,WI,Racine,12.93,6.93,22.67
55103,WI,Richland,13.56,6.31,25.73
55105,WI,Rock,10.81,5.45,19.77
55107,WI,Rusk,15.45,7.45,29.09
55109,WI,St Croix,9.7,4.72,18.45
55111,WI,Sauk,12.48,5.95,24.19
55113,WI,Sawyer,14.48,6.62,27.87
55115,WI,Shawano,13.43,6.42,25.17
55117,WI,Sheboygan,13.3,7.04,23.61
55119,WI,Taylor,11.51,5.21,23.18
55121,WI,Trempealeau,9.63,4.45,19.15
55123,WI,Vernon,10.56,5.05,20.68
55125,WI,Vilas,14.38,6.77,27.36
55127,WI,Walworth,9.75,4.66,18.5
55129,WI,Washburn,14.08,6.27,26.74
55131,WI,Washington,11.2,5.52,21.39
55133,WI,Waukesha,11.28,6.03,20.14
55135,WI,Waupaca,14.47,7.02,26.39
55137,WI,Waushara,10.98,4.99,21.85
55139,WI,Winnebago,13.18,7.21,23.18
55141,WI,Wood,13.11,6.31,25.03
56001,WY,Albany,11.78,5.39,23.2
56003,WY,Big Horn,10.29,4.6,20.53
56005,WY,Campbell,12.9,6.35,24.54
56007,WY,Carbon,11.45,5.33,23.28
56009,WY,Converse,10.32,4.77,20.99
56011,WY,Crook,11.17,5.06,22.26
56013,WY,Fremont,13.27,6.31,25.4
56015,WY,Goshen,11.76,5.34,23.21
56017,WY,Hot Springs,14.58,6.81,28.43
56019,WY,Johnson,13.5,6.17,25.93
56021,WY,Laramie,10.97,5.43,20.75
56023,WY,Lincoln,12.18,5.77,23.92
56025,WY,Natrona,13.79,7.03,25.12
56027,WY,Niobrara,11.71,5.11,24.29
56029,WY,Park,13.8,6.41,26.42
56031,WY,Platte,12.04,5.4,23.86
56033,WY,Sheridan,12.35,5.77,23.94
56035,WY,Sublette,12.73,5.77,25.73
56037,WY,Sweetwater,8.99,4.13,17.77
56039,WY,Teton,11.67,5.28,23.95
56041,WY,Uinta,10.27,4.8,20.54
56043,WY,Washakie,11.71,5.43,22.85
56045,WY,Weston,11.24,5.07,21.91