FIPS,County,State,Diabetes_2004,Diabetes_2005,Diabetes_2006,Diabetes_2007,Diabetes_2008,Diabetes_2009,Diabetes_2010,Diabetes_2011,Diabetes_2012,Diabetes_2013,Diabetes_2014,Diabetes_2015,Diabetes_2016,Diabetes_2017,Diabetes_2018,Diabetes_2019,Diabetes_2020,Diabetes_2021
1001,Autauga County,Alabama,7.7,8.5,9,7.7,8,8.6,8.9,8.8,9.1,7.9,9.8,9,10.1,8.2,9,9.4,8.1,7.9
1003,Baldwin County,Alabama,6.1,6,6.4,7,7.1,7.3,9.5,9.1,8.1,8,7.7,8.5,8.7,8.4,8.1,7.8,8.7,10.1
1005,Barbour County,Alabama,8.2,7.9,8.5,10.3,9.7,11.2,12.2,11.7,12,12,13,13.2,13,11.8,13.9,11.9,10.2,10
1007,Bibb County,Alabama,6.9,8.1,7.6,9.1,9.6,7.9,9.6,9.4,9.9,9.5,11.3,10.3,11.4,10.4,10.3,10.8,9.2,9.6
1009,Blount County,Alabama,6.9,6.8,7.1,8.1,8.2,8.7,9.1,10,9,10,10.8,10.1,10.2,12.3,10.8,10,9.9,8.9
1011,Bullock County,Alabama,8.2,8.7,9.1,11.5,11.6,11.6,11.3,13.7,12.2,10,10.3,11.6,10.8,10.1,10.7,10.1,9.6,9.3
1013,Butler County,Alabama,7,7.1,7.5,9,10.9,11.9,12.9,11.6,12.5,11.2,12.1,12.1,12.9,11.1,11.1,12.9,12.6,10.3
1015,Calhoun County,Alabama,9,7.8,9.3,11.4,11.8,12.5,11.6,11.7,11.2,11.9,12,13,13,13.3,13,13.5,13.9,12.3
1017,Chambers County,Alabama,8.3,9,8.8,10.6,11.4,12.3,10.3,10.4,12.2,10.2,10.5,10.9,11.6,12.3,12.2,12.1,10.9,11.2
1019,Cherokee County,Alabama,7,7.2,8.2,10,9.1,9,8.5,8.9,9.4,9.2,7.6,7.8,9.3,9.5,11.1,9.5,9.8,9.2
1021,Chilton County,Alabama,7,7.4,7.5,7.6,7.8,8,9.7,10.6,9.4,9,9.8,10.3,11.1,12.4,14.4,11.5,10,10.2
1023,Choctaw County,Alabama,8.5,8.3,8.1,8.1,9.6,12.1,12.5,13.1,13.6,13.5,11.8,11.2,10.8,11.8,11.6,10.9,11.5,11.8
1025,Clarke County,Alabama,8.6,9.3,8.2,9.4,9,11.7,11.3,12.7,11.1,10.4,11.3,12.2,14,14,14.3,12.5,11.2,10.4
1027,Clay County,Alabama,6.6,6.8,6.8,8.5,8.2,9.4,10.6,9.9,10.6,9.2,9.3,9.4,9.2,8.2,9.6,9.2,8.3,8.4
1029,Cleburne County,Alabama,7.4,7.3,7,7.4,7.4,8,9.4,9.2,8.4,8.3,7.4,7.7,8.3,8.4,8.7,8.4,7.9,9
1031,Coffee County,Alabama,7.1,8,7.1,7.4,9.1,10,10.9,9,10.5,12.1,11.9,11.4,11.7,12.7,13.5,11.9,10.3,10.2
1033,Colbert County,Alabama,7.4,8.2,9.6,10,10.2,10.9,10.1,10.7,12.5,13,14,12.7,13.4,12.4,12.3,11.4,9.7,8.5
1035,Conecuh County,Alabama,7.9,8.1,8.5,9,9.3,10.9,12,14,12.3,10,11.3,12.3,12.5,11.9,11.9,10.7,10.9,12.3
1037,Coosa County,Alabama,7.5,8.2,8.2,8.6,8.4,8.6,8.9,9.3,10.7,9.8,10.1,9.2,11.7,9,9.8,9.4,8.7,8.8
1039,Covington County,Alabama,7.4,7.9,8.7,9.2,9.5,10,8.7,10.4,10,10.9,9.7,9.7,10.8,10.4,12.1,12.2,12.1,11.2
1041,Crenshaw County,Alabama,6.3,6.9,7.8,8,8.2,8.3,9.7,10.7,10.9,8.8,9.6,9.2,10,9.7,10.7,11,10.8,9.8
1043,Cullman County,Alabama,8.2,7.7,7,7.9,9.5,9.2,10,9.5,10,10.3,10.2,13.2,11.5,12.2,11.3,10.2,10.6,10.5
1045,Dale County,Alabama,7.4,10.1,8.9,10,10.1,10.7,10.7,11.7,11.8,11,11.3,11.8,13.1,11.4,11.8,12.1,13.4,12.3
1047,Dallas County,Alabama,11.5,10.3,10.6,10.7,12.3,12.4,12.2,11.8,13.9,14.1,14.8,13.3,12.9,12.7,14.2,14.8,13.6,12.8
1049,Dekalb County,Alabama,6.2,7.5,7.7,9.4,8.9,8.7,8.8,10.8,10.7,11.5,10.2,8.9,9.9,10,10.8,9.8,9.9,9.9
1051,Elmore County,Alabama,6,6.5,8.3,7.1,8,7.9,9.7,9.2,10.5,9.2,9.9,9.6,10.7,10.3,11.5,14.1,11.3,10.3
1053,Escambia County,Alabama,7.9,8.7,8.1,8.9,8.5,10.5,11.3,10.5,10.8,14.2,14.8,15.6,13.2,13.1,14.1,14.7,14.2,11.4
1055,Etowah County,Alabama,7.1,6.8,8.3,7.9,7.9,9.6,10.4,10.7,12.1,11.8,13.3,11.5,11.2,13.2,13.9,13.1,13.8,12.1
1057,Fayette County,Alabama,7.3,7.9,8.2,9.1,8.2,9.3,10.5,12,12.7,9.6,9.6,10.6,9.7,12.5,10,9,8.7,8.3
1059,Franklin County,Alabama,6.8,6.6,7.2,7.3,8.7,10.6,11.3,10.2,9.3,9.6,10.6,9.5,10.1,10.5,10.1,9.8,8.5,7.8
1061,Geneva County,Alabama,6.9,7.4,7.7,7.8,10.4,9.5,10,10.5,9.3,10,9.3,11.2,11.6,10.3,11.8,9.4,12.2,12.3
1063,Greene County,Alabama,7.6,8,8.5,13.4,13,12,11.7,12.9,12.7,13.7,12.7,12.2,10.9,11,11.8,12.3,10.7,11.6
1065,Hale County,Alabama,8.3,8.4,8.5,11.7,11.9,13,11.5,12.9,10.9,12.7,10.4,11.2,11.8,11.8,11.5,11.8,11.8,10.5
1067,Henry County,Alabama,6.5,7.2,7.1,8.8,9,10.2,9.5,9.9,9.6,11.5,12.4,11.1,9.1,11.4,10,11.8,9.4,8.1
1069,Houston County,Alabama,7.3,7.2,7.3,9,9.6,9.9,9.8,11,11.2,10.5,11.3,11.4,12.3,11.4,14.4,13.4,11.3,10.4
1071,Jackson County,Alabama,6.7,7.8,7.4,7.8,9.1,8.1,9.2,9.9,10.3,8.7,9.7,9.6,11.4,11.7,10.5,11.7,10,9.5
1073,Jefferson County,Alabama,7.4,8.1,9.9,9.7,11.2,10.3,11.2,10.3,11.5,11,11.1,11.3,11.7,11.4,11.1,11.9,11.9,12
1075,Lamar County,Alabama,6.1,6.5,6.7,7.8,8.2,9.3,8.2,9.5,10.6,9.3,8.8,9.8,10.8,10.4,12,11.7,10.1,9.2
1077,Lauderdale County,Alabama,5.5,6.3,6.4,7.9,9.6,9.8,10.5,9.4,9.7,10.3,10.7,10.2,11.2,9.8,9.5,9.4,9.9,10.8
1079,Lawrence County,Alabama,6.9,7.9,8.9,10.2,9.5,9.5,10.4,10,11.4,10.2,9.6,9,10,10.2,9.5,9.4,9.8,8.9
1081,Lee County,Alabama,6.2,7.7,7,7.7,8,8.1,8.6,8.7,8.3,8.6,8,8.7,8.2,8.7,9.7,10.3,9.8,8.6
1083,Limestone County,Alabama,6.5,7.4,6.9,7.8,8.7,7.7,7.7,8.3,10,8.5,9.8,9.3,8.4,11.1,11.8,10.9,8.1,10.1
1085,Lowndes County,Alabama,8.7,9,8.8,12.8,13.1,12.4,11.5,14.3,18.1,16.8,15.7,13.3,11,11.7,12.8,11.9,11.4,10.2
1087,Macon County,Alabama,9,9.8,10.7,11.2,10.2,11.2,11,11.7,11.8,11,11.7,12.4,11.9,11.8,12.1,13.4,14.4,11.7
1089,Madison County,Alabama,5.9,6,7.8,10.2,10,11.2,9.8,10,9.3,9.8,8.9,10,11,10.5,10.7,10.3,10.8,10.8
1091,Marengo County,Alabama,7.1,7.7,7.4,11,11.7,13.2,13.4,13,14.4,13.6,15.2,13.3,12.8,13.3,12.7,12.7,12.5,11
1093,Marion County,Alabama,7.2,8,7.7,8.9,8.1,8.6,8.6,8.5,10.6,11.7,13.2,11.8,12.5,10.9,10.3,8.5,9.3,8.7
1095,Marshall County,Alabama,5.5,6.9,7.8,9.2,8.9,9.1,9.7,10.8,10.8,9.8,9.2,10.2,9.1,8.9,10.3,12.2,10.7,10.2
1097,Mobile County,Alabama,7.7,6.9,7.7,10.4,10.9,11,11.2,10.4,12,12.8,13.7,12.1,13,12.2,12.1,12.2,12.7,13.5
1099,Monroe County,Alabama,6.7,7.4,8.3,10.4,9.8,9,10.7,10,13.1,11,11.5,10.7,12.4,12.1,11.4,12.1,10.7,10.2
1101,Montgomery County,Alabama,9.7,10.1,10.5,10.1,11.1,12,13,13.2,12.6,12.2,11.4,10.9,11.8,13,14.2,13.9,14.8,15.4
1103,Morgan County,Alabama,7,7.7,7.4,7.7,8.9,8.2,7.9,9.7,9.8,9.5,9,9.9,9.9,9.3,9.7,10.1,10.7,11.5
1105,Perry County,Alabama,7.7,7.7,8,12.6,14.7,12.7,11.9,12.3,11.4,12.5,16.2,12.9,12.9,11.2,13,12.6,11.6,11.8
1107,Pickens County,Alabama,7.9,7.8,9.6,9.5,11.8,11.3,9.9,11.7,11.7,11.5,10.5,10.9,12.5,10.7,11.7,11.2,12.5,10.7
1109,Pike County,Alabama,7,6.9,7.3,7.8,8.9,10.5,13,11.2,11.3,10.6,9.7,9.5,9.2,9.1,9.3,12.1,11.2,9.6
1111,Randolph County,Alabama,6.4,7.2,7.4,8,9.1,9.1,9.9,10.4,9.9,11.1,8.9,9.5,10.6,9.3,10.9,10.3,10.3,11.6
1113,Russell County,Alabama,8.3,9,8.8,9.6,9.3,9.4,9.9,10.3,11.3,10.5,8.4,9.6,9.9,12.2,10.2,13.3,12.6,10.8
1115,St. Clair County,Alabama,7.5,8.5,8.6,8.7,9.5,10,11.2,10.8,9.1,10.9,9.8,10.1,9,10.9,10.9,11.1,10.7,11.4
1117,Shelby County,Alabama,5.4,5.7,6.6,6.8,5.8,7.4,7.2,7.1,7,6.7,6.7,7.4,7,8.6,8.9,8.5,9.2,9.3
1119,Sumter County,Alabama,8,8.2,8.4,11.5,13.4,12.2,12.8,10.4,12.2,11.5,14.9,13.9,14.2,13.2,12,10.7,11.2,12.1
1121,Talladega County,Alabama,7.8,9,9.6,10.4,10.7,12,11.5,10.8,10,10.8,13,12.5,12.7,13.8,14.2,12.3,10.8,11.3
1123,Tallapoosa County,Alabama,7.1,7.1,8,10.3,11.7,10.3,9.9,11.1,10.3,8.9,9.4,11.2,11.1,10.4,10.7,10.1,10.2,11.2
1125,Tuscaloosa County,Alabama,6.4,7.5,7.1,9.1,10.8,10.7,10.9,9.7,10.5,10.9,11.6,11.9,11.6,11.4,11.6,11.3,10.8,12.3
1127,Walker County,Alabama,9.4,8.8,8.4,9.3,10,11.7,12.2,11.6,12.1,12,13.1,11.2,10.1,10.5,11.6,10.3,9.9,10.1
1129,Washington County,Alabama,6.9,7,7.8,9.2,8.6,8.4,9.1,10.8,10.8,10.2,12.5,11.5,10.9,10.8,11.3,12.1,13.4,11
1131,Wilcox County,Alabama,8.2,8.6,8.7,12.9,13.4,12.5,11.6,14.6,15.7,12.8,12.8,14.4,13.8,13.3,12.1,12.6,12,12.2
1133,Winston County,Alabama,6.7,7.5,8.6,7.2,7.7,7.3,8.3,8.5,8.7,7,9,8.6,12,9.5,10.5,9.6,8.4,7.8
2013,Aleutians East Borough,Alaska,7,7.5,8,10,9.6,10.2,10.9,11.2,9.5,8.4,9.2,8.8,9,10.6,9.9,10.7,12.1,10.7
2016,Aleutians West Census Area,Alaska,7.2,8,7.9,8.4,9.3,9.4,9.5,10,9,8,8.1,9.8,8.9,9,8.5,9.4,12.1,12.2
2020,Anchorage Municipality,Alaska,5.5,5.2,6.9,7.5,8.2,8.3,8.1,8.1,8,7.7,7.9,8,8.2,8.4,8.8,8.3,7.7,7.3
2050,Bethel Census Area,Alaska,6.6,7.2,7.3,8,7.9,8.2,8,8.7,7.2,7.1,7.5,6.5,7.6,7.7,8.4,8.7,8.6,9.5
2060,Bristol Bay Borough,Alaska,7.8,7.8,8.1,9.4,9.4,9.6,9.9,10.9,11.2,9.8,9.9,10.1,10.2,10.5,10.7,10.1,10,10.2
2068,Denali Borough,Alaska,5.5,5.9,6.3,7.6,7.7,7.7,8.5,8.4,7.2,6.6,7.2,7.4,7.8,7,7.2,7,7.7,6.9
2070,Dillingham Census Area,Alaska,6.5,8,8.3,8.9,10.9,10.2,10.9,10.6,9.8,8.2,8.7,10.1,10,9.2,8.6,8.8,8.2,8.6
2090,Fairbanks North Star Borough,Alaska,5.7,5.9,5.9,6,6,7.2,8,7,6.6,6.7,6.5,6.6,6.8,7.2,8,8.1,7.5,7.8
2100,Haines Borough,Alaska,6.2,6.5,6.6,7.1,7.4,7.4,8.2,7.8,7.8,7,8,8.3,7.7,6.9,7.9,8.3,7.6,7.4
2105,Hoonah-Angoon Census Area,Alaska,No Data,No Data,No Data,No Data,No Data,9.6,10.2,10.8,8.6,7.4,6.9,7.6,8.8,9,8.4,9.2,9,7.3
2110,Juneau City and Borough,Alaska,5.1,5.3,6.3,6.2,6.7,6.1,6.5,7.6,7,6,6.3,6.5,7.2,6.4,6.6,6.9,7.8,6.8
2122,Kenai Peninsula Borough,Alaska,6,6.2,7,6.6,6.5,6.6,6.1,6.5,6.5,6.9,6.8,6.8,6.9,7.7,8.6,8.5,7.6,7.9
2130,Ketchikan Gateway Borough,Alaska,6.4,7.2,7.6,7.8,9.4,7.7,7.6,8.5,8.5,8.8,9.7,9.4,10.4,8.5,9.3,8.5,8.9,9.2
2150,Kodiak Island Borough,Alaska,6.2,6.4,7.3,8,8,7.9,7.6,7.4,8.3,6.5,8.8,8.5,8.5,8.4,7.8,8.8,8.8,8.2
2158,Kusilvak Census Area,Alaska,No Data,No Data,No Data,No Data,No Data,No Data,No Data,No Data,No Data,No Data,6.7,7.8,8.2,7.8,8.4,8.5,9.1,9.6
2164,Lake and Peninsula Borough,Alaska,7.1,7.5,8.2,10.5,10.5,10.8,11.1,11,10.3,8.4,8.9,7.9,8.5,8.9,9.1,9.7,9.5,9
2170,Matanuska-Susitna Borough,Alaska,6.4,6.6,6.5,7.4,7.2,6.3,6.1,8.3,8.5,8.2,8.4,7.8,8.6,8.1,7.9,7.9,8.2,7.5
2180,Nome Census Area,Alaska,6.6,7.5,7.9,9.3,9.6,9.3,9.7,10.7,9.1,7.5,7.6,8.5,7.9,8.1,8.5,9.7,8.3,8.4
2185,North Slope Borough,Alaska,7.9,7.8,9.2,9.9,10.7,10.8,9.8,11.8,10.5,9.1,8.7,8.6,8.7,8.6,8.9,9.7,11.2,10.1
2188,Northwest Arctic Borough,Alaska,6.8,7.1,7.8,11,9.2,9.1,9.3,10.6,9.7,8.3,8.3,8.9,9.3,10,11.7,10.6,9.7,9.9
2195,Petersburg Borough,Alaska,No Data,No Data,No Data,No Data,No Data,7.2,7.2,6.8,7.5,6.3,7.7,6.9,7.3,8.1,8.8,7.8,7.3,6.4
2198,Prince of Wales-Hyder Census Area,Alaska,No Data,No Data,No Data,No Data,No Data,8.2,8.6,8.5,9.1,8.3,7.4,9.4,9,9.7,9.3,10.5,10.4,9.4
2220,Sitka City and Borough,Alaska,6.9,6.3,6.4,7.4,8.1,8.4,8.4,8.7,8.8,7.9,7,7.6,7.6,8.5,7.6,7.9,8.1,9.2
2230,Skagway Municipality,Alaska,No Data,No Data,No Data,No Data,No Data,8.2,8.4,9.6,9.3,8.1,7.8,8,8,7.9,7.8,7.8,8.1,8.7
2240,Southeast Fairbanks Census Area,Alaska,7.4,7.8,7.7,8.3,7.6,7.4,7.9,8.8,7.6,7.2,8.2,8.9,8.1,8.2,9,8,8,7.9
2261,Valdez-Cordova Census Area,Alaska,5.7,6.2,6.8,7.4,7.5,8.3,7.9,6.8,7.1,8,7.8,8.6,8.8,8.7,6.7,7,No Data,No Data
2275,Wrangell City and Borough,Alaska,No Data,No Data,No Data,No Data,No Data,7.8,8.5,8.5,8.6,8.3,8.9,8.8,8.7,8.1,9,8.4,8.8,9.4
2282,Yakutat City and Borough,Alaska,7.5,8,8.3,8.6,9,9.3,9.6,10.1,9.6,8.3,8.7,8.2,8.7,9.1,9.7,9.5,9.3,8.8
2290,Yukon-Koyukuk Census Area,Alaska,6.9,6.9,8.4,9.2,8.8,9.1,8.9,9,8.1,8.4,9.5,8.6,8,8.1,10,9.6,10.3,9.3
4001,Apache County,Arizona,8,9.2,9.9,11.2,11.9,12.2,12.6,13.6,12.5,11.8,11.4,11.6,12.6,12.9,12.4,13.6,14.2,13.1
4003,Cochise County,Arizona,7.4,7.7,7.2,7.1,7.2,7.1,7.3,7.2,8.3,8.2,8.5,8.1,8.4,8.8,7.9,9.1,8.5,7.9
4005,Coconino County,Arizona,4.7,4.9,6,6.5,6.2,7.1,6.5,6.8,7.2,6.7,6.7,7,6.8,7.5,6.8,6.7,7,7.5
4007,Gila County,Arizona,6.2,6.7,7.5,8.9,9.5,8.3,8.7,8.4,9.3,8.4,7.4,8.2,10.1,9.8,9.1,9.4,9.3,8.3
4009,Graham County,Arizona,7.4,8.1,9.2,9.5,8.8,8.8,9.9,10.7,9.3,8.5,10.2,9.6,9.7,9.6,11,10.4,10.1,9.2
4011,Greenlee County,Arizona,5.8,6.4,5.9,6.3,8.1,8,7.8,7.7,9.6,8.6,9.7,9.1,8.3,7.6,7.6,8.4,7.5,6.7
4012,La Paz County,Arizona,6.7,6.5,6.6,7.5,8.3,9.1,9.6,9.6,9.7,9.4,10.4,9,8.8,9,10,9.5,8.4,8.5
4013,Maricopa County,Arizona,6.2,6,7.5,7.8,7.7,7.7,7.8,7.8,7.9,8.2,8.5,8.3,8.4,8.3,8,8.2,8.5,8.3
4015,Mohave County,Arizona,6.1,6.8,6.8,6.4,8.4,9.8,9.4,8.6,9,9,9.5,8.8,9.6,9.1,9.7,9.3,10.4,10.3
4017,Navajo County,Arizona,8.7,8.7,9.1,10.3,12.3,11.1,11.2,9.9,10.4,10.4,10.4,10.8,11.5,12.3,11.5,12.2,11.5,11.3
4019,Pima County,Arizona,5.6,6.2,6.6,7,7.5,6.9,7.3,7.1,7.8,7.6,7.6,7.3,7.6,7.4,7.6,7.1,7.2,7.8
4021,Pinal County,Arizona,8.9,8.9,7.9,8.2,8.5,9.1,9.4,9.9,10.9,10.8,10.2,10.3,11,10.6,11.7,11.2,10.7,10.6
4023,Santa Cruz County,Arizona,5.9,6.6,6.2,6.3,6.6,6.7,7.2,6.4,6.8,6.7,7.8,8.9,8.2,8.3,9.3,10.1,9.5,8
4025,Yavapai County,Arizona,4.9,6.2,5.2,6,6.1,6.1,6.7,6.8,7.3,7.5,6.9,7,7,7.5,7.3,6.7,6.2,6.4
4027,Yuma County,Arizona,6.2,6.5,7.2,8.5,8.9,9.7,9.5,9.3,10.1,9.9,11,11.4,12.1,11,9.9,10,11.3,11.8
5001,Arkansas County,Arkansas,7.3,8,7.3,8.5,8.3,10,10.1,10.8,10,8.9,8.9,9,11.6,10.1,10.3,8.8,11.7,9.7
5003,Ashley County,Arkansas,7,7.4,8.3,8.4,9.2,8.3,8.6,9.3,10.6,8.9,10.1,10.6,10.7,9.9,10.3,12.5,11.6,12
5005,Baxter County,Arkansas,6.2,6.4,7.1,8.4,7.8,7.3,6.4,6.6,8,8.1,10.3,9.6,9.7,9.4,8.8,7.7,7.3,7.6
5007,Benton County,Arkansas,5.4,6,6.4,7.4,7.2,7.2,6.5,8.5,8.9,8.4,8.6,7.6,8.5,7.8,9.1,8.8,8.5,9.3
5009,Boone County,Arkansas,6.3,7.4,7.1,6.6,7.5,7.7,8.5,8.1,7.7,8.3,8.5,9.5,9.6,8.5,7.8,7.9,8.9,9.6
5011,Bradley County,Arkansas,7,7.8,7.5,8.5,8.6,9,9.5,9.9,9.1,8.6,9,9.6,10.2,10.1,9.9,9.4,8.8,9.9
5013,Calhoun County,Arkansas,7.6,7.6,8,8.4,9.1,9.2,9.5,9.4,9,8.2,8,8.8,8.4,8.1,8.1,8.5,10.3,9.2
5015,Carroll County,Arkansas,5.7,5.7,5.7,7.7,7.9,8,8.2,8.2,7.9,9,8.5,8.7,7.7,7.2,7.1,6.8,9.2,9
5017,Chicot County,Arkansas,9.1,9.4,9.8,10.5,12.3,11.3,11.2,12,11.4,10.8,9.7,10,8.6,8.9,8.7,9,10.2,9.9
5019,Clark County,Arkansas,6.9,7.7,7.6,8,8.5,9.1,9.2,9.1,10,8.3,8.6,8.2,9.5,10.4,10.5,11.9,10.5,9.5
5021,Clay County,Arkansas,6.1,7.3,7.2,8.1,8.2,8.6,9.1,8.5,7.5,7.7,7.6,9.3,9.4,8.6,8.1,9.3,10.2,11.6
5023,Cleburne County,Arkansas,5.7,6.3,6.9,7.4,9.1,8,8.3,9,10.3,8.5,8.9,7.6,8.2,9.1,8.8,8.9,8.9,9.7
5025,Cleveland County,Arkansas,5.8,6.7,8,7.6,8.3,7.7,7.7,8.7,9,8.8,7.2,7.6,7.9,7.5,8,8.4,9.2,9.3
5027,Columbia County,Arkansas,7.4,7.7,9.1,9.1,9.6,8.9,10.3,9.7,9.6,9.6,9.6,9.5,10.4,12.6,13.5,14.3,11.5,11.2
5029,Conway County,Arkansas,6.9,7.7,7.2,7.2,7.1,8.1,9.4,9.3,9.6,8.6,10.3,10.5,10.4,9.7,9.9,9.3,9,11.2
5031,Craighead County,Arkansas,5.8,6.7,6.3,7.5,7.9,8.9,9.9,9.7,10.1,10.6,10.3,10.4,9.5,9.2,10.7,12.1,9.9,9.7
5033,Crawford County,Arkansas,5.8,6.9,6.7,6.7,6.2,6.8,7.7,8.7,8.6,8.3,8.4,9.2,10.6,11.7,10.8,11.2,10.4,11.4
5035,Crittenden County,Arkansas,7.3,9.1,10.5,11.2,10.9,11.9,11.5,12.6,14.6,12.7,12.3,13,13.1,12.5,12.8,12.7,12,11.1
5037,Cross County,Arkansas,7.1,7.1,8.1,9.2,8.6,9.7,8.8,8.7,9.1,9.1,9.4,9.9,10.1,10.1,11.1,11,11.7,9.4
5039,Dallas County,Arkansas,8,8.5,8.9,10.2,9.5,10,9.8,10.6,9.7,8.8,9.1,9.5,8.8,8.3,10.8,10.2,9.8,9.9
5041,Desha County,Arkansas,8.5,8.9,8.7,9.5,10,10.4,10.4,10.6,10.8,10.3,10.1,10,8.9,9.4,9.7,10.1,11.1,9.8
5043,Drew County,Arkansas,7.1,8,8,8.8,8.4,8.7,10.4,10.4,11.1,9.5,9,10.8,10.1,11.5,11.1,10.4,9.8,9
5045,Faulkner County,Arkansas,6.3,6.4,7,6.5,8.2,8.6,8.5,9.4,9.8,9.4,10.2,9.4,8.2,8.4,9.6,11.7,10.1,10.2
5047,Franklin County,Arkansas,6.3,6.8,8.3,9.1,8.8,8.3,8.9,9.3,9,9.7,9.8,9.7,8.8,8.9,9.8,10.2,9.5,9.1
5049,Fulton County,Arkansas,6.3,7.3,6.9,8.1,7.7,7.9,7.8,8,9,8.7,9.4,9.2,9,8,8,8.9,9.6,8.3
5051,Garland County,Arkansas,6,6.6,6.3,7.2,6.9,7.7,7.6,7.5,9.3,9.8,9.2,7.8,8.8,9.4,9.6,9.2,9.4,8.1
5053,Grant County,Arkansas,5.5,5.7,6.3,7,6.9,6.8,7,8,7,7.2,7.4,8.1,9,10,8.8,8,8.1,8.3
5055,Greene County,Arkansas,6.7,6.5,8.2,7.9,7.5,8.8,9.3,12.6,9.8,9.4,10.2,10.3,10.9,9.7,10.2,10.4,13,13.8
5057,Hempstead County,Arkansas,7.3,7.3,7.7,8.7,10,11.7,10.8,10.9,10.9,9.5,8.8,8.6,10.3,9.9,11,12.1,11.1,11.4
5059,Hot Spring County,Arkansas,7.3,7.9,7.4,8.1,8.4,8.8,9,8.8,9.7,8.9,8.4,9.7,9.6,12.6,10.9,10.2,8.9,9.6
5061,Howard County,Arkansas,8.1,8.1,7,7.9,8.7,8.9,9.1,8.7,8.6,7.9,9.8,10.3,10.7,9.6,8.8,9,8.9,9.5
5063,Independence County,Arkansas,6.1,7.6,7.3,7.4,7.1,7.7,8.6,8.4,9,8.7,9.8,8.7,9.3,9.4,8.1,7.5,8.6,9.7
5065,Izard County,Arkansas,7.2,6.9,6.7,7,7.1,7,7.3,7.8,7.9,8.8,10.9,10.5,9.4,8.9,9.8,9.1,8.7,8.2
5067,Jackson County,Arkansas,6.7,8.2,8.1,9.3,8.1,9.3,10.4,10.3,10.2,8.3,8.7,8.5,8.7,9.1,8.8,9.6,10.1,9.8
5069,Jefferson County,Arkansas,8.3,9.3,9,9.1,11.1,11.4,12.3,14.1,12.6,11.6,13.7,14.8,13.9,12.3,11.9,13.8,14.8,12.9
5071,Johnson County,Arkansas,6.6,7,7.4,7.9,7.7,8.2,8.7,9.8,8.7,8.9,9.6,8.7,8.7,9,9.8,9.3,10.5,10.7
5073,Lafayette County,Arkansas,7.7,7.5,8.4,8.9,8.8,8.9,9.2,9.4,9.2,8.5,7.9,9.1,9.2,8.9,8.7,9.4,9.3,8.8
5075,Lawrence County,Arkansas,6.5,7.7,7.4,8.2,8,8.2,9.1,8.7,8.1,8.5,9.2,9.2,8.1,7.8,9.5,8.8,8.9,9.4
5077,Lee County,Arkansas,7.7,9.3,8.9,10.6,9.5,10,10.3,10.4,10.7,9.4,9.4,10.4,10.1,9.5,10.7,12.9,11.1,9.9
5079,Lincoln County,Arkansas,6.9,6.9,8.1,8.2,8.7,8.4,8.6,8.8,9.7,8.4,9.2,8.4,10.1,9.4,10.4,9,8.6,8.8
5081,Little River County,Arkansas,8.1,7.6,7.7,8.3,8.5,8.6,9.2,8.6,9.1,8.2,7.8,9.2,8.8,8.8,8.8,9.5,8.6,8.4
5083,Logan County,Arkansas,6.2,7.6,7.2,7,7.4,7.5,8.7,9.2,8.9,8.7,9.3,9.8,8.2,9.3,8.2,9.1,10.5,9.9
5085,Lonoke County,Arkansas,5.9,5.1,6.9,8.1,9.7,9.4,9,8.4,9.4,10.8,10.8,11.4,10.6,9.6,9.5,7.8,10.3,8.8
5087,Madison County,Arkansas,5.9,6.2,6.5,6.8,6.9,7.9,8.6,10.3,9,8.5,8.3,8.3,8.6,7.8,9.4,8.8,8.1,8.7
5089,Marion County,Arkansas,6.2,6.7,6.3,7.1,7.8,8,9.1,9.3,7.7,6.9,7.2,8.7,9.7,8.6,8.5,8.7,9.4,7.3
5091,Miller County,Arkansas,8.2,7.3,8.7,10.5,11.8,11.3,10.1,9.3,9.7,8.9,8.5,7.9,8.2,10.7,10.7,12.2,12,9.7
5093,Mississippi County,Arkansas,8,7.9,8.5,9,10.1,10.7,10.7,11.6,10.2,12.2,13.4,12.4,11.4,12.5,14.7,14,12.6,12
5095,Monroe County,Arkansas,8.4,7.6,7.8,8,8.7,9.4,9.9,10.4,10.1,9,9.6,9.9,9.9,9.1,9.1,9.8,10.6,10.4
5097,Montgomery County,Arkansas,7.1,6.8,7,7.2,7.5,7.8,8,7.8,8,7.2,8.7,9.5,9.3,9.3,8.6,8.8,8.2,8.7
5099,Nevada County,Arkansas,6.9,6.9,8.2,9.6,9.8,9.5,9.6,10.1,10.4,9.6,9.2,9,9.5,9.3,10.6,10.1,9.6,8.4
5101,Newton County,Arkansas,5.8,7.1,7.7,9,9.8,8.9,8.5,7.7,7.5,7.2,8.5,8,8.4,8.4,10,9.3,8.8,8.6
5103,Ouachita County,Arkansas,7.5,7.7,8.8,9.1,10.1,10.4,10,9.3,10.4,9,10.4,10.1,10.2,10.6,11.3,10.7,10.8,9.3
5105,Perry County,Arkansas,7.4,7.7,7.7,7.7,7.4,7.5,7.9,9,7.9,7.7,8,8.1,8.8,8.5,9.1,9.7,9.8,8.3
5107,Phillips County,Arkansas,7.4,7.5,8.8,9.7,9.9,11.4,12.8,12.6,13.5,11,11.9,11.2,10.9,13.5,13.9,15.4,14.5,12.6
5109,Pike County,Arkansas,6.2,6.5,7,8,8.1,8.4,8.5,9.6,9.3,8.3,8.4,8.4,9.2,9.5,10.8,9.5,9.4,8.7
5111,Poinsett County,Arkansas,7.9,7.4,8.7,9.5,9.9,9.6,9.4,9.2,8.5,8.5,9.5,10.7,10.2,11.1,11.8,10,9.9,11.6
5113,Polk County,Arkansas,7.4,6.9,7,7.1,7.6,8.2,8.2,8.4,9.7,9,9.2,9.5,8.2,9,9.4,10.6,9.5,8
5115,Pope County,Arkansas,6.1,7,7.3,7.8,6.9,7.7,7.3,10.2,8.2,8.8,9,8.5,8.7,9,10.8,11,9.9,10.3
5117,Prairie County,Arkansas,6.5,6.8,7.5,8.3,7.7,8.1,8.1,8.7,8.7,8.9,8.5,8.4,9.1,8.4,8.2,9.2,8.8,8.3
5119,Pulaski County,Arkansas,6.5,7.4,7.3,7.7,8.5,9,9.7,10.3,9.4,10.3,11.2,11.3,10.8,10.6,10.6,10.7,9.9,9.8
5121,Randolph County,Arkansas,6.4,8,7,6.9,9.1,8.8,9.7,8.8,8.4,7.2,9.8,10.3,10,10.3,11,11.8,10.6,9.9
5123,St. Francis County,Arkansas,9.1,8.2,7.9,9.7,11.1,10.6,10.4,9.7,11.3,10.9,13.4,14,14.3,12.6,11.7,11,12.1,12.7
5125,Saline County,Arkansas,6.8,7.3,8.1,7.5,7.4,8.1,8.7,8,8.4,7.7,9.5,10.5,10.8,9.4,8.6,8.2,8.8,9.5
5127,Scott County,Arkansas,6.7,7.2,7.2,8.3,8.3,8.5,8.5,10,8.2,7.1,7.6,8.7,9.4,8.4,8.5,8.8,8.1,9.4
5129,Searcy County,Arkansas,7.5,7.5,7.5,8.3,8.8,8.6,8.8,8.9,8.4,8.3,8.4,8.4,8.5,9.1,10,8.8,7.8,9.9
5131,Sebastian County,Arkansas,6.9,7.9,8.2,9.2,8.7,8.2,9.4,9.9,11,10.5,10.3,9.9,10.4,10.6,11.1,11,11,10.7
5133,Sevier County,Arkansas,6.5,6.9,8.1,8.6,8.9,11.1,10.5,10.5,10,8.4,9,8.7,10.3,11.9,11.4,11.4,10.8,10.5
5135,Sharp County,Arkansas,5.9,6.3,7.1,7.9,7.7,8,7.4,7.8,8.4,7.7,9,9.1,10,9.2,9.2,9.3,9,8.9
5137,Stone County,Arkansas,6.2,7.5,6.5,7.7,6.7,7.5,7.6,8.6,9.4,7.9,7.2,10,10.6,9.5,9,7.7,7.6,8.1
5139,Union County,Arkansas,7.2,7.4,8.3,8.3,8.4,8.7,9.2,9.3,10,10.1,9.5,9.7,10,10.3,10.7,11.4,11,9.8
5141,Van Buren County,Arkansas,7,6.8,6,7.2,7.6,7.7,7.4,9.4,9.9,8,8.3,7.4,9.3,8.7,9.6,10.6,12.3,11.5
5143,Washington County,Arkansas,6,5.8,5.8,6,7,7.9,8.5,7.1,7.8,7.8,8.9,9.4,9.4,8.6,9.6,9.3,10.2,9.5
5145,White County,Arkansas,8.3,7,8.8,6.7,8,7.2,8,8.8,8,7.2,7.8,7.2,9.9,9.2,11,11,10.3,10.1
5147,Woodruff County,Arkansas,8.4,8.3,7.8,8.7,8.2,9,9.5,9.8,10.4,8.2,8.3,8.1,8.8,8.8,9.4,9.3,9.4,10
5149,Yell County,Arkansas,7.3,6.9,7.8,7.8,9.1,10,11.1,9.2,8.9,9.5,9,8.8,9.9,9.1,9.9,9,9.7,9.5
6001,Alameda County,California,5.5,6.9,6.8,6.9,6.8,7.5,7.3,8,7.6,7.5,8.4,7.4,7.6,6.3,6.6,6.9,7.4,7.6
6003,Alpine County,California,6.6,7.1,7.5,9.1,9.3,8.7,9.3,9,8.8,7.5,7.6,7.8,7.7,8.1,7.9,8.2,8.6,8.4
6005,Amador County,California,5.8,6.2,6.8,6.8,7.2,7.8,8.6,7.4,8,6.7,7.2,6.7,9.2,7.9,8.1,8,7.5,7.4
6007,Butte County,California,6.3,5.3,6,7,9,7.2,8.1,7.6,9.2,8.8,8.6,8.3,7.8,8.2,8.8,7.2,6.4,7.1
6009,Calaveras County,California,6,6.3,6.9,7.3,7.2,6.8,7.8,7.6,8.2,7.4,7.7,8.2,9.1,7.8,8.2,7.3,7.4,7.1
6011,Colusa County,California,6.3,6.7,7,8.3,9.2,8.1,8.5,8.5,8.4,7.9,7.8,7.8,8.1,8,7.6,7.8,8,8
6013,Contra Costa County,California,5.7,6.1,6.3,6.4,7.1,6.7,7.1,7.3,7.6,8.3,8.2,7.9,7.8,7.5,7.5,8.7,8.5,7.8
6015,Del Norte County,California,6.6,7,7.2,8.4,9.2,8.9,8.5,10.2,8.9,8.1,7.4,8.2,7.6,8.3,8.9,8.5,8.4,8.5
6017,El Dorado County,California,6.8,6.4,6.1,6.9,6,7.1,6.9,7,6.5,6.1,5.5,6.7,6,6.9,6.4,7,6.9,6
6019,Fresno County,California,6.7,8,7.6,7.4,9,9.9,10.1,9.7,9.6,9.8,10.3,10.9,11.2,10.5,9.4,11.3,10.8,9.1
6021,Glenn County,California,6.5,6.6,7.3,7.6,8.1,7.7,8,8.8,9.1,8.3,7.8,8,8.2,7.6,7.9,8,8.2,7.8
6023,Humboldt County,California,5.4,6.2,7.5,8.4,8.5,9.2,7.9,7.9,8.1,8.2,7.7,7,8.5,7.4,7,6.9,7.1,8.7
6025,Imperial County,California,7.1,8.5,8.6,8.7,8.4,8.2,9.2,9.6,9.1,9.7,10,10.9,9.6,8.4,9.8,9.7,9.6,9.6
6027,Inyo County,California,5.7,6,6.5,6.7,7.3,6.5,7.1,8.2,8.2,6.9,6.8,7,7.1,6.9,7,7.3,7.3,7.1
6029,Kern County,California,9,7.9,9.1,8.9,8.9,8,9.1,9.2,10.5,9.9,10.1,10.5,9.7,9.8,10.6,10.7,10.7,11
6031,Kings County,California,6.5,7,7.3,7.3,7.9,7.1,9.2,10.7,10.1,8.5,8.1,8.2,9.5,10.1,10.5,10.4,10.3,9.6
6033,Lake County,California,6.4,6.6,6.4,8.1,8.3,9,8.8,9,9.1,8.9,8.5,9.8,8.4,8.8,8.2,8.7,8.2,8.3
6035,Lassen County,California,6.6,7,7,7.9,7.7,8.1,8.8,9.1,9.3,8.2,7.7,8.6,8.4,8.6,8.3,8.3,8.4,8.1
6037,Los Angeles County,California,6.1,5.8,7.2,7.7,7.8,8.4,8.1,7.9,8.6,9,9.4,9.1,8.7,8.4,9.1,8.8,8.8,9.5
6039,Madera County,California,6.9,7.3,7.6,8.9,8.4,8.9,9.8,9.8,8.8,8.4,7.8,8.4,9.4,9.5,9.8,9.7,9.5,9
6041,Marin County,California,4.9,4.6,4.5,5.6,6.2,4.8,5.3,4.5,5.8,5.5,5.8,4.9,5.6,5.5,5.9,5.9,6.8,5.8
6043,Mariposa County,California,6.6,6.9,7.2,7.7,8,7.4,8.1,8,9,7.8,8.4,7.2,7.9,7.9,8.3,7.4,7.7,7.6
6045,Mendocino County,California,6.8,7.2,7,6.4,5.9,5.8,6.2,6.7,6.8,7.4,7.2,6.7,6.5,6.7,7.7,7.1,6.7,7.3
6047,Merced County,California,6.7,7.4,7.8,8.6,7,9.2,9.1,9,10.6,11.2,9.6,11.2,12.1,11.7,11.8,9.4,9.8,10.6
6049,Modoc County,California,6.5,6.7,7.1,7.7,7.6,7.8,8.3,8.6,8.5,7.7,7.7,7.7,7.8,8.3,8.2,8,8,7.6
6051,Mono County,California,6.4,6.7,6.9,7.5,7.5,7.4,7.5,8.3,8,7.3,7.5,7.6,7.6,7.8,7.7,7.9,7.8,7.5
6053,Monterey County,California,6,5.7,6.8,8.1,8.2,8.7,7.5,7.5,7.6,8,8.1,7.5,8.3,9.5,8.7,8.9,9.2,8.6
6055,Napa County,California,6.2,6.7,6.5,7.3,7.1,7.4,6.7,7.3,7.2,6.7,8,7.5,7.1,8.9,7.8,9,8.3,7
6057,Nevada County,California,5.7,5.7,6.3,6.3,6,5.9,5.5,5.9,5.3,5.2,5.9,6.9,5.9,5.8,5.1,5.8,5.8,5.5
6059,Orange County,California,6.5,5.3,5.9,6,6.2,7.4,7.4,7.2,7.8,7.4,7.5,7.7,8.3,8.4,8.1,9,8.6,8.1
6061,Placer County,California,4.9,5.3,5.8,6.1,6,6.9,6.5,5.9,7,7.1,7.2,6,6.1,6.4,6.1,6.1,6.3,5.9
6063,Plumas County,California,5.6,6.1,6.1,6.8,6.3,6.7,6.9,7.4,7.6,6.6,7,7.3,7,7.1,6.8,7.4,7.2,7.2
6065,Riverside County,California,6.5,7.2,7.5,7.6,8.4,8.8,9.5,9.5,9,9.1,8.8,8.8,8.6,9.6,9.7,9.4,9.2,9.8
6067,Sacramento County,California,6.7,6.2,7.5,8.4,7.3,8.5,8.8,9.1,8.3,7.8,8.5,8.5,8.7,9.3,8.8,9,8.6,9.4
6069,San Benito County,California,6.4,6.5,6.8,7.5,7.4,8.5,8,8.3,7.8,7.2,7.9,7.9,8.7,8.2,8.2,8.4,8.5,9
6071,San Bernardino County,California,6.8,8.8,7.7,9.3,8.2,8.3,8.7,9.4,10.1,9.9,9.8,9.4,9.8,10.2,11.1,9.9,10.2,11.3
6073,San Diego County,California,5.8,6.4,6.6,7.1,7,7.6,7.9,7.7,7.8,7.1,8.4,7.4,7.6,7.6,7.9,7.6,7.6,8.4
6075,San Francisco County,California,6.1,7.5,6.9,6.6,7.3,7.6,6.6,6.3,6.9,6.3,7.3,7.6,7,6.4,6.6,8.7,8.9,7.7
6077,San Joaquin County,California,6.9,7.1,7.2,7.7,7.3,8.7,9.4,10,9.6,11.3,9.5,10.3,9.4,9.2,9.8,9.6,9.1,10
6079,San Luis Obispo County,California,5.6,6.6,6.4,5.7,5.8,6.2,5.9,6.4,6.6,7.7,7.2,5.7,6.3,7.1,7.4,7.1,6.9,8.2
6081,San Mateo County,California,5.1,5.7,5.8,6.6,6.3,5.9,6.7,6.8,6.8,6.6,7.4,7.3,7.1,7,7.5,8.4,8.4,8.3
6083,Santa Barbara County,California,6.3,6,6.9,7.7,7.7,8.1,7.1,6.5,6.7,7.2,7.2,8.6,8.8,8.7,7.1,7.9,7.7,9
6085,Santa Clara County,California,7.2,5.9,6.3,6.9,6.9,7.3,7.4,7.4,7.4,7.6,8,7.5,7.8,7.3,8.1,8.6,8.5,8
6087,Santa Cruz County,California,5.5,5.8,5.7,5.7,6.2,6,6.2,5.8,6.3,6.1,6.5,7.8,7.1,7.1,5.8,7.1,7.8,6.8
6089,Shasta County,California,6.7,5.8,6.5,6.4,7,5.9,7.6,8.3,9,7.5,7.3,7,7.4,8.1,7.9,6.4,6.9,7.8
6091,Sierra County,California,6.5,6.8,6.9,7.6,7.9,8.1,8,8.6,8.1,7.4,7.3,7.5,7.5,7.7,7.8,7.6,7.6,7.6
6093,Siskiyou County,California,6.4,6,6.3,6,6.7,6.8,7.5,7.1,6.4,6.3,6.2,7.4,7.5,7.4,6.3,6.8,6.6,7
6095,Solano County,California,5.8,8.7,8.5,9,9.5,9.1,9.6,10,9.5,8.5,8.8,9.4,10.1,8.2,7.8,7.7,9.1,8.7
6097,Sonoma County,California,5.5,5.2,6.3,5.7,5.8,6.6,6.2,5.7,5.8,6.3,7.4,7,6.2,6.5,7.6,6.4,6.7,7.2
6099,Stanislaus County,California,8.1,7.9,8,8.8,10,8.1,9.1,9.4,10,9.9,9.9,10.1,10.9,11,9.6,10.5,9.4,10
6101,Sutter County,California,6.7,7.3,7.7,7.6,8.1,8.7,8.6,8.3,8.7,7.9,7.7,8.3,7.9,9.1,9.9,9.3,9,8.8
6103,Tehama County,California,6.1,6,7.1,7.6,9,8.4,9.4,7.9,8.2,9.5,9.9,8.2,7.6,8.6,8.5,8.8,8,7.3
6105,Trinity County,California,5.8,6.1,6.3,6.5,6.9,7.3,7.7,7.8,7.4,6.4,6.9,7.1,6.9,6.6,6.8,6.5,6.9,6.8
6107,Tulare County,California,7,7.8,7.7,8.2,8.1,9.1,8.8,8,8.7,8,8.6,8.6,11.2,10,10.6,10.1,10.4,10.9
6109,Tuolumne County,California,6.5,6.2,6.2,6.4,6.4,5.5,6.1,6.7,8.1,7.8,7.3,6.8,6.3,7,6.7,7.6,7.4,7
6111,Ventura County,California,6.8,6.7,7.2,6.7,7.2,7.3,7.2,7,7,7.6,7.2,7.7,7.9,9.5,7.7,7.9,7.8,7.9
6113,Yolo County,California,6.1,6.4,6.5,6.5,6.5,7.8,8.5,7.5,7.1,7.1,6.9,6.7,7.2,6.9,7.9,9.1,8.7,7.5
6115,Yuba County,California,7,6.7,7,7.7,8,7.2,8.1,9.8,9,8.3,7.4,8.5,8.9,8,8.6,7.9,8.3,8.3
8001,Adams County,Colorado,5.6,5.9,7.2,8.2,7.9,7.4,7.5,8.1,8,7.9,8.2,8.2,8,8.2,7.7,8.3,8.8,7.9
8003,Alamosa County,Colorado,7.1,6.7,6.5,7.1,7.2,7.9,8.2,7.5,8.4,7.4,7.3,7.7,8.2,7.9,7.8,8,8.7,9.6
8005,Arapahoe County,Colorado,5.6,5.3,5.4,6,6.1,6,6,6.2,6.1,5.8,6.7,6.8,6.4,6.9,7.1,7.3,7.1,7.1
8007,Archuleta County,Colorado,5.9,6.1,6.1,6.2,6.2,6.9,6.6,6.8,6,5.1,5.5,5.6,5.6,6.1,6.4,7,7.1,7.8
8009,Baca County,Colorado,6.8,6.8,7.3,8.2,7.9,8.3,8.3,9,9,7.7,7.1,8.1,9.2,8.9,8.7,8.5,8.5,8.6
8011,Bent County,Colorado,6.4,7.4,7.4,7.7,7.6,8,8.4,8.1,7.8,7.7,8.8,7.7,8.4,8.1,8.1,8.7,8.8,7.9
8013,Boulder County,Colorado,4.1,5,5.1,3.8,4.2,4.3,5.1,5.1,4.7,4.7,4.2,3.9,4.3,4.9,5.5,5.4,4.9,5.1
8014,Broomfield County,Colorado,5.8,5.3,5.1,5,5.8,6.4,5.8,6.6,6.9,5.9,5.5,6.9,6.3,6.1,6.2,6.7,6.4,6.1
8015,Chaffee County,Colorado,5.7,5.8,5.5,5.5,5.1,4.9,5.3,5.6,6.6,5.2,5.3,5.4,5.7,5.4,5.8,6.3,5.6,5.3
8017,Cheyenne County,Colorado,6.4,6.4,7,7.1,7.3,7.6,7.9,8.8,7.4,7.7,7.5,7.5,7.3,8.3,7.9,8.2,7.8,7.5
8019,Clear Creek County,Colorado,5.5,5.5,5.8,6.1,6.5,6.7,7,6.2,7.3,7.2,7.6,7.8,6.4,6,6.8,6.4,6.2,7.7
8021,Conejos County,Colorado,6.4,7,7.4,7.7,7.5,7.7,7.9,8.2,8.1,6.6,6.2,7.3,7.8,8.5,8.5,8.2,8.2,8.1
8023,Costilla County,Colorado,7.1,7.3,7.8,8.6,8.6,8.6,8.8,8.4,9.1,8.8,8,8.2,10,9.4,9.2,8.2,8.2,8.6
8025,Crowley County,Colorado,7,7.3,7.5,8,7.7,8.4,9,8.9,9.1,8.1,7.9,8.4,8.8,8.4,9,8.4,8.5,8.5
8027,Custer County,Colorado,6.3,6.3,7.5,7.3,7.2,7.6,7.9,7.6,7.3,6.2,5.9,6.1,6.3,7,7.2,7.5,8.2,8
8029,Delta County,Colorado,5.7,6.2,6.1,6.5,7.1,6.7,6.5,7,7.4,6.5,6.7,6,7.3,8,7.5,7.9,7.4,6.8
8031,Denver County,Colorado,4.6,5.1,5.3,5.5,5.7,6.6,6.5,6.6,7.7,7.2,6.7,6.4,5.6,6.2,6.3,6.4,6.8,6.4
8033,Dolores County,Colorado,5.7,5.9,6,6.2,6,6.5,7.1,8,7.6,7.2,6.9,6.5,6.4,6.4,7,7.7,7.2,6.8
8035,Douglas County,Colorado,5,4.6,5.1,3.9,4.5,4.2,4.8,4.7,4.8,5.6,5.6,4.7,4.6,5.1,5.5,5.2,4.9,5
8037,Eagle County,Colorado,5.5,5.4,5.9,5.7,5.4,5.1,5.6,6.1,6,4.7,4.3,4.1,4.4,5.4,5.8,6.1,5.9,5.7
8039,Elbert County,Colorado,5.3,5.2,5.4,5.3,6.1,5.1,4.7,5.3,5,4.7,4.6,5.1,5.7,5.8,5.4,6.8,7,6.9
8041,El Paso County,Colorado,5,5.6,5.5,5.4,5.9,5.8,6.1,6.2,6.9,6.7,7.1,7,6.8,6.4,6.7,6.5,6.9,6.9
8043,Fremont County,Colorado,5.8,5.6,5.7,6.9,6.8,7.5,7.7,7.7,7.1,7,7.7,8,7.5,6.5,7.2,6.2,8,7.9
8045,Garfield County,Colorado,6.2,5.6,5.8,5.9,6.4,5.7,6.8,6.7,6.9,5.4,5.4,6.2,5.6,5.5,6.1,6.4,6.4,6.6
8047,Gilpin County,Colorado,6,6.1,6,6.1,6.3,6.9,7.2,7.6,7.4,6.5,6.3,6.2,6.4,6.3,6.5,6.6,6.7,6.7
8049,Grand County,Colorado,6,6.1,6.3,6.5,6.4,7,6.9,7.2,6.4,6.1,6.6,6.4,6.1,6.3,6.3,7.3,7.8,6.9
8051,Gunnison County,Colorado,5.1,5.4,5.5,5.3,5.5,5.4,5.4,5.9,6.1,5.2,5.3,5.3,5.1,5.4,6,6.8,6.5,6.6
8053,Hinsdale County,Colorado,6.4,6.7,7,7.3,7.4,7.7,8.1,8.3,7.8,7.1,7,7.2,7.2,7.4,7.6,7.8,7.9,7.7
8055,Huerfano County,Colorado,6.8,7,7.9,7.8,7.4,8,8.2,8.9,7.5,6.3,7.8,8.5,8.6,7.7,7.7,8,10,8.8
8057,Jackson County,Colorado,6.8,6.3,6.7,6.9,7.1,7.5,7.9,7.9,7.1,6.5,7.4,7.4,8,7.4,8,7.6,8.1,7.8
8059,Jefferson County,Colorado,4.3,4.7,5,5.3,5.1,5.2,5.4,5.2,5.4,4.8,5.1,4.8,5.3,5.4,5.6,5.2,5.4,6.1
8061,Kiowa County,Colorado,6.9,7.1,7.5,7.8,7.8,8.1,8.4,9.2,9.7,8.4,7.7,8.1,7.5,7.8,7.8,8.3,8.5,7.6
8063,Kit Carson County,Colorado,5.5,5.8,6.1,6.9,7,7.1,7.2,9.7,8.6,7,7.3,7,7.3,6.7,6.9,6.1,6.1,6.9
8065,Lake County,Colorado,6.5,6.3,6.7,6.9,7.2,7.6,8.2,7.4,6.9,6.9,7.3,7.2,7.2,7.7,7.6,8.4,7.8,7.8
8067,La Plata County,Colorado,4.6,4.6,4.9,5.5,4.6,4.6,4.9,6,5.2,5.3,4.8,5.1,4.8,5.5,5.2,5.3,6,5.1
8069,Larimer County,Colorado,4.5,4.5,4.8,5,5.2,5.1,5.5,5.3,5.5,5.2,5.2,5.1,5,5.2,5.5,5,5.8,6.1
8071,Las Animas County,Colorado,5.4,5.5,6,6.7,6.5,6.5,8.8,7.3,6.9,6.5,8.3,8.2,8.9,8.4,8.4,7.5,8.3,6.8
8073,Lincoln County,Colorado,5.8,6.1,6.1,6.1,6.8,7,7.1,7.8,8.3,7.6,6.9,7.2,7.1,6.9,6.7,7.2,7,6.7
8075,Logan County,Colorado,5.8,6,6.2,6.4,6.2,6.2,6.5,7.8,7.6,6.6,7.4,8,8.9,8.3,7.6,8.5,7.8,7.1
8077,Mesa County,Colorado,4.4,5.7,5.5,5.6,5.6,5.5,5.9,6.3,7.5,6.5,6.4,5.8,6.6,7.3,6.8,7.6,7.1,7.3
8079,Mineral County,Colorado,5.7,6,6.4,6.3,6.5,6.7,7,7.2,6.6,6.1,5.8,6.1,6.4,6.3,6.4,6.6,6.8,6.6
8081,Moffat County,Colorado,5.4,5.9,6.2,7.1,6.3,6.4,7.1,7.4,7.1,5.9,6.3,7.4,7.3,6.8,6.9,8.4,7.1,7.2
8083,Montezuma County,Colorado,6.9,6.7,7.3,6.4,7.1,6.9,6.1,6.7,6.4,6.6,6.3,6.8,8.2,8.4,8.9,8,7.7,7.9
8085,Montrose County,Colorado,5.8,6.2,6,5.9,5.7,5.9,6.3,6.2,6.5,5.8,8,7.2,6.7,6.7,7.1,7.7,8.2,7.8
8087,Morgan County,Colorado,5.9,6.8,6.2,7.3,8.9,7.9,7.6,8.1,8.1,8.3,7.4,8.6,9.4,8.9,7.3,6.7,8.2,7.8
8089,Otero County,Colorado,5.9,5.9,6.2,6.3,8.3,7.4,7.9,8.1,8.2,7.3,7.3,7.4,8.3,9,8.8,8.4,8.5,7.6
8091,Ouray County,Colorado,6.3,6.5,6.9,8.5,7.8,7.7,8,7.4,6.7,6.2,6.5,6.6,7.5,7,7.2,7.2,7,7.4
8093,Park County,Colorado,4.8,5.8,6.1,7,7,5.9,6.3,5.6,6.1,6.1,6,5.8,5.9,6.3,6.7,6.6,7,6.7
8095,Phillips County,Colorado,6,6.8,7,8.4,8,8.1,8,8.2,8.4,8,8,9.1,8.3,8.8,7.4,7.3,8.6,8.3
8097,Pitkin County,Colorado,5.8,6,6.1,6.6,6.4,6.2,6.1,5.8,5.8,5.8,5.7,5.4,5,5.9,6.5,6.9,6.4,6.8
8099,Prowers County,Colorado,6.2,6.7,7.5,7.1,7,7.2,7.8,8.6,8.3,8,9.8,9.5,10.1,9.9,8.2,8.5,8.9,8.1
8101,Pueblo County,Colorado,7.1,6.3,8.7,7.4,6.8,7,8.1,8.6,8.9,9.8,9,8.6,8.9,8.8,8.9,7.9,9.2,10.4
8103,Rio Blanco County,Colorado,5.6,6,6.2,6.5,6.4,6.7,6.9,6.6,6.9,6,6.2,6.4,6.2,6.8,6.5,6.5,6.3,6.5
8105,Rio Grande County,Colorado,6.5,7.2,6.6,6.9,7,7.4,7.9,7.3,7.8,7.6,7.6,6.7,8.2,7.9,8.1,7.9,8.1,8.2
8107,Routt County,Colorado,5.4,5.4,5.1,5.3,5.3,4.3,4.1,4.1,4.7,4.5,4.1,3.9,4.6,5,5.7,6.3,6.5,6.7
8109,Saguache County,Colorado,6.6,7.2,7.5,8,7.8,8.2,8.4,7.4,7.4,7.6,7.3,8.2,8.1,8.6,9.3,8.6,7.6,8
8111,San Juan County,Colorado,5.8,5.9,6.4,6.5,6.6,6.7,7.2,7.7,7.2,6.4,6.6,6.5,6.5,6.5,6.7,6.7,6.7,6.9
8113,San Miguel County,Colorado,5.5,6.2,6.7,6.5,6.7,6.8,7.1,6.9,6.3,5.8,6.3,6.3,6,6.2,6.5,7.3,6.8,6.6
8115,Sedgwick County,Colorado,5.6,6,6,6.1,6.5,6.8,7.1,8.3,7.1,7.2,8,7.1,7.2,6.6,6.6,6.7,6.5,6.8
8117,Summit County,Colorado,5.6,5.9,6.1,6.6,6.1,6.2,5.7,5.9,5.8,5.4,5.4,5.9,5.6,6.2,6.2,6.1,5.8,5.3
8119,Teller County,Colorado,4.7,5.1,5.9,6.2,6.9,6.4,7.2,6.3,6.4,5.5,7.3,6.7,6.9,6.5,6.4,7.7,7.5,6.9
8121,Washington County,Colorado,5.9,5.8,6.1,6.9,6.8,6.9,6.9,6.9,7,6.2,6.1,6.8,7.7,7.7,7.5,7.1,7.5,7.3
8123,Weld County,Colorado,5.1,5.8,5.5,6.3,6.7,6.7,6.7,7.1,7.2,7,6.7,7.1,7,6.9,8.2,7.7,8.1,7.4
8125,Yuma County,Colorado,5.3,6.1,6.2,6,7.1,7,7.4,7.2,6.8,5.6,6.1,7,7.1,7,7,7.2,7.8,8.1
9001,Fairfield County,Connecticut,4.8,5,5.4,6.1,6,6,6,6.8,6.7,7.1,6.9,6.6,6.6,6.5,6.3,6.4,6,6.1
9003,Hartford County,Connecticut,6.1,6.6,6.4,6.8,7.2,7.3,7.6,7.9,8.1,8.4,8.5,8.3,8.7,8.6,8.8,8.1,8.7,9.5
9005,Litchfield County,Connecticut,5.1,5.4,5.1,6,6.1,6.3,6.1,6.7,5.7,5.6,5.3,6.3,6.6,6.9,6.2,6.2,5.9,6.2
9007,Middlesex County,Connecticut,4.8,6.3,5.9,7,6.3,6.3,6.4,6.8,7.5,6.5,6.9,5.4,5.9,6.1,6.5,6.5,6.6,7.3
9009,New Haven County,Connecticut,6.2,7,7.7,7.7,7.6,8.3,8.5,8.8,8.6,8.3,7.9,8,8.2,8.6,9,9.2,9.3,9
9011,New London County,Connecticut,6.2,6.5,6.5,7.1,7.6,7.3,7.1,7,7.8,7.6,7.7,7.3,7.8,7.4,8.3,7.8,7.5,8.2
9013,Tolland County,Connecticut,5.1,5,5.8,5.9,6.3,6.6,7.4,6.8,7.6,6.3,6.2,6.8,7.1,7.7,7.3,7.1,7.6,7.6
9015,Windham County,Connecticut,7.1,7.1,7.6,8.5,8.1,9.8,8.3,9.6,9.7,9,8.8,9.5,9.1,9.3,9.6,9.4,9.3,10.1
10001,Kent County,Delaware,8.3,9,9.5,9.5,10.4,10.5,10.8,10.9,10.2,11.4,11.5,11.6,11.2,11.3,12.4,12.2,11.7,11.4
10003,New Castle County,Delaware,6.7,7.4,7.4,7.8,7.2,6.9,7.2,8,7.8,8.2,8.5,9,9,9.3,9.5,9.6,9.9,9.9
10005,Sussex County,Delaware,7.7,7.9,8,9,9,9.1,9.3,8.9,9.2,9.9,10.2,10.1,9.8,9.3,9.4,9.9,9.2,9.2
11001,District Of Columbia,District of Columbia,8.1,7.7,8.2,8.3,8.5,8.5,8.4,8.8,8.9,8.6,8.8,8.8,8.8,8.7,8.8,8.9,8.1,8
12001,Alachua County,Florida,6,6.8,7.4,7.5,8.8,8.8,7.1,7.6,8.3,8.3,7.8,8.1,9.1,8.9,9.9,9,9.1,No Data
12003,Baker County,Florida,6.7,7.8,8,12,11.9,11.8,12.1,12.4,12.4,11.3,10.4,9.6,12.5,12.1,11.6,12.2,12,No Data
12005,Bay County,Florida,6.6,7.3,7.7,9.5,8.4,9.3,8.6,9.1,9.7,9.4,9.4,8.9,9.6,10.8,10.8,9.6,10.4,No Data
12007,Bradford County,Florida,7.5,8.3,9.3,10.8,10.3,10.5,11.9,11.6,12.3,11.9,11.4,10.4,9.8,9.6,10.3,11,11.8,No Data
12009,Brevard County,Florida,7.3,8.1,7.4,8.8,8.1,9.4,9.7,9.8,9.4,9,8.6,9.3,10.2,9.6,9.8,9.6,10,No Data
12011,Broward County,Florida,6.4,6.5,6.4,6.9,7.7,8.1,7.7,8.2,8.6,8,8.3,8.8,8.8,7.9,8.4,9,8.5,No Data
12013,Calhoun County,Florida,7.1,8.4,7.5,10.9,10.7,10.8,11.8,12.1,11.7,12.7,11.9,10.6,12.6,12.9,13.1,10.6,10.3,No Data
12015,Charlotte County,Florida,6.1,5.6,6.6,7.9,7.9,7.8,8.9,8.4,8.5,9.2,8.2,8.5,8.1,8.2,8,8.2,7.3,No Data
12017,Citrus County,Florida,7.1,8.8,7.3,7.7,8.4,9.4,8.7,7.9,7.3,9.2,9.4,9.7,9.7,9.1,7.9,10.3,9,No Data
12019,Clay County,Florida,8.1,6.8,6.2,9,9.3,10.1,9.6,9.9,9.2,10.4,10,9.9,10.5,9.9,10.6,11.9,11.9,No Data
12021,Collier County,Florida,5.9,6.3,6.7,6.6,6.3,6.6,7.2,7.6,6.8,5.8,5.8,6,6.1,6.9,7,6.3,6.6,No Data
12023,Columbia County,Florida,7.9,7.7,8.3,8.8,9.1,9,11.2,11,10.7,10.5,10.4,10.1,11.8,12.2,12.4,12.6,11.3,No Data
12027,Desoto County,Florida,7.3,7.8,7.8,8.8,9.2,9.2,10.8,11.1,10.9,11.2,10.3,9.7,10.5,11.4,11.4,12.6,11.6,No Data
12029,Dixie County,Florida,7,7.7,9,9.1,9.7,8.4,10.2,11.1,11.4,11.1,10,9.5,11.8,10.9,10.4,10.3,10.4,No Data
12031,Duval County,Florida,6.8,7.1,9.6,10,10.4,10.2,10.6,10.2,11.5,10.3,10.5,10.1,10.4,11.2,12.4,11.3,11.9,No Data
12033,Escambia County,Florida,6.7,7.4,7.5,8.9,8.8,9.6,10,11.3,10.3,10.9,10.9,10.2,12,10.8,10.6,12.4,10.9,No Data
12035,Flagler County,Florida,6.3,6.5,6.6,7.5,7.8,7.9,8.9,8.3,8.8,8.3,8.5,8.1,8.6,8.2,8.8,8.3,8.4,No Data
12037,Franklin County,Florida,5.8,5.8,6.9,8.4,8.8,8.8,8.7,9.3,8.2,8.8,8.5,8.2,9.7,9.6,9,8.6,8.6,No Data
12039,Gadsden County,Florida,8,8,9.1,11.3,11.9,10.6,12.5,13.2,13,14.7,13.8,13,15.2,15.1,15.9,16.2,15.8,No Data
12041,Gilchrist County,Florida,7.6,7.8,8.7,8,8.8,8.2,9.3,9,8.3,6,6.2,6.7,10.3,10.6,10.8,10.1,9.6,No Data
12043,Glades County,Florida,8.4,7.5,6.8,8.9,9.5,9.5,9.6,11.7,10.8,10.2,9.2,8.9,12.1,13.4,13.4,12.1,11.7,No Data
12045,Gulf County,Florida,6.9,7.4,8,9.1,9.1,8.9,9.5,10.2,9.8,9.2,8.7,8.5,10.1,9.8,10,9.6,9.6,No Data
12047,Hamilton County,Florida,8.9,8.3,9.4,10.4,11.3,11.2,12.9,12.9,12.3,10.6,10.4,9.9,12.3,12.7,12.2,11.8,10.4,No Data
12049,Hardee County,Florida,5.8,8.6,9.7,13.1,11.9,10.8,12.4,12.7,12,12.3,11.1,10.5,13.3,12.7,12.5,11.5,11.8,No Data
12051,Hendry County,Florida,6.6,6.8,7.6,7.6,8.4,8.8,10.5,11.6,11.3,13.2,11.8,10.7,10.1,10,11.7,11.4,11.9,No Data
12053,Hernando County,Florida,5.5,6.3,8.5,8.5,7.9,8.1,8.6,8.8,9.8,9.4,9.1,9.9,10.6,10.8,10.2,11.6,10.2,No Data
12055,Highlands County,Florida,6.2,5.7,8.9,9.3,9.5,8.5,9.5,9.8,9.8,9.6,9.5,9.4,10.7,9.9,10.5,11.6,11.7,No Data
12057,Hillsborough County,Florida,7.5,8.2,9,7.9,7.9,8,10.1,10.7,10,10.3,9.9,9.6,10,8.9,10,9.2,9.4,No Data
12059,Holmes County,Florida,7.3,7.2,7.8,9.8,10.4,11.2,12.5,13.3,11.2,12,11,10.1,10.6,11.7,12.3,15.1,13.1,No Data
12061,Indian River County,Florida,6.3,6.5,6.2,7.3,6.9,7.1,8.4,8.2,8.2,8.1,7.5,8.9,8.9,7.8,7.8,8.5,8.2,No Data
12063,Jackson County,Florida,6.4,7.5,6.9,10.2,10.5,9.8,12.1,10.3,9.9,10.1,10,10.8,13.2,13.6,14,12.5,13.5,No Data
12065,Jefferson County,Florida,7.4,8.1,8.2,9.7,10.5,10.3,11.1,10.8,11.1,8.6,8.5,8.2,10.2,9.5,10.4,10.2,9.2,No Data
12067,Lafayette County,Florida,8.2,8.6,8.4,10,10.1,10,9.4,9.4,9.6,11.5,10.7,10.3,12.1,10.9,11.1,9.9,9.9,No Data
12069,Lake County,Florida,7.7,6.7,7.1,8.4,8.6,8.5,9.2,9,10.1,10.5,10.6,9.8,9.5,9.1,9.4,9.9,11,No Data
12071,Lee County,Florida,5.8,7.1,7.1,8.3,8.3,8.9,8.1,7.6,7.5,6.8,7.4,7.4,7.8,8.5,7.7,7.6,7.8,No Data
12073,Leon County,Florida,6.4,6.4,6.1,8.2,7.7,8,9.8,9.6,9.3,7.9,7.8,8.4,8.7,8.1,7.8,7.6,8.2,No Data
12075,Levy County,Florida,7,9.9,8.4,9,9.3,9.4,10.3,9.8,9.7,10.8,10,9.8,11,10.7,12,11.3,11.6,No Data
12077,Liberty County,Florida,8.4,8.4,10.5,11.6,10.4,10.1,9.1,11.6,11.1,12.8,11.7,11,11.7,11,11.6,11.1,11.3,No Data
12079,Madison County,Florida,7.9,7.6,8.7,10.1,10.4,11.3,12.2,12.2,11.8,13.2,12.1,11.2,14.1,12.7,12.2,12.3,12.9,No Data
12081,Manatee County,Florida,6.9,6.1,6.7,6.5,7,7.1,9.1,8.2,8.7,7,7.7,7.7,7.9,7.5,8.4,9,9.3,No Data
12083,Marion County,Florida,7.1,7.6,8,8.9,9.5,9.5,9.5,9,8.3,9.8,8.7,9.6,10.4,10.6,11.4,10.4,8.8,No Data
12085,Martin County,Florida,4.8,5.5,5.5,6.3,5.8,6,5.7,6.1,6.2,7.6,7.3,6.1,6.3,6.5,7,6.9,6.8,No Data
12086,Miami-Dade County,Florida,6.5,7.6,6.9,7.1,7.3,8.2,8,8.2,8.1,7.6,7.7,7.4,7.5,7.3,7.4,7.7,8,No Data
12087,Monroe County,Florida,5.9,5.9,7.4,6.9,6.6,6.2,5.6,5.9,6.3,6.1,6.2,6.1,5.8,6,6.7,6.7,7.2,No Data
12089,Nassau County,Florida,6.5,6.4,7.5,7.9,8.4,9.6,7.7,8.3,7.8,8.4,8.4,8.8,9.5,8.3,8,8.1,9.1,No Data
12091,Okaloosa County,Florida,7,8.8,8.6,8.2,8.4,8.3,8.4,8.3,8.4,8.5,8.6,8.5,9.9,10.1,10.2,9,8.6,No Data
12093,Okeechobee County,Florida,7.4,6.9,7.4,9.7,9.8,9.2,8.9,8.5,10,9.2,9,8.9,12.4,10.5,10.6,11.2,10.2,No Data
12095,Orange County,Florida,7,6.7,8.5,9.3,9,9.6,9.3,9.1,9,8.8,8.7,9.4,9.3,9.4,9,9.6,9.3,No Data
12097,Osceola County,Florida,7.2,8,8.7,9.2,9.2,8.7,9,9.2,9.8,11.8,11.9,11.2,10.3,11.2,11.3,12.2,11.5,No Data
12099,Palm Beach County,Florida,6.6,7.6,6.8,6.8,7.5,7.9,7.8,7.1,7.4,7.8,8.3,7.6,8.1,7.8,9,8.1,8.5,No Data
12101,Pasco County,Florida,6.3,7.5,7.4,8,8.3,8.3,8.3,9.1,9.5,9,9.5,10.1,9.9,9.5,9.1,9.1,9.6,No Data
12103,Pinellas County,Florida,6.1,7.6,6.7,7.4,6.8,7.4,8.3,8.9,8.6,7.8,8.1,8.3,8.1,7.7,7.7,7.5,7.8,No Data
12105,Polk County,Florida,7.5,7.3,7.1,8.3,8.4,9.5,10.8,9.4,9.9,11.3,11.5,12.6,11.3,11.6,10.8,11.5,11.3,No Data
12107,Putnam County,Florida,7.3,8,7.8,9.7,10.3,11,11.8,11.8,10.9,9.2,8.9,9.4,11.6,13.1,13.5,12.5,10.8,No Data
12109,St. Johns County,Florida,5.2,6.1,5.9,6.9,7.4,6.9,6.5,6.4,6.2,6.6,6.6,6.6,6,6.8,6.9,7.7,8,No Data
12111,St. Lucie County,Florida,7.4,8.8,7.8,7,7.5,8.1,11.4,10.1,9.9,8.7,8.8,8.9,9.5,8.9,9.6,9.1,8.4,No Data
12113,Santa Rosa County,Florida,5.7,6.8,6.1,7.4,7.3,7.9,9.5,8.6,7.8,7.6,7.7,8.2,10.2,9.2,10.1,9.7,9.8,No Data
12115,Sarasota County,Florida,4.8,5.6,5.2,6.2,6.2,7,6.8,6.7,7.1,7.2,6.9,5.7,5.9,6,6.5,6.5,6.3,No Data
12117,Seminole County,Florida,6,7.4,6.7,7.7,7.9,8.4,10.4,10.3,9.8,9.2,9,8.1,8.8,8,9.1,8.9,9.5,No Data
12119,Sumter County,Florida,6.4,6.7,8.6,7,7.4,7.4,8.8,8.1,8.1,8.4,8.1,7.9,8.2,9,9.3,9.6,9.3,No Data
12121,Suwannee County,Florida,7.7,8.1,8,8.7,8.7,8.8,9.4,10,10.1,11.3,10.5,10.3,11.5,10.6,10.8,11.5,11.1,No Data
12123,Taylor County,Florida,7.4,8,8.9,9.4,9.3,8.9,11,11.6,11.7,13.4,12.6,11.3,9.9,10.6,11,11.2,11.1,No Data
12125,Union County,Florida,6.4,8.2,8.1,13.6,12.4,13.4,13.1,12.9,11.1,11.4,10.5,10.3,12.3,11.5,11.4,11.4,10.7,No Data
12127,Volusia County,Florida,7.8,7.1,6,6.6,7.9,7.8,9.9,9.7,9.2,8.6,9.8,9.7,10.1,9.8,10.5,10.9,10.8,No Data
12129,Wakulla County,Florida,6.4,7.4,7.5,8.4,8.7,7.8,9.8,9.7,9.6,10.5,9.6,8.9,7.2,8,8.6,9.6,8.3,No Data
12131,Walton County,Florida,7.3,6.9,6.8,8.1,8.3,9.2,8.3,8.4,8.5,9.3,9.2,8.7,9.4,9.7,9.7,9.8,10.9,No Data
12133,Washington County,Florida,7.9,8.7,10.1,9.2,10,10.1,12.3,11.8,11.5,10.2,9.9,9,11.5,11.9,11.4,12.3,11.6,No Data
13001,Appling County,Georgia,6.7,7.2,7.5,8.2,8.4,8.5,8.8,9.1,9.1,8.7,8.9,8.9,9.1,9.1,9.3,9.4,9.3,9.1
13003,Atkinson County,Georgia,6.5,7,7.4,9.2,9.2,8.7,9.6,9.7,9.5,8.6,8.7,8.9,8.7,9.1,9.2,9.6,9.9,9.6
13005,Bacon County,Georgia,7.2,7.5,7.9,8.5,8.6,9,9.2,9.7,9.7,9.1,9.2,9.3,9.4,9.3,9.7,9.6,9.5,9.4
13007,Baker County,Georgia,8.1,8.4,8.9,9.7,9.9,10.3,10.6,11.1,11,10.1,10.2,10.3,10.4,10.3,10.7,10.5,10.4,10.2
13009,Baldwin County,Georgia,6.4,6.9,7.2,7.6,7.9,8.1,8.4,8.8,8.6,8.1,8.3,8.2,8.3,8.4,8.6,8.5,8.4,8.5
13011,Banks County,Georgia,6.4,6.8,7.2,7.8,7.9,8,8.3,8.5,8.6,8.3,8.5,8.5,8.8,8.7,8.9,9,8.9,8.8
13013,Barrow County,Georgia,6.6,7,7.4,8,8.2,8.3,8.6,8.9,8.9,8.5,8.7,8.7,9,9,9.2,9.3,9.2,9.1
13015,Bartow County,Georgia,6.5,7,7.3,7.9,8.1,8.2,8.5,8.8,8.8,8.5,8.6,8.7,8.9,8.9,9.1,9.2,9.1,8.9
13017,Ben Hill County,Georgia,7.6,8,8.4,9.1,9.2,9.6,10,10.5,10.5,9.7,9.8,9.9,10,9.9,10.3,10.2,10.1,10
13019,Berrien County,Georgia,7.1,7.4,7.8,8.4,8.5,8.8,9.1,9.6,9.6,9,9.1,9.2,9.3,9.2,9.6,9.5,9.4,9.4
13021,Bibb County,Georgia,7.4,7.9,8.3,9.2,9.4,9.6,9.9,10.3,10.2,9.6,9.8,9.8,10.1,10.1,10.2,10.3,10.2,10
13023,Bleckley County,Georgia,6,6.4,6.7,7.1,7.3,7.5,7.7,8.1,8,7.6,7.7,7.7,7.8,7.9,8,8,7.9,8
13025,Brantley County,Georgia,6.4,6.8,7.2,7.8,7.9,8,8.2,8.5,8.5,8.3,8.4,8.5,8.7,8.7,8.9,8.9,8.9,8.8
13027,Brooks County,Georgia,7.8,8.1,8.5,9.3,9.4,9.8,10,10.6,10.5,9.7,9.8,9.9,10,9.9,10.3,10.2,10.1,10
13029,Bryan County,Georgia,6.7,7.1,7.5,8.1,8.3,8.5,8.7,9,9,8.6,8.8,8.8,9.1,9.1,9.2,9.3,9.3,9.1
13031,Bulloch County,Georgia,6.7,7.2,7.5,9.4,9.4,9,9.8,10,9.7,8.7,8.9,9,8.8,9.3,9.3,9.7,10,9.7
13033,Burke County,Georgia,7.4,7.9,8.4,9.2,9.4,9.6,9.9,10.2,10.1,9.5,9.7,9.7,9.9,9.9,10,10.1,10,9.7
13035,Butts County,Georgia,6.9,7.4,7.8,8.5,8.7,8.8,9.1,9.4,9.4,8.9,9.1,9,9.3,9.3,9.5,9.5,9.4,9.3
13037,Calhoun County,Georgia,7.4,8,8.4,10.6,10.7,10.2,11.1,11.3,10.9,9.6,9.8,9.9,9.6,10.1,10.1,10.6,10.9,10.6
13039,Camden County,Georgia,6.8,7.3,7.7,8.4,8.5,8.7,8.9,9.2,9.2,8.8,8.9,8.9,9.2,9.2,9.4,9.4,9.3,9.2
13043,Candler County,Georgia,6.6,7.2,7.5,9.3,9.3,8.9,9.7,9.9,9.6,8.6,8.8,9,8.8,9.2,9.2,9.7,10,9.7
13045,Carroll County,Georgia,6.7,7.1,7.5,8.1,8.3,8.4,8.7,9,9,8.6,8.8,8.8,9.1,9.1,9.3,9.3,9.3,9.1
13047,Catoosa County,Georgia,6.4,6.8,7.1,7.7,7.8,7.9,8.2,8.4,8.5,8.2,8.4,8.4,8.7,8.7,8.8,8.9,8.9,8.7
13049,Charlton County,Georgia,6.7,7.2,7.6,9.5,9.5,9.1,9.9,10.1,9.8,8.7,8.9,9,8.8,9.3,9.3,9.8,10.1,9.8
13051,Chatham County,Georgia,7.2,7.7,8.1,8.9,9.1,9.3,9.6,9.9,9.8,9.3,9.5,9.5,9.7,9.7,9.9,10,9.9,9.7
13053,Chattahoochee County,Georgia,7.1,7.7,8.1,8.8,9.1,9.3,9.3,9.7,9.5,9.1,9.3,9.3,9.6,9.6,9.7,9.8,9.7,9.5
13055,Chattooga County,Georgia,6.5,6.9,7.3,7.9,8.1,8.2,8.5,8.8,8.8,8.4,8.6,8.6,8.9,8.8,9,9.1,9,8.9
13057,Cherokee County,Georgia,5.6,6,6.3,6.6,6.8,7,7.2,7.6,7.5,7.2,7.4,7.4,7.5,7.6,7.7,7.7,7.6,7.7
13059,Clarke County,Georgia,6.8,7.3,7.7,9.6,9.6,9.2,10,10.2,9.9,8.9,9.1,9.2,9,9.5,9.5,9.9,10.2,9.9
13061,Clay County,Georgia,7.4,8,8.4,10.6,10.7,10.2,10.9,11.1,10.8,9.5,9.7,9.8,9.6,10.1,10.1,10.5,10.9,10.5
13063,Clayton County,Georgia,7.7,8.2,8.7,9.6,9.9,10.1,10.7,11.1,11,10.3,10.5,10.5,10.7,10.8,10.9,11,10.9,10.6
13065,Clinch County,Georgia,6.7,7.2,7.6,9.5,9.5,9,9.7,9.9,9.6,8.6,8.8,8.9,8.8,9.2,9.2,9.7,10,9.7
13067,Cobb County,Georgia,6.8,7.3,7.7,8.4,8.6,8.7,9.1,9.4,9.4,8.9,9.2,9.2,9.4,9.4,9.6,9.7,9.6,9.5
13069,Coffee County,Georgia,7.5,7.8,8.2,8.9,9,9.4,9.7,10.2,10.2,9.5,9.5,9.7,9.7,9.7,10.1,9.9,9.9,9.8
13071,Colquitt County,Georgia,6.6,7.1,7.4,9.2,9.2,8.8,9.6,9.7,9.5,8.6,8.8,8.9,8.7,9.2,9.2,9.6,9.9,9.6
13073,Columbia County,Georgia,6,6.3,6.6,7,7.3,7.6,7.7,7.9,8.1,7.7,7.9,7.8,8,8.1,8.2,8.3,8.2,8.2
13075,Cook County,Georgia,7.5,7.8,8.3,9,9.1,9.4,9.7,10.3,10.2,9.5,9.6,9.7,9.8,9.7,10.1,9.9,9.9,9.8
13077,Coweta County,Georgia,5.9,6.3,6.6,6.9,7.1,7.4,7.6,8,7.9,7.5,7.7,7.6,7.7,7.8,8,7.9,7.8,7.9
13079,Crawford County,Georgia,6.9,7.3,7.7,8.4,8.6,8.8,9,9.3,9.2,8.8,9,9,9.3,9.2,9.4,9.5,9.4,9.2
13081,Crisp County,Georgia,7.9,8.2,8.6,9.4,9.5,9.9,10.2,10.8,10.7,9.9,9.9,10.1,10.1,10.1,10.5,10.3,10.3,10.1
13083,Dade County,Georgia,6.4,6.8,7.1,7.7,7.8,7.9,8.2,8.4,8.5,8.2,8.4,8.4,8.7,8.6,8.8,8.9,8.8,8.7
13085,Dawson County,Georgia,6.4,6.8,7.1,7.7,7.8,7.9,8.2,8.4,8.5,8.2,8.4,8.4,8.7,8.6,8.8,8.9,8.8,8.7
13087,Decatur County,Georgia,7.8,8.1,8.6,9.3,9.5,9.9,10.2,10.8,10.7,9.9,10,10.1,10.1,10.1,10.5,10.3,10.3,10.1
13089,Dekalb County,Georgia,7.6,8.2,8.6,9.5,9.7,9.9,10.3,10.7,10.6,9.9,10.1,10.1,10.3,10.3,10.5,10.5,10.4,10.2
13091,Dodge County,Georgia,6.9,7.4,7.8,8.5,8.7,8.9,9.2,9.5,9.4,8.9,9.1,9.1,9.4,9.4,9.5,9.6,9.5,9.4
13093,Dooly County,Georgia,8,8.4,8.9,9.7,9.9,10.3,10.6,11.1,11,10.1,10.2,10.3,10.3,10.3,10.7,10.5,10.5,10.3
13095,Dougherty County,Georgia,8.3,8.7,9.2,10.1,10.3,10.8,11.1,11.8,11.6,10.6,10.7,10.9,10.9,10.9,11.2,11.1,11,10.9
13097,Douglas County,Georgia,6.9,7.3,7.8,8.6,8.8,9,9.4,9.8,9.8,9.3,9.5,9.5,9.8,9.8,10,10.1,10.1,9.9
13099,Early County,Georgia,8,8.4,8.8,9.6,9.8,10.2,10.5,11.1,11,10.1,10.2,10.3,10.3,10.3,10.7,10.6,10.5,10.3
13101,Echols County,Georgia,6.3,6.7,7.1,8.8,8.7,8.3,9.1,9.2,9,8.2,8.4,8.5,8.4,8.8,8.8,9.3,9.6,9.3
13103,Effingham County,Georgia,5.8,6.2,6.5,6.8,7,7.2,7.5,7.8,7.7,7.4,7.6,7.5,7.6,7.7,7.9,7.8,7.7,7.8
13105,Elbert County,Georgia,7,7.5,7.8,8.6,8.7,8.9,9.1,9.4,9.4,9,9.2,9.1,9.4,9.4,9.5,9.6,9.5,9.3
13107,Emanuel County,Georgia,7.6,7.9,8.3,9.1,9.2,9.5,9.9,10.5,10.4,9.6,9.7,9.8,9.9,9.8,10.2,10.1,10,9.9
13109,Evans County,Georgia,7,7.5,7.9,8.6,8.8,8.9,9.2,9.5,9.5,9,9.2,9.2,9.5,9.4,9.6,9.7,9.6,9.4
13111,Fannin County,Georgia,6.3,6.7,7.1,7.6,7.8,7.9,8.1,8.4,8.4,8.2,8.4,8.4,8.7,8.6,8.8,8.9,8.8,8.7
13113,Fayette County,Georgia,6,6.3,6.6,7.1,7.4,7.7,7.8,8.1,8.2,7.8,8,7.9,8.2,8.2,8.3,8.4,8.3,8.4
13115,Floyd County,Georgia,6.6,7,7.4,8.1,8.2,8.3,8.6,8.9,8.9,8.6,8.7,8.7,9,9,9.2,9.2,9.2,9
13117,Forsyth County,Georgia,5.7,6,6.3,6.7,7,7.2,7.3,7.6,7.7,7.4,7.6,7.5,7.8,7.8,8,8.1,8,8.1
13119,Franklin County,Georgia,7.1,7.3,7.7,8.3,8.4,8.7,9,9.5,9.5,8.9,9,9.2,9.2,9.2,9.6,9.4,9.4,9.3
13121,Fulton County,Georgia,6.4,6.9,7.3,7.7,8,8.3,8.7,9.1,8.8,8.3,8.5,8.4,8.5,8.6,8.7,8.6,8.5,8.6
13123,Gilmer County,Georgia,6.4,6.8,7.1,7.7,7.8,7.9,8.2,8.4,8.4,8.2,8.4,8.4,8.7,8.7,8.8,8.9,8.8,8.7
13125,Glascock County,Georgia,6.5,6.9,7.2,7.9,8,8.2,8.4,8.7,8.7,8.4,8.6,8.6,8.9,8.8,9,9.1,9,8.9
13127,Glynn County,Georgia,6.9,7.3,7.7,8.4,8.6,8.7,9,9.3,9.3,8.8,9,9,9.3,9.3,9.4,9.5,9.4,9.2
13129,Gordon County,Georgia,6.4,6.8,7.2,7.8,7.9,8,8.3,8.5,8.6,8.3,8.5,8.5,8.8,8.7,8.9,9,8.9,8.8
13131,Grady County,Georgia,7,7.4,7.8,8.5,8.7,8.9,9.2,9.5,9.4,9,9.2,9.2,9.4,9.4,9.6,9.7,9.6,9.4
13133,Greene County,Georgia,7.2,7.7,8.1,8.8,9,9.2,9.4,9.7,9.7,9.2,9.4,9.3,9.6,9.5,9.7,9.8,9.6,9.4
13135,Gwinnett County,Georgia,6.8,7.3,7.7,8.5,8.7,8.9,9.3,9.6,9.6,9.2,9.4,9.4,9.7,9.7,9.8,10,9.9,9.7
13137,Habersham County,Georgia,6.5,6.9,7.2,7.8,7.9,8.1,8.3,8.6,8.6,8.3,8.5,8.5,8.8,8.8,9,9,9,8.8
13139,Hall County,Georgia,6.5,6.9,7.3,7.9,8,8.2,8.4,8.7,8.7,8.4,8.6,8.6,8.9,8.9,9,9.1,9,8.9
13141,Hancock County,Georgia,7.8,8.4,8.8,11.2,11.3,10.8,11.6,11.8,11.4,9.9,10.1,10.2,9.9,10.4,10.4,10.8,11.1,10.8
13143,Haralson County,Georgia,6.4,6.8,7.2,7.8,7.9,8.1,8.3,8.5,8.6,8.3,8.5,8.5,8.8,8.7,8.9,9,8.9,8.8
13145,Harris County,Georgia,5.9,6.4,6.6,7,7.2,7.4,7.7,8,7.9,7.5,7.7,7.6,7.7,7.8,8,7.9,7.8,7.9
13147,Hart County,Georgia,6.7,7.2,7.5,8.2,8.4,8.5,8.8,9,9.1,8.7,8.8,8.8,9.1,9.1,9.3,9.3,9.3,9.1
13149,Heard County,Georgia,6.6,7,7.3,8,8.1,8.3,8.5,8.8,8.8,8.5,8.7,8.7,9,8.9,9.1,9.1,9.1,8.9
13151,Henry County,Georgia,6.8,7.3,7.8,8.6,8.8,9,9.5,9.8,9.8,9.3,9.5,9.6,9.8,9.9,10,10.2,10.1,10
13153,Houston County,Georgia,6.9,7.4,7.8,8.5,8.7,8.9,9.2,9.5,9.5,9,9.2,9.2,9.5,9.5,9.7,9.8,9.7,9.5
13155,Irwin County,Georgia,7.4,7.7,8.2,8.8,9,9.3,9.6,10.2,10.2,9.4,9.5,9.6,9.7,9.6,10,9.9,9.8,9.7
13157,Jackson County,Georgia,6.5,6.9,7.3,7.9,8,8.2,8.4,8.7,8.7,8.4,8.6,8.6,8.8,8.8,9,9.1,9,8.9
13159,Jasper County,Georgia,6.9,7.3,7.7,8.4,8.5,8.7,9,9.3,9.2,8.8,9,9,9.2,9.2,9.3,9.4,9.3,9.1
13161,Jeff Davis County,Georgia,6.7,7.1,7.5,8.1,8.3,8.4,8.7,8.9,9,8.6,8.8,8.8,9.1,9,9.2,9.3,9.2,9
13163,Jefferson County,Georgia,7.6,8.1,8.5,9.4,9.6,9.8,10.1,10.4,10.3,9.7,9.9,9.8,10.1,10,10.2,10.3,10.1,9.9
13165,Jenkins County,Georgia,7.8,8.2,8.6,9.4,9.6,9.9,10.2,10.8,10.8,9.9,10,10.1,10.1,10.1,10.5,10.3,10.2,10.1
13167,Johnson County,Georgia,7.1,7.6,8,8.8,9,9.2,9.4,9.7,9.6,9.1,9.3,9.2,9.5,9.5,9.7,9.7,9.6,9.5
13169,Jones County,Georgia,6.9,7.3,7.7,8.4,8.6,8.7,9.1,9.4,9.3,8.9,9.1,9.1,9.3,9.3,9.5,9.6,9.5,9.3
13171,Lamar County,Georgia,7,7.4,7.8,8.5,8.7,8.9,9.2,9.5,9.4,9,9.2,9.1,9.4,9.4,9.5,9.6,9.5,9.3
13173,Lanier County,Georgia,7.5,7.8,8.2,8.9,9,9.4,9.7,10.2,10.2,9.5,9.5,9.6,9.7,9.6,10,9.9,9.8,9.7
13175,Laurens County,Georgia,7.7,8,8.4,9.2,9.3,9.7,10,10.6,10.5,9.7,9.8,9.9,10,9.9,10.3,10.2,10.1,10
13177,Lee County,Georgia,6.7,7.1,7.5,8.2,8.4,8.5,8.8,9.1,9.1,8.7,8.9,8.9,9.2,9.2,9.4,9.5,9.4,9.3
13179,Liberty County,Georgia,7.4,8,8.4,9.2,9.5,9.7,9.9,10.2,10.2,9.6,9.8,9.8,10,10,10.2,10.3,10.1,9.9
13181,Lincoln County,Georgia,7.1,7.6,8,8.7,8.9,9.1,9.3,9.6,9.5,9,9.2,9.2,9.5,9.4,9.6,9.7,9.6,9.4
13183,Long County,Georgia,7.5,7.8,8.2,8.9,9.1,9.5,9.8,10.3,10.3,9.6,9.6,9.8,9.9,9.8,10.2,10,10,9.9
13185,Lowndes County,Georgia,7.7,8,8.5,9.2,9.4,9.8,10.1,10.6,10.6,9.8,9.8,10,10,10,10.4,10.2,10.1,10
13187,Lumpkin County,Georgia,5.6,6,6.2,6.5,6.7,6.9,7.1,7.4,7.4,7.1,7.3,7.2,7.3,7.4,7.6,7.5,7.5,7.5
13189,Mcduffie County,Georgia,7.1,7.6,8,8.8,9,9.2,9.5,9.8,9.8,9.2,9.4,9.4,9.7,9.6,9.8,9.9,9.8,9.6
13191,Mcintosh County,Georgia,7.1,7.6,8,8.7,8.9,9.1,9.4,9.8,9.7,9.2,9.4,9.3,9.6,9.5,9.7,9.8,9.7,9.5
13193,Macon County,Georgia,7.4,8,8.4,10.6,10.7,10.2,11.1,11.3,10.9,9.6,9.8,9.9,9.7,10.2,10.2,10.6,11,10.6
13195,Madison County,Georgia,6.5,6.9,7.3,7.9,8,8.2,8.4,8.7,8.7,8.4,8.6,8.6,8.9,8.9,9.1,9.1,9.1,8.9
13197,Marion County,Georgia,7.1,7.6,8,8.7,8.9,9.1,9.4,9.7,9.6,9.1,9.3,9.3,9.6,9.5,9.7,9.8,9.7,9.5
13199,Meriwether County,Georgia,7.2,7.7,8.1,8.9,9.1,9.3,9.5,9.8,9.7,9.2,9.4,9.4,9.7,9.6,9.8,9.9,9.7,9.5
13201,Miller County,Georgia,6.9,7.3,7.7,8.4,8.6,8.8,9.1,9.4,9.3,8.9,9.1,9.1,9.3,9.3,9.5,9.6,9.5,9.3
13205,Mitchell County,Georgia,7.1,7.6,8,10.1,10.1,9.7,10.5,10.7,10.4,9.2,9.4,9.5,9.3,9.8,9.8,10.2,10.5,10.2
13207,Monroe County,Georgia,6.9,7.4,7.8,8.5,8.7,8.8,9,9.3,9.2,8.8,9,9,9.3,9.2,9.4,9.5,9.4,9.2
13209,Montgomery County,Georgia,6.9,7.3,7.7,8.4,8.6,8.8,9.1,9.4,9.3,8.9,9.1,9.1,9.3,9.3,9.5,9.5,9.5,9.3
13211,Morgan County,Georgia,6.9,7.4,7.7,8.4,8.6,8.8,9,9.3,9.3,8.8,9,9,9.3,9.2,9.4,9.4,9.3,9.2
13213,Murray County,Georgia,6.1,6.6,6.9,8.5,8.5,8,8.8,8.9,8.7,8,8.2,8.3,8.2,8.6,8.6,9,9.3,9.1
13215,Muscogee County,Georgia,7.4,7.9,8.3,9.2,9.4,9.6,9.9,10.2,10.1,9.5,9.7,9.7,10,10,10.1,10.2,10.1,9.9
13217,Newton County,Georgia,6.9,7.4,7.9,8.6,8.9,9.1,9.5,9.8,9.8,9.3,9.5,9.5,9.8,9.8,10,10.1,10,9.9
13219,Oconee County,Georgia,5.8,6.1,6.3,6.7,7,7.2,7.3,7.5,7.7,7.4,7.6,7.5,7.7,7.7,7.9,7.9,7.9,7.9
13221,Oglethorpe County,Georgia,6.8,7.2,7.6,8.2,8.4,8.6,8.8,9.1,9.1,8.7,8.9,8.9,9.1,9.1,9.3,9.4,9.3,9.1
13223,Paulding County,Georgia,5.7,6.1,6.5,6.8,7,7.2,7.6,7.9,7.8,7.5,7.6,7.6,7.7,7.8,8,7.9,7.9,8
13225,Peach County,Georgia,7.3,7.8,8.2,9,9.2,9.4,9.7,10,9.9,9.4,9.6,9.5,9.8,9.7,9.9,10,9.9,9.7
13227,Pickens County,Georgia,5.6,6,6.2,6.5,6.6,6.8,7.1,7.4,7.3,7.1,7.3,7.2,7.3,7.4,7.6,7.5,7.4,7.5
13229,Pierce County,Georgia,6.5,7,7.3,7.9,8.1,8.2,8.4,8.7,8.7,8.4,8.6,8.6,8.9,8.9,9,9.1,9,8.9
13231,Pike County,Georgia,6.7,7.1,7.4,8.1,8.2,8.4,8.6,8.8,8.8,8.5,8.7,8.7,8.9,8.9,9.1,9.1,9,8.9
13233,Polk County,Georgia,6.6,7,7.4,8,8.2,8.3,8.6,8.9,8.9,8.5,8.7,8.7,9,8.9,9.1,9.2,9.1,8.9
13235,Pulaski County,Georgia,7.1,7.5,7.9,8.7,8.9,9,9.2,9.6,9.5,9.1,9.3,9.3,9.5,9.5,9.6,9.7,9.6,9.4
13237,Putnam County,Georgia,6.9,7.4,7.8,8.4,8.6,8.8,9,9.3,9.3,8.9,9.1,9.1,9.3,9.3,9.5,9.6,9.5,9.3
13239,Quitman County,Georgia,7.1,7.6,8,10.1,10.1,9.7,10.5,10.8,10.5,9.3,9.5,9.6,9.4,9.9,9.9,10.3,10.6,10.3
13241,Rabun County,Georgia,6.3,6.7,7.1,7.7,7.8,7.9,8.2,8.4,8.5,8.2,8.4,8.4,8.7,8.7,8.8,8.9,8.8,8.7
13243,Randolph County,Georgia,8.3,8.7,9.2,10.1,10.3,10.7,11,11.7,11.5,10.5,10.6,10.7,10.8,10.7,11.1,10.9,10.8,10.6
13245,Richmond County,Georgia,7.5,8,8.5,9.3,9.6,9.8,10.1,10.5,10.4,9.7,10,9.9,10.2,10.2,10.3,10.5,10.3,10.1
13247,Rockdale County,Georgia,6.9,7.4,7.9,8.7,8.9,9.1,9.7,10.1,10.1,9.5,9.8,9.8,10.1,10.1,10.3,10.4,10.4,10.2
13249,Schley County,Georgia,7,7.4,7.8,8.5,8.8,8.9,9.1,9.3,9.3,8.9,9,9,9.3,9.3,9.5,9.5,9.4,9.2
13251,Screven County,Georgia,7.3,7.8,8.2,9,9.2,9.4,9.6,9.9,9.9,9.3,9.5,9.5,9.7,9.7,9.9,9.9,9.8,9.6
13253,Seminole County,Georgia,7,7.5,7.9,8.6,8.8,9,9.2,9.5,9.5,9.1,9.3,9.2,9.5,9.5,9.6,9.7,9.6,9.4
13255,Spalding County,Georgia,7,7.5,7.8,8.6,8.8,9,9.2,9.5,9.5,9,9.2,9.2,9.5,9.5,9.6,9.7,9.6,9.5
13257,Stephens County,Georgia,7.2,7.4,7.8,8.5,8.5,8.9,9.1,9.6,9.6,9,9.1,9.2,9.3,9.3,9.6,9.5,9.5,9.4
13259,Stewart County,Georgia,8.4,8.8,9.2,10.1,10.3,10.7,10.8,11.4,11.2,10.3,10.4,10.5,10.5,10.5,10.9,10.7,10.6,10.5
13261,Sumter County,Georgia,8,8.4,8.8,9.6,9.8,10.2,10.6,11.2,11.1,10.2,10.3,10.4,10.5,10.4,10.8,10.6,10.5,10.4
13263,Talbot County,Georgia,7.7,8.2,8.7,9.5,9.8,10,10.3,10.6,10.5,9.8,10,9.9,10.2,10.1,10.3,10.4,10.3,10
13265,Taliaferro County,Georgia,7.7,8.3,8.7,9.6,9.9,10,10.4,10.7,10.6,9.9,10,10,10.3,10.2,10.4,10.4,10.3,10.1
13267,Tattnall County,Georgia,7,7.4,7.8,8.5,8.7,8.9,9.2,9.5,9.4,8.9,9.1,9.1,9.3,9.3,9.5,9.6,9.5,9.4
13269,Taylor County,Georgia,7.9,8.2,8.7,9.4,9.6,9.9,10.2,10.8,10.7,9.9,9.9,10,10.1,10,10.4,10.2,10.2,10
13271,Telfair County,Georgia,6.9,7.5,7.8,9.8,9.9,9.4,10.2,10.3,10,8.9,9.1,9.2,9,9.5,9.5,9.9,10.3,10
13273,Terrell County,Georgia,8.3,8.6,9.1,10,10.2,10.6,10.9,11.5,11.4,10.4,10.5,10.6,10.6,10.6,11,10.8,10.7,10.6
13275,Thomas County,Georgia,7.2,7.6,8,8.8,9,9.2,9.4,9.8,9.7,9.2,9.4,9.4,9.6,9.6,9.7,9.8,9.7,9.5
13277,Tift County,Georgia,7.5,7.8,8.3,8.9,9.1,9.4,9.8,10.4,10.3,9.6,9.6,9.7,9.8,9.8,10.1,10,9.9,9.8
13279,Toombs County,Georgia,6.8,7.3,7.6,8.3,8.5,8.6,8.9,9.3,9.2,8.8,9,9,9.3,9.2,9.4,9.5,9.4,9.2
13281,Towns County,Georgia,5.5,5.9,6.2,6.4,6.5,6.8,7,7.3,7.3,7,7.2,7.2,7.3,7.4,7.5,7.5,7.4,7.5
13283,Treutlen County,Georgia,7,7.5,7.9,8.6,8.8,8.9,9.2,9.5,9.5,9,9.2,9.2,9.4,9.4,9.6,9.7,9.6,9.4
13285,Troup County,Georgia,7,7.5,7.9,8.6,8.8,9,9.3,9.6,9.6,9.1,9.3,9.3,9.6,9.6,9.7,9.8,9.7,9.5
13287,Turner County,Georgia,7.8,8.1,8.6,9.3,9.5,9.9,10.2,10.7,10.6,9.8,9.8,10,10,10,10.4,10.2,10.1,10
13289,Twiggs County,Georgia,7.9,8.2,8.7,9.5,9.6,10,10.3,10.9,10.8,10,10,10.1,10.2,10.1,10.5,10.3,10.2,10.1
13291,Union County,Georgia,6.3,6.7,7.1,7.7,7.8,7.9,8.1,8.4,8.4,8.2,8.4,8.4,8.7,8.6,8.8,8.9,8.8,8.7
13293,Upson County,Georgia,6.9,7.4,7.8,8.5,8.7,8.8,9.1,9.4,9.4,8.9,9.1,9.1,9.4,9.4,9.5,9.6,9.5,9.3
13295,Walker County,Georgia,6.4,6.8,7.1,7.7,7.8,8,8.2,8.5,8.5,8.3,8.4,8.5,8.7,8.7,8.9,8.9,8.9,8.7
13297,Walton County,Georgia,6.6,7.1,7.4,8.1,8.2,8.4,8.7,8.9,9,8.6,8.8,8.8,9.1,9.1,9.2,9.3,9.3,9.1
13299,Ware County,Georgia,6.9,7.3,7.7,8.4,8.6,8.8,9.1,9.4,9.4,8.9,9.1,9.1,9.4,9.3,9.5,9.6,9.5,9.3
13301,Warren County,Georgia,8.3,8.7,9.1,10,10.2,10.6,11,11.6,11.5,10.5,10.5,10.6,10.6,10.6,11,10.8,10.7,10.5
13303,Washington County,Georgia,7.5,8,8.4,9.3,9.6,9.8,10,10.4,10.3,9.6,9.8,9.8,10,10,10.2,10.2,10.1,9.9
13305,Wayne County,Georgia,6.8,7.2,7.6,8.2,8.4,8.6,8.9,9.1,9.1,8.7,8.9,8.9,9.2,9.1,9.3,9.4,9.3,9.1
13307,Webster County,Georgia,8,8.4,8.8,9.6,9.8,10.1,10.3,10.9,10.8,10,10.1,10.2,10.2,10.2,10.6,10.4,10.3,10.2
13309,Wheeler County,Georgia,7.7,8,8.5,9.2,9.4,9.8,10.1,10.7,10.5,9.7,9.7,9.9,9.9,9.9,10.3,10.1,10.1,10
13311,White County,Georgia,6.4,6.8,7.1,7.7,7.8,8,8.2,8.4,8.5,8.2,8.4,8.4,8.7,8.6,8.8,8.9,8.8,8.7
13313,Whitfield County,Georgia,6.4,6.8,7.2,7.8,7.9,8,8.3,8.6,8.6,8.3,8.5,8.5,8.8,8.7,8.9,9,8.9,8.8
13315,Wilcox County,Georgia,7.1,7.6,8,8.7,9,9.1,9.4,9.7,9.7,9.1,9.3,9.2,9.5,9.5,9.6,9.7,9.6,9.5
13317,Wilkes County,Georgia,7.3,7.8,8.2,9,9.3,9.4,9.7,10,9.9,9.4,9.6,9.5,9.8,9.7,9.9,9.9,9.8,9.6
13319,Wilkinson County,Georgia,7.2,7.7,8.1,8.9,9.1,9.3,9.5,9.8,9.8,9.2,9.4,9.4,9.7,9.7,9.8,9.9,9.8,9.6
13321,Worth County,Georgia,6.9,7.4,7.8,8.5,8.7,8.8,9.1,9.4,9.4,8.9,9.1,9.1,9.4,9.3,9.5,9.6,9.5,9.3
15001,Hawaii County,Hawaii,5.6,7.6,7.1,6.7,6.4,6.7,7.3,7,6.8,6.6,7.1,7.2,8.1,8.5,8.9,8.9,8.3,8.2
15003,Honolulu County,Hawaii,6.8,6.5,7.1,7.1,7.8,7.8,8,8.3,7.3,7.4,8.2,8.5,9.1,9.6,10.4,10.1,9.7,9.2
15005,Kalawao County,Hawaii,8.4,8.8,9.3,9.9,10,No Data,11,12.1,11.8,9.7,9.8,9.6,9.6,9.7,9.8,9.6,9.7,9.7
15007,Kauai County,Hawaii,5.6,6.6,8.4,7.3,8.3,7.3,7.1,7.7,6.9,7.1,7,6.9,7.9,7.8,8,8.9,8.1,7.3
15009,Maui County,Hawaii,6,6,6.7,7.1,6.9,7.3,7.6,8,7.1,6.5,7,6.8,8.1,8.3,8,8.2,8,7.1
16001,Ada County,Idaho,5.1,5.9,6.3,7.2,7,7.2,6.9,7.5,7.7,7,6.8,6.9,7.6,7.2,6.9,7.7,7,7.2
16003,Adams County,Idaho,6.8,6.3,7.1,7.5,7.3,7.9,8.5,9.3,9.1,8.1,8.2,6.9,8.1,7.8,9.5,9.4,7.5,7.9
16005,Bannock County,Idaho,8.2,7.4,6.8,7.1,7.4,8.9,8.3,10,9.8,8.9,9.5,7.9,9,9,9.2,9.4,8.5,8.5
16007,Bear Lake County,Idaho,6.3,7,6,6.3,6.1,6.6,6.8,6.8,6.6,6.5,6.4,6,6.8,6.1,6.8,6.2,7.7,8.1
16009,Benewah County,Idaho,6.9,7.3,6.6,6.5,7.4,8.1,8.7,9.6,9.8,7.6,6.7,6.8,7.5,7.5,8.2,7.7,9.5,8.5
16011,Bingham County,Idaho,7.9,7.9,8.2,9.6,10.3,9.7,10.9,11.9,10,10.2,9.2,10.6,10.4,9.2,9.5,9.9,10.9,9
16013,Blaine County,Idaho,4.8,5.3,4.8,4.8,5.1,5.2,5,5.1,5.4,5.1,5.3,5.2,5.4,5.8,5.7,6.8,6,5.2
16015,Boise County,Idaho,6.2,6.3,6.7,8,7.2,7.8,8,8.4,7.2,6.7,6.9,7.4,8.1,9.1,8.7,7.9,7,7.9
16017,Bonner County,Idaho,5.5,6.1,6,6.4,6,6.1,6.5,7.4,6.8,5.6,5.4,6.6,6.3,6.9,6.9,7.3,6.7,8.5
16019,Bonneville County,Idaho,7,6.7,7.1,7.3,8.5,8.4,8.3,8.6,8.3,8.4,7.7,7.9,7.8,7.7,9.3,9.1,8.7,9.2
16021,Boundary County,Idaho,5.9,6.1,5.9,6.6,6.6,7.4,7.8,6.8,7.5,8,8.5,8,7.5,7.6,7.8,7.7,8,9.2
16023,Butte County,Idaho,7.6,7,6.9,7.2,8,8,8,7.9,8.6,7,6.9,6.7,7.1,8.3,7.8,7.4,8.7,8.2
16025,Camas County,Idaho,5.7,5.9,6,6.3,6.7,6.9,7.2,7.3,7,6.5,6.6,6.4,6.3,7,7.2,7.2,7.2,6.7
16027,Canyon County,Idaho,7.5,9,8.1,8.7,8.6,8.8,8.6,9.8,9.3,10,9.1,9,9,9.5,10.1,11.5,11.1,11.4
16029,Caribou County,Idaho,6.9,7.2,8.1,7.1,6.3,6.7,6.9,6.8,7.6,7.3,7.9,8.1,7.5,8.6,8.4,8.7,7.1,6.6
16031,Cassia County,Idaho,5.4,5.8,6.8,8.5,8,9.3,9.1,9.8,9.1,9.2,7.6,8.7,8.4,10,9.7,9.7,9.1,10.4
16033,Clark County,Idaho,6.1,7.5,7.2,8.4,8.5,8,8.6,8.8,8.1,7.1,7.1,7.2,7.2,7.3,7.3,8.1,8.4,8
16035,Clearwater County,Idaho,5.4,6.6,6.7,7.4,6.9,7.1,7.1,7.1,7.6,7.7,7.4,7.5,7.9,8,8.8,8.7,9.2,9.3
16037,Custer County,Idaho,7.2,7.5,7.2,7.5,7.2,7.9,8.3,8,7.6,7.3,7,7.7,6.7,7.8,8.1,7.8,7.6,7.4
16039,Elmore County,Idaho,6.1,6.6,8,8.9,9.6,9.3,8.4,9.1,9,9.4,9.4,9.7,9.1,9.4,7.9,7.3,9.2,9
16041,Franklin County,Idaho,5.4,5.4,6.2,6.3,6.6,6.6,7,6.9,6.7,6.3,6.5,6.8,7.5,6.7,6.6,6.3,7.1,8.5
16043,Fremont County,Idaho,5.8,8.2,8.9,8.4,7.4,7.3,7.7,7.6,8,7.7,7.2,8.1,8.3,8,7.6,9.5,9.8,8.2
16045,Gem County,Idaho,6.7,6.7,8,8.1,7.5,7.5,7.2,8.1,7.2,6.7,8.1,8.1,9.1,8,9,8.3,8.5,8.9
16047,Gooding County,Idaho,7.1,8.7,7,7.7,7.4,7.6,8.4,9.4,8.3,8.7,7.9,8.6,7.5,8.5,7.9,9.7,8.7,7.2
16049,Idaho County,Idaho,5.5,5.8,5.8,6.9,7.7,8.2,7.2,8.4,8.1,7.3,6.3,6.8,6.5,8.2,7.6,8.2,8.4,9.8
16051,Jefferson County,Idaho,6.8,7.2,7,7,7.6,7.1,7.7,7.5,8.3,7.2,7.7,7.6,9.1,7.9,7.9,6.8,6.5,8.3
16053,Jerome County,Idaho,6.4,6.9,7.6,8.6,7.3,8.8,8.4,8,8,7.3,6.3,7.9,6.9,7.5,7.3,7.7,7.3,8.6
16055,Kootenai County,Idaho,5.5,6,7,7.1,7.1,7.3,7.6,7.3,8.4,7.8,7.7,6.5,7,6.8,7.8,7.9,8.2,6.5
16057,Latah County,Idaho,4.8,5,5.8,6.1,6.5,6.8,7.3,7.4,6.8,7,6.4,5.8,6.1,6.5,7.1,6.3,7.8,8.4
16059,Lemhi County,Idaho,5.5,5.5,5.9,6,5.7,6.3,6.8,7.1,8,8,7.2,7.1,6.9,6.3,7.3,6,7.5,7.4
16061,Lewis County,Idaho,6.9,6.5,7.3,7.3,7.5,8,8.5,8.6,8.6,8.7,7.8,8.5,8,8.6,8.2,10.6,12,8.7
16063,Lincoln County,Idaho,6,6.9,6.8,6.9,7.9,8,8.2,7.9,8.4,7.1,7.3,7.4,7.5,7.8,8.8,9.2,8.3,9.5
16065,Madison County,Idaho,6,6.1,6.2,7.4,7.6,8.2,8.1,8.7,7.6,7.5,7.8,8.7,10.2,9.1,8.8,7.7,7.1,7.6
16067,Minidoka County,Idaho,6,6,6,7,8.8,10.4,9.4,10.3,10,10.4,9,9.4,10.5,9.7,9.1,10.4,9.9,9.4
16069,Nez Perce County,Idaho,6.2,6.5,6.7,8.5,8.9,8.8,9.4,9.2,9,8.6,9.2,8.8,7.8,7.8,8.4,10.4,10.1,10.6
16071,Oneida County,Idaho,5.7,5.9,6.2,7.2,6.8,6.9,7.1,8,9.1,7.7,8.4,6.9,8.1,6.8,8.3,7.4,8.2,8.5
16073,Owyhee County,Idaho,5.5,5.7,6,7.1,7.3,7.8,8.6,10.3,8.8,8.4,8.3,7.9,7.3,8.8,10.4,9.9,8.3,9.1
16075,Payette County,Idaho,6.2,5.3,6.2,6.5,7.3,7.8,8.2,7.6,7.3,7.4,7.2,8,7.9,8.2,8.4,8.9,9,9.6
16077,Power County,Idaho,6.7,7.7,7.2,7,7.1,7.6,7.9,8.6,8,7.5,7.4,8.2,8.9,8.9,7.9,8.7,7.8,7.3
16079,Shoshone County,Idaho,7.4,7,7.1,7.2,6.5,7.2,7.9,8.3,8.1,7.4,7.5,8.4,9.2,7.7,8.2,9.1,10.5,9.3
16081,Teton County,Idaho,6.6,6.1,6.8,7.2,7.5,7.7,7.9,7.4,7.1,6.6,6.4,7.6,6.7,6.3,7.5,6.6,6.9,7.1
16083,Twin Falls County,Idaho,7.1,7.9,7,8.4,8.3,8.5,8.3,8,7.4,8.3,7.8,8.4,8.1,7.9,9.7,10.9,9.4,8
16085,Valley County,Idaho,5.9,6,6.6,7.6,7,7.5,7.8,8,7.2,6.5,6.4,6.9,6.7,7.3,7.7,5.5,6.2,6.7
16087,Washington County,Idaho,6.5,5.5,6.5,7.5,8.4,8,8.2,8.4,9.8,8.6,8.5,8.4,7.7,7.7,8.8,8.6,8.5,8.3
17001,Adams County,Illinois,5.7,6,6.2,6.6,6.8,7,7.2,7.4,7.5,7.3,7.4,7.3,7.6,7.6,7.7,7.8,7.7,7.8
17003,Alexander County,Illinois,7.7,8,8.4,9.1,9.3,9.6,10,10.5,10.5,9.7,9.8,9.9,9.9,9.9,10.2,10.1,10,9.9
17005,Bond County,Illinois,5.7,6.1,6.3,6.6,6.8,7,7.2,7.5,7.5,7.2,7.3,7.3,7.4,7.5,7.6,7.6,7.5,7.6
17007,Boone County,Illinois,5.7,6,6.2,6.6,6.8,7,7.2,7.4,7.5,7.3,7.4,7.4,7.6,7.6,7.8,7.8,7.7,7.8
17009,Brown County,Illinois,6.7,7.1,7.4,8.1,8.2,8.4,8.7,9,9,8.5,8.7,8.7,9,8.9,9.1,9.2,9.1,9.1
17011,Bureau County,Illinois,5.6,5.9,6.2,6.5,6.8,7,7.1,7.3,7.4,7.2,7.4,7.3,7.5,7.5,7.7,7.7,7.7,7.7
17013,Calhoun County,Illinois,6.3,6.7,7.1,7.6,7.8,7.9,8.1,8.3,8.4,8.2,8.3,8.3,8.6,8.6,8.8,8.9,8.8,8.7
17015,Carroll County,Illinois,5.7,5.9,6.2,6.6,6.8,7,7.1,7.3,7.5,7.2,7.4,7.3,7.5,7.6,7.7,7.7,7.7,7.7
17017,Cass County,Illinois,6.3,6.7,7.1,7.6,7.8,7.9,8.2,8.5,8.5,8.2,8.4,8.4,8.7,8.7,8.8,8.9,8.9,8.8
17019,Champaign County,Illinois,5.8,6.3,6.5,6.9,7,7.3,7.6,7.9,7.8,7.5,7.6,7.6,7.7,7.8,7.9,7.9,7.8,7.9
17021,Christian County,Illinois,5.7,5.9,6.2,6.6,6.8,7,7.1,7.3,7.5,7.2,7.4,7.3,7.5,7.5,7.7,7.7,7.6,7.7
17023,Clark County,Illinois,5.6,5.9,6.1,6.5,6.7,6.9,7,7.3,7.4,7.2,7.3,7.3,7.5,7.5,7.6,7.7,7.6,7.7
17025,Clay County,Illinois,5.5,5.9,6.2,6.4,6.6,6.8,7,7.3,7.3,7,7.2,7.2,7.3,7.4,7.5,7.5,7.4,7.5
17027,Clinton County,Illinois,5.6,6,6.2,6.5,6.7,6.9,7.1,7.4,7.4,7.1,7.3,7.2,7.3,7.4,7.6,7.5,7.5,7.6
17029,Coles County,Illinois,5.6,6,6.2,6.5,6.6,6.8,7.1,7.4,7.3,7.1,7.2,7.2,7.3,7.4,7.6,7.5,7.5,7.6
17031,Cook County,Illinois,7,7.5,7.9,8.6,8.8,9,9.3,9.6,9.6,9.1,9.3,9.3,9.5,9.5,9.7,9.7,9.6,9.4
17033,Crawford County,Illinois,5.7,6,6.3,6.7,6.9,7.1,7.2,7.4,7.6,7.3,7.4,7.3,7.6,7.6,7.7,7.8,7.7,7.8
17035,Cumberland County,Illinois,5.6,5.9,6.1,6.5,6.7,6.9,7.1,7.3,7.4,7.2,7.3,7.3,7.5,7.5,7.7,7.7,7.7,7.7
17037,Dekalb County,Illinois,5.6,6,6.3,6.6,6.7,6.9,7.2,7.5,7.4,7.2,7.3,7.3,7.4,7.5,7.7,7.6,7.6,7.7
17039,De Witt County,Illinois,5.6,5.9,6.2,6.5,6.8,6.9,7.1,7.3,7.4,7.2,7.3,7.3,7.5,7.5,7.7,7.7,7.6,7.7
17041,Douglas County,Illinois,6.3,6.7,7.1,7.6,7.7,7.9,8.1,8.3,8.4,8.2,8.3,8.4,8.6,8.6,8.8,8.9,8.8,8.7
17043,Dupage County,Illinois,5.9,6.2,6.5,6.9,7.2,7.4,7.5,7.7,7.9,7.6,7.7,7.6,7.9,7.9,8,8.1,8,8.1
17045,Edgar County,Illinois,5.6,5.9,6.2,6.5,6.8,7,7,7.3,7.4,7.2,7.3,7.3,7.5,7.5,7.6,7.7,7.6,7.7
17047,Edwards County,Illinois,5.6,5.9,6.1,6.5,6.7,6.9,7,7.2,7.4,7.2,7.3,7.3,7.5,7.5,7.7,7.7,7.6,7.7
17049,Effingham County,Illinois,5.6,5.9,6.2,6.5,6.7,6.9,7,7.3,7.4,7.2,7.3,7.3,7.5,7.5,7.6,7.7,7.6,7.7
17051,Fayette County,Illinois,6.4,6.8,7.1,7.7,7.8,7.9,8.3,8.5,8.5,8.2,8.4,8.4,8.7,8.7,8.9,8.9,8.9,8.7
17053,Ford County,Illinois,5.6,5.9,6.1,6.5,6.7,6.9,7,7.3,7.4,7.2,7.3,7.2,7.5,7.5,7.6,7.7,7.6,7.7
17055,Franklin County,Illinois,5.6,5.9,6.1,6.5,6.7,6.9,7.1,7.3,7.4,7.2,7.3,7.3,7.5,7.5,7.7,7.7,7.6,7.7
17057,Fulton County,Illinois,5.7,6,6.2,6.6,6.8,7,7.2,7.4,7.5,7.3,7.4,7.3,7.6,7.6,7.7,7.8,7.7,7.8
17059,Gallatin County,Illinois,5.5,5.9,6.2,6.4,6.6,6.8,7,7.3,7.3,7.1,7.2,7.2,7.3,7.4,7.5,7.5,7.4,7.5
17061,Greene County,Illinois,5.6,5.9,6.1,6.5,6.7,6.9,7.1,7.3,7.4,7.2,7.3,7.3,7.5,7.5,7.7,7.7,7.6,7.7
17063,Grundy County,Illinois,5.7,5.9,6.2,6.6,6.8,7,7.1,7.3,7.5,7.2,7.4,7.3,7.5,7.5,7.7,7.7,7.7,7.7
17065,Hamilton County,Illinois,5.5,5.9,6.2,6.4,6.6,6.8,7,7.3,7.3,7,7.2,7.2,7.3,7.4,7.5,7.5,7.4,7.5
17067,Hancock County,Illinois,5.6,5.9,6.1,6.5,6.7,6.9,7.1,7.3,7.4,7.2,7.3,7.3,7.5,7.5,7.7,7.7,7.6,7.7
17069,Hardin County,Illinois,6.9,7.2,7.6,8.1,8.2,8.5,8.7,9.2,9.2,8.7,8.8,9,9.1,9,9.4,9.3,9.2,9.1
17071,Henderson County,Illinois,5.7,5.9,6.2,6.5,6.8,7,7.1,7.3,7.4,7.2,7.3,7.3,7.5,7.5,7.7,7.7,7.6,7.7
17073,Henry County,Illinois,5.7,5.9,6.2,6.6,6.8,7,7.1,7.3,7.5,7.2,7.4,7.3,7.5,7.5,7.7,7.7,7.7,7.7
17075,Iroquois County,Illinois,5.6,5.9,6.2,6.5,6.8,7,7.1,7.3,7.4,7.2,7.3,7.3,7.5,7.5,7.7,7.7,7.6,7.7
17077,Jackson County,Illinois,6.4,6.9,7.2,8.9,8.9,8.5,9.3,9.4,9.2,8.3,8.5,8.7,8.5,8.9,9,9.4,9.7,9.4
17079,Jasper County,Illinois,5.5,5.9,6.2,6.4,6.6,6.8,7,7.3,7.3,7,7.2,7.2,7.3,7.4,7.5,7.5,7.4,7.5
17081,Jefferson County,Illinois,6.5,6.9,7.2,7.9,8,8.1,8.4,8.6,8.7,8.4,8.5,8.5,8.8,8.8,9,9,9,8.8
17083,Jersey County,Illinois,5.6,5.9,6.2,6.5,6.8,6.9,7.1,7.3,7.4,7.2,7.4,7.3,7.5,7.5,7.7,7.7,7.6,7.7
17085,Jo Daviess County,Illinois,5.7,5.9,6.2,6.5,6.8,7,7.1,7.3,7.4,7.2,7.4,7.3,7.5,7.5,7.7,7.7,7.6,7.7
17087,Johnson County,Illinois,6.6,7,7.4,8,8.2,8.3,8.4,8.7,8.7,8.3,8.5,8.5,8.8,8.7,8.9,9,9,8.9
17089,Kane County,Illinois,6.5,6.9,7.3,7.9,8,8.1,8.4,8.7,8.7,8.4,8.6,8.6,8.9,8.9,9,9.1,9,8.9
17091,Kankakee County,Illinois,5.9,6.2,6.5,6.9,7.2,7.4,7.5,7.8,7.9,7.6,7.7,7.6,7.9,7.9,8,8.1,8,8
17093,Kendall County,Illinois,5.7,6,6.3,6.7,7,7.2,7.3,7.5,7.7,7.4,7.6,7.5,7.7,7.7,7.9,8,7.9,7.9
17095,Knox County,Illinois,5.8,6,6.3,6.7,7,7.1,7.3,7.5,7.6,7.4,7.5,7.4,7.6,7.7,7.8,7.9,7.8,7.8
17097,Lake County,Illinois,5.9,6.2,6.4,6.9,7.1,7.3,7.5,7.7,7.8,7.5,7.7,7.6,7.8,7.9,8,8.1,8,8
17099,Lasalle County,Illinois,5.7,5.9,6.2,6.6,6.8,7,7.1,7.3,7.5,7.3,7.4,7.3,7.6,7.6,7.7,7.8,7.7,7.7
17101,Lawrence County,Illinois,6.4,6.9,7.2,7.8,8,8.1,8.4,8.7,8.7,8.3,8.5,8.5,8.8,8.7,8.9,9,9,8.9
17103,Lee County,Illinois,5.7,6,6.3,6.7,6.9,7.1,7.3,7.5,7.6,7.3,7.5,7.4,7.6,7.6,7.8,7.8,7.8,7.8
17105,Livingston County,Illinois,5.7,6,6.2,6.6,6.9,7.1,7.2,7.4,7.6,7.3,7.4,7.4,7.6,7.6,7.7,7.8,7.7,7.8
17107,Logan County,Illinois,5.6,6,6.3,6.6,6.7,6.9,7.2,7.5,7.5,7.2,7.3,7.3,7.4,7.5,7.6,7.6,7.5,7.6
17109,Mcdonough County,Illinois,5.6,6,6.3,6.6,6.7,6.9,7.2,7.5,7.4,7.1,7.3,7.3,7.4,7.5,7.6,7.6,7.5,7.6
17111,Mchenry County,Illinois,5.7,6,6.2,6.6,6.9,7,7.2,7.4,7.5,7.3,7.4,7.4,7.6,7.6,7.7,7.8,7.7,7.8
17113,Mclean County,Illinois,5.7,6.1,6.3,6.6,6.8,7,7.3,7.6,7.5,7.2,7.4,7.4,7.5,7.6,7.7,7.7,7.6,7.7
17115,Macon County,Illinois,5.9,6.2,6.5,6.9,7.2,7.4,7.5,7.8,7.9,7.6,7.7,7.6,7.9,7.9,8,8.1,8,8
17117,Macoupin County,Illinois,5.6,5.9,6.2,6.5,6.8,6.9,7.1,7.3,7.4,7.2,7.3,7.3,7.5,7.5,7.7,7.7,7.6,7.7
17119,Madison County,Illinois,5.8,6.1,6.3,6.7,7,7.2,7.3,7.5,7.6,7.4,7.5,7.4,7.7,7.7,7.8,7.9,7.8,7.9
17121,Marion County,Illinois,6.4,6.8,7.1,7.7,7.8,8,8.2,8.5,8.5,8.2,8.4,8.4,8.7,8.7,8.9,8.9,8.9,8.7
17123,Marshall County,Illinois,5.6,5.9,6.2,6.5,6.8,6.9,7.1,7.3,7.4,7.2,7.3,7.3,7.5,7.5,7.7,7.7,7.6,7.7
17125,Mason County,Illinois,6.3,6.7,7.1,7.6,7.7,7.8,8.1,8.4,8.4,8.2,8.3,8.4,8.6,8.6,8.8,8.9,8.8,8.7
17127,Massac County,Illinois,5.7,6,6.3,6.7,6.9,7.1,7.3,7.5,7.6,7.4,7.5,7.4,7.7,7.7,7.8,7.9,7.8,7.8
17129,Menard County,Illinois,5.6,5.9,6.2,6.5,6.8,6.9,7.1,7.3,7.4,7.2,7.3,7.3,7.5,7.5,7.7,7.7,7.6,7.7
17131,Mercer County,Illinois,5.6,5.9,6.2,6.5,6.8,6.9,7.1,7.3,7.4,7.2,7.3,7.3,7.5,7.5,7.7,7.7,7.6,7.7
17133,Monroe County,Illinois,5.6,5.9,6.2,6.5,6.8,6.9,7.1,7.3,7.4,7.2,7.3,7.3,7.5,7.5,7.7,7.7,7.6,7.7
17135,Montgomery County,Illinois,6.4,6.8,7.1,7.7,7.8,8,8.2,8.5,8.5,8.2,8.4,8.4,8.7,8.6,8.8,8.9,8.8,8.7
17137,Morgan County,Illinois,5.7,6,6.3,6.7,6.9,7.1,7.2,7.4,7.6,7.3,7.4,7.4,7.6,7.6,7.8,7.8,7.7,7.8
17139,Moultrie County,Illinois,6.3,6.7,7,7.6,7.7,7.8,8.1,8.3,8.4,8.1,8.3,8.3,8.6,8.6,8.7,8.8,8.8,8.6
17141,Ogle County,Illinois,5.7,5.9,6.2,6.6,6.8,7,7.1,7.3,7.4,7.2,7.4,7.3,7.5,7.5,7.7,7.7,7.7,7.7
17143,Peoria County,Illinois,5.9,6.2,6.5,6.9,7.2,7.4,7.6,7.8,8,7.6,7.8,7.7,7.9,7.9,8.1,8.1,8.1,8.1
17145,Perry County,Illinois,6.5,6.9,7.2,7.8,8,8.1,8.4,8.7,8.7,8.3,8.5,8.5,8.8,8.8,8.9,9,9,8.9
17147,Piatt County,Illinois,5.5,5.9,6.2,6.4,6.6,6.8,7,7.3,7.3,7,7.2,7.2,7.3,7.4,7.5,7.5,7.4,7.5
17149,Pike County,Illinois,5.5,5.9,6.2,6.5,6.6,6.8,7.1,7.4,7.3,7.1,7.2,7.2,7.3,7.4,7.5,7.5,7.4,7.5
17151,Pope County,Illinois,6.2,6.6,6.9,8.6,8.5,8.1,8.9,9,8.8,8.1,8.2,8.4,8.2,8.6,8.7,9.1,9.4,9.1
17153,Pulaski County,Illinois,7,7.5,7.9,8.6,8.8,9,9.3,9.6,9.6,9.1,9.3,9.3,9.5,9.5,9.7,9.7,9.6,9.4
17155,Putnam County,Illinois,5.7,5.9,6.2,6.5,6.8,7,7.1,7.3,7.4,7.2,7.3,7.3,7.5,7.5,7.7,7.7,7.7,7.7
17157,Randolph County,Illinois,6.5,6.9,7.3,7.9,8,8.1,8.4,8.7,8.7,8.4,8.5,8.5,8.8,8.8,9,9.1,9,8.9
17159,Richland County,Illinois,6.3,6.7,7,7.6,7.7,7.8,8.1,8.4,8.4,8.2,8.3,8.4,8.6,8.6,8.8,8.9,8.8,8.6
17161,Rock Island County,Illinois,5.8,6.1,6.3,6.8,7,7.2,7.4,7.6,7.7,7.4,7.6,7.5,7.7,7.8,7.9,8,7.9,7.9
17163,St. Clair County,Illinois,6.2,6.5,6.8,7.3,7.6,7.8,8,8.3,8.4,8,8.1,8,8.2,8.2,8.4,8.4,8.3,8.4
17165,Saline County,Illinois,6.4,6.8,7.1,7.7,7.8,7.9,8.2,8.5,8.5,8.2,8.4,8.4,8.7,8.7,8.9,8.9,8.9,8.7
17167,Sangamon County,Illinois,5.8,6.1,6.4,6.8,7,7.2,7.4,7.6,7.7,7.5,7.6,7.5,7.8,7.8,7.9,8,7.9,7.9
17169,Schuyler County,Illinois,6.9,7.1,7.5,8.1,8.1,8.4,8.8,9.3,9.3,8.8,8.9,9,9.1,9,9.4,9.3,9.3,9.2
17171,Scott County,Illinois,5.6,5.9,6.1,6.5,6.7,6.9,7,7.3,7.4,7.2,7.3,7.3,7.5,7.5,7.6,7.7,7.6,7.7
17173,Shelby County,Illinois,5.6,5.9,6.2,6.5,6.8,6.9,7.1,7.3,7.4,7.2,7.3,7.3,7.5,7.5,7.7,7.7,7.6,7.7
17175,Stark County,Illinois,5.6,5.9,6.1,6.5,6.7,6.9,7.1,7.3,7.4,7.2,7.4,7.3,7.5,7.5,7.7,7.7,7.7,7.7
17177,Stephenson County,Illinois,5.8,6.1,6.3,6.7,7,7.2,7.3,7.5,7.7,7.4,7.5,7.5,7.7,7.7,7.9,7.9,7.8,7.9
17179,Tazewell County,Illinois,5.7,5.9,6.2,6.6,6.8,7,7.1,7.3,7.4,7.2,7.4,7.3,7.5,7.5,7.7,7.7,7.6,7.7
17181,Union County,Illinois,5.5,5.9,6.2,6.5,6.6,6.8,7.1,7.4,7.3,7.1,7.2,7.2,7.3,7.4,7.6,7.5,7.5,7.5
17183,Vermilion County,Illinois,5.8,6.1,6.4,6.8,7.1,7.3,7.4,7.7,7.8,7.5,7.6,7.5,7.8,7.8,7.9,8,7.9,7.9
17185,Wabash County,Illinois,5.6,5.9,6.2,6.5,6.8,6.9,7.1,7.3,7.4,7.2,7.4,7.3,7.5,7.5,7.7,7.7,7.7,7.7
17187,Warren County,Illinois,5.7,5.9,6.2,6.6,6.8,7,7.1,7.3,7.5,7.3,7.4,7.3,7.6,7.6,7.7,7.8,7.7,7.8
17189,Washington County,Illinois,5.7,5.9,6.2,6.5,6.8,7,7.1,7.3,7.4,7.2,7.3,7.3,7.5,7.5,7.7,7.7,7.7,7.7
17191,Wayne County,Illinois,5.5,5.9,6.2,6.4,6.6,6.8,7,7.3,7.3,7,7.2,7.2,7.3,7.4,7.5,7.5,7.4,7.5
17193,White County,Illinois,5.6,5.9,6.1,6.5,6.7,6.9,7.1,7.3,7.4,7.2,7.3,7.3,7.5,7.5,7.7,7.7,7.6,7.7
17195,Whiteside County,Illinois,5.7,5.9,6.2,6.6,6.8,7,7.1,7.3,7.5,7.2,7.4,7.3,7.5,7.5,7.7,7.7,7.7,7.7
17197,Will County,Illinois,5.9,6.2,6.5,6.9,7.2,7.4,7.5,7.8,7.9,7.6,7.7,7.7,7.9,7.9,8.1,8.1,8,8.1
17199,Williamson County,Illinois,5.7,6,6.2,6.6,6.8,7,7.2,7.4,7.5,7.3,7.4,7.4,7.6,7.6,7.7,7.8,7.7,7.8
17201,Winnebago County,Illinois,5.9,6.2,6.4,6.8,7.1,7.3,7.5,7.7,7.8,7.5,7.7,7.6,7.8,7.8,8,8,8,8
17203,Woodford County,Illinois,5.6,5.9,6.2,6.5,6.8,6.9,7.1,7.3,7.4,7.2,7.3,7.3,7.5,7.5,7.7,7.7,7.6,7.7
18001,Adams County,Indiana,6,6.1,7.6,8.4,7.4,7.5,7.1,7.1,8.8,9.2,11.5,10.3,8.1,8,7.3,8.1,8.3,8.4
18003,Allen County,Indiana,6.1,6.2,6.6,7.3,8.3,9.4,9.6,9.3,9.1,8.6,9.5,9.5,9.5,9.1,10,10,9,10.3
18005,Bartholomew County,Indiana,5.5,6.1,6,6.3,8.6,7.7,8,8,7.6,8.1,8.6,9.2,9.2,8.6,9.5,10.4,9.7,9.9
18007,Benton County,Indiana,5.4,5.9,6.6,7.2,6.5,6.8,7,7.9,7.9,6.8,7.6,7,8.3,8.4,7.8,6.4,6.5,6.6
18009,Blackford County,Indiana,5.3,6.6,6.6,7.2,7.7,8.5,8,8,8,7.7,8.7,8.6,7.8,9.5,7.9,7.8,7.2,8.4
18011,Boone County,Indiana,6.7,7.5,6.1,7.2,8,7.2,6.3,6.2,7.1,6.5,8.5,8.1,9.6,8.5,8.6,8.9,8,7.7
18013,Brown County,Indiana,5.6,6,6.6,6.6,6.4,7.4,8,7.5,7.1,6.6,7,6.1,6.6,6.8,6.7,7.8,7.8,7
18015,Carroll County,Indiana,6.6,6.2,6.2,6.8,6.7,8.2,7.2,6.9,7.7,7,8.6,8.9,8.1,8.1,7.6,10.2,7.8,8
18017,Cass County,Indiana,5.9,6.5,7.3,7.4,7.9,7.9,8.4,7.6,7.1,7.2,6.9,6.8,10.8,11.8,10.9,8.7,8.9,9.7
18019,Clark County,Indiana,7,6.8,7.5,8.5,7.9,7.5,7,8.3,10.9,8.9,9.9,10.8,9.1,8.8,8.9,9.3,9.1,9.3
18021,Clay County,Indiana,5.9,6.1,6.9,6.4,6.4,6.1,8.3,7.6,7.6,7.9,7.9,7.6,9.4,9.8,11.2,10.5,9.3,9
18023,Clinton County,Indiana,7.5,7.7,6.8,8.8,9,11.2,10.5,10.5,10.3,8.6,9,8.4,9.5,11.5,11.8,10.9,9.4,8.9
18025,Crawford County,Indiana,6.5,6.5,7.1,8.3,8.4,8.1,8,9.4,10.4,8.6,7.8,7.5,8.1,9.2,10.2,9,9,10.1
18027,Daviess County,Indiana,5.9,6.3,6.3,6.9,7.4,8.8,8.7,8.7,9.3,8.5,9.6,9.5,8.2,7.5,7.6,8.3,8.9,8.6
18029,Dearborn County,Indiana,6.1,5.7,5.6,6.8,6.8,6.8,8.4,6.6,7.7,8.3,10,7.8,7.7,7.5,8.1,7.1,7.3,9.7
18031,Decatur County,Indiana,6.7,6.2,7.1,7,8,6.8,7.8,7.4,9.1,8.3,10.1,8.8,8.4,8.4,8.3,10,10.2,9.1
18033,Dekalb County,Indiana,5.7,6.3,6.6,7.7,7.2,6.6,7.5,7.5,7,7.7,7,6.9,6.3,7.2,7.7,8.9,8.2,8.5
18035,Delaware County,Indiana,6.8,7.6,8.5,8.8,8.5,9,8.3,9,10.3,10.5,9.8,8.7,9.1,9.9,10.3,11.1,11.2,9.4
18037,Dubois County,Indiana,5.4,5.7,5.4,5.6,5.7,6.9,7,7,7.5,7.2,6.6,7.2,7.9,7.4,6.9,6.6,7.7,8.6
18039,Elkhart County,Indiana,5.5,5.7,6.5,7.6,8.8,9.5,8.1,8,8.7,8.1,9,9,10.7,10.2,9.9,8.4,8.3,9.1
18041,Fayette County,Indiana,7.5,7.4,7.3,7.3,8.4,7.8,8.3,9.7,9.8,8.2,8.6,7.6,9.3,8.5,10.8,9.7,9.7,8.7
18043,Floyd County,Indiana,7.2,6.5,6.6,7.4,7.4,7.5,6.9,7.5,7.3,6.4,8.3,8.8,10.7,10.4,9.2,8.5,7.4,6.7
18045,Fountain County,Indiana,5.9,6.1,6.9,6.3,6.2,7.5,8.2,8.7,9.1,8.8,8.7,8.8,7.6,7.9,8,8.5,7.8,9.5
18047,Franklin County,Indiana,6.4,6.1,6.3,6.8,7.1,7.8,9.1,8.7,8.3,7.1,7.3,7.1,8.5,8.4,8.5,7.2,7.3,7.8
18049,Fulton County,Indiana,5.6,6.4,6.8,7.8,7.6,7.4,7.4,7.6,8.1,7.6,7.3,7.4,7.9,6.7,7.7,6.9,8.2,8.7
18051,Gibson County,Indiana,6.7,6.2,7.5,6.8,7.3,6.7,7.3,7.6,8.5,9.1,9.6,8.9,7.7,7.7,7.1,7.6,7.9,7.7
18053,Grant County,Indiana,6.7,6.4,6.5,6.3,7,8.7,9.4,10.9,10.9,10.1,11.8,10.4,11.5,11.2,12.1,11.4,9.9,8.1
18055,Greene County,Indiana,7.9,7.6,8.4,7.9,7.6,7.6,9.2,9.1,9.6,10,8.3,8.2,8,8.5,11,9.3,8.6,9.1
18057,Hamilton County,Indiana,5.8,5.9,5.4,5.8,7,7.1,7.1,6.8,7.2,8.1,7.7,7.6,7.4,7.7,8.1,7.5,8.2,8.6
18059,Hancock County,Indiana,6.6,6.2,8.6,7.8,7.8,7.1,7.2,7.4,7.7,8,9.7,11,10.5,9.3,9.3,9.7,9.2,8.5
18061,Harrison County,Indiana,6.8,6,5.7,7.3,7.2,8.3,7.8,7.6,7.5,8.2,9.2,7.8,8.5,8.1,8.6,8.7,9,8.2
18063,Hendricks County,Indiana,4.9,6.2,5.6,7.2,6.8,6.8,8.1,7.4,7.2,8.1,9.3,7.4,7.9,9,9.3,8.9,9.2,9.6
18065,Henry County,Indiana,5.8,6,6.8,7.1,7.1,7.6,7.2,7.1,7.7,8.4,9.8,9.9,8.9,9.3,8,7.8,7.5,7.5
18067,Howard County,Indiana,6.2,6.5,7.8,8.6,7.7,9.9,8.2,9.9,9.7,9.7,9.3,9.1,11.3,10.5,9.3,9.5,9.4,11.5
18069,Huntington County,Indiana,6.9,6.3,6.8,7.6,7.1,8.9,8.2,9.1,10.1,7.8,8.6,8.4,8,10,11,10.2,9.9,10.2
18071,Jackson County,Indiana,6.6,7,6.7,7.1,8.1,8.3,7.8,8.8,10.1,10,8.8,8.7,8.6,8.7,10,11.1,11.2,9.8
18073,Jasper County,Indiana,6.2,6.1,5.9,5.9,6.5,6.8,8.7,8.3,7.3,6.6,9.2,9.4,9.8,7.2,7.8,7.2,7.6,9.3
18075,Jay County,Indiana,7.1,7,7.6,7.6,7.5,8.3,9.2,9.9,9.4,11.7,10.7,10.5,12.7,11.4,10.3,10.5,8.7,8.3
18077,Jefferson County,Indiana,5.5,6.5,6,6.5,6.4,6.5,7.2,8.2,8,9.9,9.2,8,7.7,8.3,8.4,7.9,8,7.2
18079,Jennings County,Indiana,7.3,6.9,6.8,7.1,7.3,7.2,8.3,8.7,8.5,9.2,9.5,8.5,9.7,10.2,9.8,11.8,10.8,10.2
18081,Johnson County,Indiana,5.3,6,6.3,6.3,7.4,7.5,9,8.6,7.9,9.2,9.1,9.1,7.8,8.6,8.6,10.4,10.3,10.2
18083,Knox County,Indiana,5.6,7.3,7.3,7,6.2,6.6,7.1,7,6.8,7.3,8,8.3,8.9,9.5,10.4,9.9,9,8.3
18085,Kosciusko County,Indiana,7.3,7.7,6.7,7.6,8.2,9.4,8.3,9.4,7.6,8.6,8.4,8.9,9.8,11,10,9.2,10,8.8
18087,Lagrange County,Indiana,5.6,6.7,6.8,9.1,7.8,8.8,8.1,10.2,8.8,9.4,8.4,8.3,7.4,8.2,8.4,8.9,9,9.5
18089,Lake County,Indiana,8.5,7.8,8.8,9.5,9.8,10.2,10.8,11,11.1,10.9,10.1,9.7,10.5,11.5,11.7,11.5,11.4,11
18091,Laporte County,Indiana,5.7,6.3,7.3,9,9.1,9.3,8.4,8.2,8.6,8.6,8.9,9.1,9.6,10,12,11.8,11.2,11.9
18093,Lawrence County,Indiana,6.7,6.7,6.7,7.3,8.1,8.2,10.8,10.2,10.9,10.1,9.8,9.1,9.4,10,9,8.9,8.2,8.3
18095,Madison County,Indiana,6.2,8.6,7.7,8.1,8.9,9.3,10.1,10.1,9.1,10.1,10.2,8.5,11.1,13.1,13.7,12.5,12.6,11.2
18097,Marion County,Indiana,8.2,8.2,8.4,8.6,9.2,10.2,10.7,10.5,10.9,10.4,10.3,10.1,11.3,11.6,11.4,11.7,11.4,11
18099,Marshall County,Indiana,6.2,6.6,6.6,8.1,7.6,7.1,8.1,8.7,8,8,8.9,9.1,9.1,9.4,9.1,8.7,7.8,7.6
18101,Martin County,Indiana,6,6.5,6.3,7.2,7.5,7.9,8,7.7,8.9,11,9.8,8.8,8.4,7.2,7.5,7.4,8.5,8.3
18103,Miami County,Indiana,6.2,6.9,8.4,8.6,7.9,9,9.8,8.9,8.8,8.6,8.5,8.6,8.5,8.7,9.5,10.1,10.3,9.7
18105,Monroe County,Indiana,7.1,7.6,6.4,6,5.6,8.5,8.8,8.4,8.5,7.7,7.4,6.5,6.8,7.1,7.8,8.3,8.1,8.2
18107,Montgomery County,Indiana,6.3,6.4,8.1,8.4,8.6,7,8.2,8.2,8.6,9.1,8,8.2,9,9.8,8.9,8.8,8.7,8.5
18109,Morgan County,Indiana,7,6.9,6.2,7,7.4,7.9,7.4,8,7.9,10.4,9.8,8.5,8.9,8.3,10.3,11.4,14.5,13.6
18111,Newton County,Indiana,5.8,5.9,6.3,6.6,7,7.1,7.6,7.7,7.3,6.5,7.4,8.3,7.8,8.9,9.2,7.9,8,9.3
18113,Noble County,Indiana,6.7,7.8,7.2,7,7.7,7.9,8.2,8.5,8.7,8.6,8.8,8.3,8.8,9.9,9.1,9.8,9.1,9.5
18115,Ohio County,Indiana,5.8,6,6.1,6.1,6.5,6.9,7.1,7.5,7.8,6.7,6.8,6.7,6.7,6.7,6.9,6.6,6.5,6.6
18117,Orange County,Indiana,7.3,7.6,7.4,7.9,8.1,9.9,8.9,9.2,8.7,7.7,7.9,7.9,8.4,8.5,8.5,10.7,11,8.5
18119,Owen County,Indiana,6.3,6.3,7,7.2,8.2,7.5,8.8,8.1,9,8.7,10.1,9.5,9.5,8.5,9.8,9.3,11,12.2
18121,Parke County,Indiana,6.7,8.2,8.1,8.5,7.3,8.9,9.4,9.4,9.3,8.3,9.4,8.3,8.1,8.1,8.2,9,9.3,9.6
18123,Perry County,Indiana,5.9,6.6,6.6,7.4,7.2,7.1,7.5,7.2,8.4,8.5,8.7,7.6,7.2,7.5,7.6,7.8,7.2,6.9
18125,Pike County,Indiana,6.3,7,6.9,6.8,6.5,6.7,7.2,7.9,8.2,7,6.6,6.6,7.8,7.8,8.5,8.3,7.9,8.1
18127,Porter County,Indiana,4.8,4.4,6.2,6.4,7.4,9,7.3,8,7.1,7.5,7.8,8.3,8.9,8.6,9.7,10.2,8.9,9
18129,Posey County,Indiana,7.3,6.6,7.2,6.9,6.7,7.7,7.1,7.4,8.2,9.1,8,7.6,7.3,8,8.1,8.7,8,8
18131,Pulaski County,Indiana,6,6.4,6.1,7.6,6.8,7.2,8.4,9,9.8,8,7.6,7.1,7.4,7.1,7.6,8.1,7.2,7.6
18133,Putnam County,Indiana,5,5.6,5.9,6.2,6.6,7.4,8.2,9.4,8.4,7,7,7.8,8.2,8.5,10.7,12.5,11.1,11.2
18135,Randolph County,Indiana,6.4,6.8,6.7,7.6,8.4,9.4,9.3,10.1,10.6,10,10.3,8.5,7.6,10,9.5,8.8,8.9,8.8
18137,Ripley County,Indiana,5.6,7.4,6.3,7,6.5,7.7,6.5,6.9,8,10.6,8.9,8.2,8.2,9.4,8.7,8.2,8.2,7.9
18139,Rush County,Indiana,6.5,7,6.5,6.7,8,8,9.3,8.7,8.8,10.6,9.7,10.2,9.3,8.2,7.3,9.3,9.3,9.6
18141,St. Joseph County,Indiana,6.5,6.7,7.4,8.5,8.1,8.2,8.7,8.2,8.1,9.1,8.2,7.9,9.3,8.6,9.4,8.8,8.6,10.1
18143,Scott County,Indiana,7,7.1,7.8,7.9,8.1,9,10.1,8.9,9.3,8.5,9.5,9.7,8.9,9.4,8.7,10.9,9.7,8.6
18145,Shelby County,Indiana,5.7,5.7,6.3,6.6,6.8,8.4,8.3,8.5,8.1,7.6,8.5,8.5,10.5,10,10.7,10.2,10,10.1
18147,Spencer County,Indiana,5.3,6,5.9,6.9,7,7.3,8.5,7.4,7.3,6.9,7.2,6.5,6.9,7.2,7.5,7.3,7.3,7.5
18149,Starke County,Indiana,7.8,7.1,7.1,7.1,7.8,9.9,8.4,8.7,7.8,9.4,9.9,9.8,9.3,8.1,10.4,8.4,8.9,8.2
18151,Steuben County,Indiana,5.6,5.6,6.6,7.3,7.1,9.5,9.1,9.1,8,6.9,6.8,7.6,6.8,6.5,7.6,8.4,7.6,8.6
18153,Sullivan County,Indiana,5.6,6.7,6.2,6.4,6.4,6.8,6.9,8.7,9.3,8.1,8.3,9.1,9.6,8.1,8.8,8.1,8,9.3
18155,Switzerland County,Indiana,6.4,6.4,6.9,8.3,8.2,7.9,8,8,9.6,8.5,9.2,8.3,9.8,9,10.1,9,8.4,8.2
18157,Tippecanoe County,Indiana,6.7,6.3,6.5,7.1,6.7,7.9,8.7,9.2,8.1,6.9,6.6,6.5,6.7,9.2,9.4,9.7,8.4,8.4
18159,Tipton County,Indiana,6.1,6.5,7.3,7.6,7,7.1,7.6,8,7.1,6.2,6.9,7.2,7.7,9.1,9.4,8.6,8.3,8.4
18161,Union County,Indiana,6.4,6.8,6.7,6.7,7.5,7.8,8,9,9,8.3,8.6,7.9,8.3,8.3,7.6,8.2,8.1,7.6
18163,Vanderburgh County,Indiana,7.2,8.8,8.3,6.8,6.9,8.7,8.5,9.4,11.6,10,9,9.4,8.9,9,9.3,9.7,10.1,11
18165,Vermillion County,Indiana,6.1,6.2,5.9,6.4,7.2,7.9,9.3,8.6,8.7,7.4,9.5,7.6,7.8,9.1,8.3,6.8,7.3,8
18167,Vigo County,Indiana,8.3,8.7,8,7,7.4,7.9,7.2,7.1,8.3,8,9.7,9.5,9.2,9.8,9,9.2,10,11.7
18169,Wabash County,Indiana,5.8,6.9,6.5,7,6.2,7.5,8.6,9.8,9.2,9.4,9.9,8.7,8.4,8.6,8.2,8.4,9.2,9
18171,Warren County,Indiana,6.2,6.2,6.7,7.2,8.4,7.7,7.6,8.3,7.3,6.8,8.5,7.4,7.5,8,8.2,8.6,8.1,9.1
18173,Warrick County,Indiana,6.7,6.3,6.2,6.1,6.9,7.3,8.2,7.7,7.6,8.7,7.4,7.2,9.3,10.6,10.1,8.9,9.1,9.3
18175,Washington County,Indiana,6.1,6.8,7.8,9,8.6,7.9,7.5,8.2,7.7,8.6,7.7,8.3,9.1,10,8.3,7.6,8.7,10.5
18177,Wayne County,Indiana,8,8.8,8.7,7.9,7.5,7.2,6.3,8,8.2,9.5,8.2,8.7,10.5,12.1,12.4,10.7,8.7,9.8
18179,Wells County,Indiana,6.7,6.2,6.4,6.5,6.3,7.1,6.8,7.5,8.1,7.9,7.7,7.2,7.5,8.4,9.1,7.8,7.3,8.7
18181,White County,Indiana,5.9,6.5,6.2,7,6.8,7.9,6.9,7.3,8.7,9.5,10.2,9.4,9.8,8.7,10.2,8.2,9.5,8.9
18183,Whitley County,Indiana,5.8,5.8,6.7,6.8,6.7,5.9,6,7,7.1,7.3,7.4,7.4,7.6,9.3,8.8,9.3,7.6,7.8
19001,Adair County,Iowa,5.1,5.7,6.1,6.3,7.2,7,7.2,8.4,7.7,8.1,7.5,6.3,6.6,8.1,8.2,8.7,7.5,7.1
19003,Adams County,Iowa,6.3,6.3,6.5,6.1,6.4,6.6,7,7,6.6,6,6.3,6.6,6.3,6.4,6.3,7.7,6.8,6.7
19005,Allamakee County,Iowa,5.3,5.1,6.5,6,7.2,8.2,7.2,6.4,6.7,6.1,5.9,7.1,6.7,7.9,7.5,7.4,7.3,7.8
19007,Appanoose County,Iowa,6.1,5.8,7.5,6.8,7.5,6.7,7,7.2,7.2,8.5,7.5,9.2,8.1,8.3,8.4,8.7,7.3,8.2
19009,Audubon County,Iowa,5.7,6.7,6.4,6.5,6.7,7,7,6.9,6.9,6.3,7.2,7.1,7.9,7,6.8,7.7,8.5,9
19011,Benton County,Iowa,6.1,6.1,5.7,6.1,5.8,6.3,7.5,7.2,7.2,7.2,7.3,7.2,8.1,7.9,8.6,7.8,8,9.1
19013,Black Hawk County,Iowa,6.9,7.2,7.7,7.2,7.6,7.9,9,8.5,9,8.5,8.3,9.2,9.9,9.2,8.2,8.8,8.8,9
19015,Boone County,Iowa,5.6,5.7,6.7,7.7,6.6,6.8,6.7,7.3,7.7,7.6,7.1,7.1,6.8,7.3,6.6,8.6,9.1,7.5
19017,Bremer County,Iowa,5.3,6.3,5.6,6.3,6,6.9,7.2,7.3,7.8,6.5,7.3,6.9,7.4,7.1,7.4,7.4,6.9,6.6
19019,Buchanan County,Iowa,5.7,5.8,6.1,6.2,7.1,7.6,7.7,8.2,8.3,6.8,7.4,6.4,7.1,7.1,8.5,8.4,8.6,8.7
19021,Buena Vista County,Iowa,7.6,8.9,8,8.4,7.7,7.8,7.6,7.8,9.5,8.2,8.5,7.2,8.5,8.1,8.5,7.8,7.3,7.2
19023,Butler County,Iowa,5.2,5.6,5.7,6.4,6.7,6.2,5.6,6.7,7.4,6.5,6.3,6.4,7,7.5,8.2,7.8,6.9,9.3
19025,Calhoun County,Iowa,5.1,5.6,5.6,6.3,7.5,7.5,7.3,8.3,8.3,7.3,7.4,7.9,7.7,7,7.1,7.3,7.7,8
19027,Carroll County,Iowa,5.5,4.9,6,6.2,7.1,6.4,5.7,6.8,7.3,7.6,6,6.5,6.3,7.6,6.4,7.6,6.6,7.3
19029,Cass County,Iowa,6.5,6.5,6.6,7,7.1,6.9,5.9,6.6,6.2,6.6,8.5,6.9,6.8,7,8,9.3,7.7,7.9
19031,Cedar County,Iowa,6.5,5.7,6.1,6,5.9,6.7,7.3,8.7,7.5,7.1,8.1,6.9,7,6,7.3,7.2,6.5,7.4
19033,Cerro Gordo County,Iowa,5.5,6.8,7,7.9,8.5,7.3,7.5,8.5,8,8.2,7.6,7.7,7.2,8.5,7.3,8.7,9.2,8.4
19035,Cherokee County,Iowa,5.2,5.5,5.9,6.6,6.6,7,7.1,7.2,7.3,7.8,7.5,7.3,6.8,7.5,6.5,8,8.1,7.8
19037,Chickasaw County,Iowa,5.8,5.5,6,5.9,6.3,6.6,6.9,6.9,7.1,7.2,7.1,6.5,6.6,7.4,7.9,7.6,6.9,6.1
19039,Clarke County,Iowa,5.6,6.7,7.1,7.4,6.7,6.7,6.8,7.2,7.5,6.8,7.6,7.4,7.3,7.5,6.8,6.7,7.1,7.3
19041,Clay County,Iowa,5.1,6,6.5,5.9,6,6,6.2,7.1,6.6,6.8,6.9,7.6,9,6.8,7,6.5,7.8,7.2
19043,Clayton County,Iowa,5.8,6.5,6.2,6.5,6.5,6.5,6.1,6.2,5.9,5.9,6.1,6.2,6,6.6,7.3,7.8,8,8.2
19045,Clinton County,Iowa,7.4,6.6,8.3,8.3,8,7,6.7,7.5,9,9,9,7.9,7.7,8.7,8.9,10.1,8.3,9.5
19047,Crawford County,Iowa,6.2,6.8,7.1,6.9,7.3,7.6,7.3,7.1,7.8,9.4,10.2,10.3,9.6,8.7,7.5,7.3,7.8,9.2
19049,Dallas County,Iowa,5.8,5.4,5.9,5.8,7.5,6.9,8.1,7.3,7.6,7.2,7.8,7.7,7.1,7.3,6.4,5.9,6.3,7
19051,Davis County,Iowa,6.3,6.9,6.7,6.8,6.9,7.5,7.8,9.4,8.8,8.3,8.4,7.6,9.1,9,9.8,9.8,9.1,8.4
19053,Decatur County,Iowa,6.3,6.6,6.2,6.1,6,6.4,6.9,7.3,7.6,7.5,6.7,7.8,9,9.6,8.2,6.5,6.4,6.5
19055,Delaware County,Iowa,5.5,5.7,6.4,6.4,6.4,6.1,6.4,6.5,7.6,7.8,7.4,7.6,7.1,7.2,8,8.8,8.2,7.8
19057,Des Moines County,Iowa,6.1,6.5,7.3,7.5,7,7.1,9.5,9.8,9.3,8.6,8.6,8.2,9.5,8.8,10.1,9.8,8.3,8.6
19059,Dickinson County,Iowa,6.2,5.8,6.2,6.3,6.8,6.9,6.7,6.3,6.4,6.8,6.1,6.5,6.5,7.2,8,8.9,7.4,6.5
19061,Dubuque County,Iowa,6,5.5,6.5,6.3,5.7,6.5,7.1,7.8,7.8,8,7.5,6.8,6.6,6.8,7,7.8,7.6,7.7
19063,Emmet County,Iowa,5.8,6.2,7.2,6.8,7.1,6.9,7.2,7.3,6.9,7.5,6.8,6.4,6.5,7.4,7.4,6.8,7.4,8.2
19065,Fayette County,Iowa,6.5,6.1,6.4,6.5,6.3,6.2,6.6,7.6,8.1,6.5,7.7,7.4,7.6,8.1,8.8,8,7.3,8.4
19067,Floyd County,Iowa,6.3,6.2,6.9,6.5,6.8,7.7,6.8,8.5,8.7,8.4,8.5,7.7,8.8,7.3,7.5,8.1,7.7,8.1
19069,Franklin County,Iowa,6.1,5.6,5.6,6.2,7.2,7.1,7.3,7.5,6.8,7.1,7.2,7.6,7.3,7.3,8.8,8.9,8.7,8.1
19071,Fremont County,Iowa,5.9,6.1,6.4,6.6,6.5,6.8,6.8,7.3,7.2,6.8,6,5.9,6.7,7.5,6.3,6.9,7.8,8.5
19073,Greene County,Iowa,5.4,5.7,5.4,5.8,6.2,6.9,7,7.1,7.2,6.9,7.1,7.8,8.7,8.3,8.3,7.9,7.4,8.5
19075,Grundy County,Iowa,5.9,6.1,7.2,7,6.8,6.8,7,7.5,7.8,7,8.1,7.3,7.4,6.6,6.8,8.3,6.8,6.5
19077,Guthrie County,Iowa,5.1,5.6,6.1,6.2,6,6.4,6.8,6.8,6.9,5.7,5.7,5.3,5.7,7.1,6.9,7.6,6.8,6
19079,Hamilton County,Iowa,5.8,7.4,7,6.3,6.3,5.9,6.9,8.3,7.9,8.1,7.1,7.8,8,7.4,6.6,7,7.2,6.4
19081,Hancock County,Iowa,5.9,6.2,6.4,6.6,7.1,7,7.2,7.4,7.6,6.4,6.9,6.4,6.9,6.2,5.8,8,7.4,6.3
19083,Hardin County,Iowa,5.8,6.4,6.6,6.5,7.1,6.4,6.9,6.6,7,7.1,7.2,6.9,7.2,7.9,8.1,8.2,8.3,7.5
19085,Harrison County,Iowa,7,6.5,5.9,6.3,6.3,7.5,7.1,6.8,6.9,8.6,8.5,8.5,9,9.1,9.3,9.1,8.4,7.6
19087,Henry County,Iowa,5.5,5.4,6.5,6.7,6.8,7.1,8.3,7.3,9.2,8.8,8.1,7.2,7.7,7.5,8,7.6,8.5,7.9
19089,Howard County,Iowa,5.2,6.1,6.2,6.1,6.3,6.8,7,7.5,8.1,7.6,6.9,6.1,5.9,6.6,6.9,6.5,6.9,7.3
19091,Humboldt County,Iowa,6.1,6,6.4,6.2,6.3,6.7,6.9,7.5,7.2,6.9,6.6,6.3,6.9,6.7,7.6,8.4,8.2,7.8
19093,Ida County,Iowa,5.3,5.7,5.8,6.3,6,6.6,6.8,8.4,8,6.7,6.9,6.1,7.2,6.4,6.4,6.8,6.4,7.3
19095,Iowa County,Iowa,5.9,6.9,6.8,7.5,7.2,7.1,6.6,7.1,7.3,6,6.2,6.7,7.5,6.9,8.7,7.6,7.8,8
19097,Jackson County,Iowa,5.5,5.3,6.2,6.4,6.3,6.4,6.5,7.7,8.9,7.8,8.1,7.4,6.6,6.1,7.4,7.1,7.2,7
19099,Jasper County,Iowa,5.7,6.6,7.4,7.9,8.3,7,8,8.7,7.9,7.5,7,7.5,9.2,9.3,9.4,9,8.5,8.2
19101,Jefferson County,Iowa,5.7,5.8,5.6,5.6,6.7,7.5,7.6,7.9,8.3,7.9,7.8,6.5,6.9,6.9,6.2,7,6.4,6.8
19103,Johnson County,Iowa,5.9,5.6,5.7,5.2,5.9,5.7,6.4,6,6.1,5,5.9,6.7,5.6,7.3,7.4,6.9,6.9,6.8
19105,Jones County,Iowa,5.9,6.3,6.1,6.3,5.9,6.7,7,7.1,7.4,7.2,8.2,7.5,6.9,7,8,7.5,8.8,9.9
19107,Keokuk County,Iowa,5.4,5.5,6.6,6.5,6.9,6.8,7.1,7.2,7.9,7.5,7.6,7.1,6.9,7,6.7,8.4,7.6,6.7
19109,Kossuth County,Iowa,5.2,6.3,5.8,5.7,5.9,6.2,6.7,8.6,8,7.6,7.5,7.5,6.5,7.6,9.3,8.8,9.6,9.2
19111,Lee County,Iowa,5.7,6.3,6.8,6.6,6.2,6.9,7.2,7.8,8.2,8.6,8.8,9,9.9,8.6,7.7,8.9,8.6,9.9
19113,Linn County,Iowa,6.6,6,6.1,7.5,6.9,7.7,8.2,7.9,8.6,8.6,9.4,8.8,8.4,7.8,8.3,7.9,8.6,8.2
19115,Louisa County,Iowa,6.4,6.7,7.1,8.9,8.1,7.8,7.8,8.7,9,7.8,7.3,7.4,7.7,7.7,8.6,8.7,8,9.6
19117,Lucas County,Iowa,7,7.6,7.8,7.3,7.3,7.5,7.8,8.3,8.1,7.9,8.4,7.8,10.4,9.5,9.8,8.9,9.5,9
19119,Lyon County,Iowa,5.5,5.5,5.9,6,5.9,6.5,6.8,7.3,7.4,6.3,7,8.8,8.6,8.2,8.6,7,7,7.5
19121,Madison County,Iowa,5.2,5.5,5.8,6.3,6.4,7.8,7,8,7.3,7.9,7.4,7.4,7.8,8.2,6.8,7.4,6.9,6.2
19123,Mahaska County,Iowa,6.2,5.9,5.5,5.8,6.4,7.6,6.7,7.3,7.3,7.6,7.3,9.6,9,7.4,7.8,7.3,7.1,7.5
19125,Marion County,Iowa,6.3,7.1,5.7,6.5,6.7,7.2,6.5,6.6,7.4,8,6.9,7.2,7.5,8.1,7.2,8.4,8,8.8
19127,Marshall County,Iowa,6.6,7,6.3,6.8,7.3,8.1,7.6,8,9,8.2,8.6,8.4,9.6,8.7,9.2,8.3,9.3,9
19129,Mills County,Iowa,6.2,5.7,5.7,6.4,6.5,6.2,6.8,7.1,7.2,7,9.2,7.8,6.5,5.8,6.2,6.9,7.9,8
19131,Mitchell County,Iowa,5.2,5.5,5.8,6.1,6.3,6.7,7.1,6.5,7.5,6.5,5.9,6.6,6.9,6.9,7.1,8.5,7.6,7.8
19133,Monona County,Iowa,5.8,6.4,6.1,6.1,6.3,6.6,7,7,7.7,6.8,7.6,7.6,7.4,8.7,8,9,8.7,7.3
19135,Monroe County,Iowa,6.4,6.4,7.3,7.5,7.5,7.7,8.1,8.2,8.5,8.4,8.1,7.5,8,9,9.1,8.8,7.8,7.4
19137,Montgomery County,Iowa,6.3,5.7,5.9,6.5,8.1,7.5,7.4,8,7,7.7,6.8,8.1,8.7,8.1,7.4,7.6,8.5,8.8
19139,Muscatine County,Iowa,5.4,6.3,6.1,6.4,6.7,6.6,6.4,8,9,7.5,8,7.5,7,7.2,7.5,8.7,8.9,7.9
19141,O'brien County,Iowa,5.1,5.5,5.5,6.2,7.3,7.2,7.6,7.3,7.1,6.7,6.5,7,7.6,6.6,6.5,7.9,6.8,5.9
19143,Osceola County,Iowa,6,6,5.9,6.5,6.5,6.8,6.8,7.2,7,8,7.4,6.9,7.6,7,7.3,6.9,7.6,6.8
19145,Page County,Iowa,5.7,5.6,5.6,6.2,6.6,7.9,8.9,8.1,8.6,8.3,8.4,8,7.7,9.2,9.4,9.5,10.2,10
19147,Palo Alto County,Iowa,5.8,6.4,6.9,6.8,7.2,7,7.2,7.6,8,7,7,8.1,7.5,8.2,8.4,9,7.9,7.9
19149,Plymouth County,Iowa,6.1,6.7,6.7,6.7,7.4,6.9,7.1,7.6,6.9,8.4,6.8,7.6,7,7.7,7,6.7,6.5,7.8
19151,Pocahontas County,Iowa,5.1,5.3,5.5,7.1,7.3,7.2,7.2,7.6,7.7,7.7,8.3,7.3,7.8,6.8,6.5,6.4,7.2,7.4
19153,Polk County,Iowa,6.6,6.7,6.7,7.4,7.1,8.3,7.5,7.6,8.2,8.2,8.2,7.5,8.1,8.2,8.5,8.6,8.7,8.3
19155,Pottawattamie County,Iowa,6.1,7.8,9.3,8.5,6.7,6.9,7.9,9.1,8.8,10.1,9.3,9.3,8.6,8.7,8.6,9,9.4,9.5
19157,Poweshiek County,Iowa,5.5,5.7,6.3,6.7,8,7.2,6.9,6.1,7.5,7.4,8,8.2,7.1,6.5,7.1,7,7.4,7.2
19159,Ringgold County,Iowa,5.5,5.9,6.3,6.9,6.5,7,6.8,7.7,7.1,7.3,7.4,7,7.4,7.2,6.8,8.9,8.2,6.8
19161,Sac County,Iowa,5.4,5.6,5.8,7,6.6,7,6.9,6.8,6.9,6.7,7.2,6.5,7.8,6.8,7,6.7,7.1,6.6
19163,Scott County,Iowa,6.3,7.1,6.9,6.9,6.8,6.9,8,7.2,7.5,7.2,7.8,7.9,9.1,9.4,9.1,10.2,9.9,8.9
19165,Shelby County,Iowa,5.2,5.9,5.8,6.6,6,6.5,6.8,7.2,7.5,7.6,6.6,7.4,8.7,7.9,7.7,8.4,8.6,7.6
19167,Sioux County,Iowa,5.9,5.3,5.3,5.5,5.4,6.1,5.4,6.5,6.2,6.8,7.5,6.2,7.2,6.3,7,7.5,7.7,5.6
19169,Story County,Iowa,5.1,5.7,5.5,5.8,5.9,6.3,6.5,6,5.8,6.9,7.1,6.9,6.2,7.1,8.4,7.3,7.4,7.9
19171,Tama County,Iowa,6.1,5.6,6.3,6.6,6.6,7.6,8,8.7,8.1,7.7,6.8,6.8,7.4,7.2,7.9,7.3,6.6,8.3
19173,Taylor County,Iowa,5.6,6.4,6.8,7,6.8,6.9,6.9,7.4,7.7,6.4,6.8,6.5,6.2,7.7,8.6,7.7,7.3,7.5
19175,Union County,Iowa,5.3,5.9,6.2,6.4,6.1,6.6,6.9,8.9,9.3,8.9,7.7,8.1,8.3,9,10.5,9.9,9.5,8.6
19177,Van Buren County,Iowa,5.6,6.4,7.1,6.8,6.6,6.8,6.9,8,7.3,6.7,6.2,5.9,6,5.9,7.5,8,7.1,8.1
19179,Wapello County,Iowa,5.3,5.5,6.2,6.9,8.3,8,8.3,7.5,9.4,8.9,9.8,9.8,10.2,10.8,10.4,10.8,11.4,10.1
19181,Warren County,Iowa,6.4,6.2,7,6.1,7.1,6.6,7.6,6.8,7.9,8.8,7.5,7.5,7.4,7.9,8.2,8.3,8.7,7.4
19183,Washington County,Iowa,5.5,5.7,5.8,5.9,6.5,6.3,7.2,7.2,7.9,7.5,6.4,7.1,7.1,8,7.6,8.4,7.4,6.9
19185,Wayne County,Iowa,6.2,6.4,7,7.7,7.7,7.7,7.8,8.2,8,7.5,7.6,9.2,9.1,9.7,10.7,12.1,9.9,9.2
19187,Webster County,Iowa,7.8,8.5,7.3,6.7,7.9,8.2,8.8,8.3,8.5,7.8,7.7,8,8.9,7.3,7,7.2,8.2,8
19189,Winnebago County,Iowa,5.7,6.6,7.4,6.3,6.3,6.5,7,7.5,7.6,6.8,6.7,6.1,6.9,6.4,7.4,7,7.2,7.9
19191,Winneshiek County,Iowa,6.3,7,6.4,6.3,7.1,7.1,6.9,6.5,6,5.1,6.3,5.7,6.4,6.3,5.7,5.7,5.9,6.8
19193,Woodbury County,Iowa,4.9,5.7,6,7.6,8.5,8.9,8,8.7,8.4,8.9,9.2,8.5,8.4,7.4,8.5,9.3,11.3,10.2
19195,Worth County,Iowa,6.2,6,6.2,6.2,6.2,6.7,6.8,6.8,7.1,7.3,8.3,8.8,8.6,9.7,8.2,7.8,7.3,7.7
19197,Wright County,Iowa,5,5.4,6.2,6,6.9,7,7.1,6.6,6.7,5.9,7.7,7.2,6.6,6.5,7.5,9.4,9.6,7.8
20001,Allen County,Kansas,8,7,7.2,6.8,7.1,8.1,8.3,9.2,7.1,7.5,7.8,12.2,10.2,10.2,10.5,9.5,9.6,10
20003,Anderson County,Kansas,6.7,5.7,6.1,5.9,6.7,7,7.1,7,6.7,5.7,7.1,7.4,8.5,8.5,7.9,7.9,6.4,6.9
20005,Atchison County,Kansas,6.8,6.4,6.1,6.4,6.9,7.1,6.8,8.9,8.1,7.1,6.7,8,7.3,8.3,8,7.3,7,9.9
20007,Barber County,Kansas,5.3,5.5,6,6.4,6.3,6.6,6.8,7.8,6.9,5.4,6.2,6.7,6.9,8.4,7.4,7.3,7,7
20009,Barton County,Kansas,6.2,7.1,7,7.2,7.3,9.4,8.9,9.2,7.6,7.5,7.1,8.1,9.2,9.3,9.9,9.9,10.2,9.1
20011,Bourbon County,Kansas,6.9,6.9,8.3,7.5,7.4,7.3,8,8.4,8.2,10,11,10.2,8.9,10.2,11.1,11.4,11.4,9.3
20013,Brown County,Kansas,5.9,7.1,7.7,7.1,7.3,7.1,7.4,8.6,9.4,7.9,7.9,7.5,8.1,8.5,9,9,8.8,10.2
20015,Butler County,Kansas,7,6.3,6.5,8,8.5,8.4,7.3,8.5,8.4,8.4,8.6,8.9,7.7,8.2,9,8.7,9.6,10.3
20017,Chase County,Kansas,5.6,5.7,6,6.1,6.2,6.4,7,7.2,7,7.9,7.1,7.1,6.6,7,7.7,8,7.2,6.5
20019,Chautauqua County,Kansas,7.3,7.6,6.9,6.9,7.5,7.7,8.2,8.7,8,8.8,9,9,8.5,7.9,7.9,7.8,7.9,8.7
20021,Cherokee County,Kansas,7,8.7,8.8,10.2,9.4,9.6,8.7,10.7,10.7,9.3,9.3,11.2,10.3,12.3,11.4,11,10.8,10.3
20023,Cheyenne County,Kansas,5.6,6.4,6.5,6.2,6,6.3,6.9,7,7.2,6.5,7.2,6.6,6.5,7.3,6.9,6.9,7.3,6.3
20025,Clark County,Kansas,6.7,7.1,7.2,7.6,7.5,7.9,8.3,9.6,9.5,8.4,8,8.9,9.1,8.6,8.4,7.6,6.9,7.5
20027,Clay County,Kansas,5.7,6.2,6.6,6.4,6.9,7,7.2,6.5,8,8.2,10.4,8.2,7.6,7.7,10.1,9.6,9.9,10.5
20029,Cloud County,Kansas,6.3,6.4,6.4,7.4,9.1,8.3,7.8,8.5,8.7,9.5,8.5,8.5,7.4,6.4,7.5,7.9,8.2,8.4
20031,Coffey County,Kansas,5.4,6.3,6.4,6.6,6.7,6.9,7.2,6.8,5.9,6.1,7.2,6,7,9.9,9.8,9.7,7.5,7.7
20033,Comanche County,Kansas,5.7,6.5,6.5,6.4,6.3,6.5,7,8,7.5,6.7,6.9,6.2,7,6.9,7.6,7.4,6.9,8.1
20035,Cowley County,Kansas,5.9,6.4,5.9,6.9,7.1,7.8,8,9.5,9.4,9.4,8.6,9.3,8.7,10.2,8.6,9.1,9.3,12.1
20037,Crawford County,Kansas,6.4,5.9,7.7,7.2,8.2,8.8,8.7,9.2,9.2,10.5,9.9,10.3,8.6,9.8,9.4,9.5,7.6,9.4
20039,Decatur County,Kansas,7.2,7,7.6,7.6,8.5,8.4,8.7,9.6,9.4,9.2,8.1,8.2,8.8,8,8.9,8.3,7.7,7.7
20041,Dickinson County,Kansas,5.4,6.5,6.5,6.3,6.1,8.2,7.1,7.5,8.8,9.2,7.3,7.2,7.2,8.4,8.3,8.7,7.3,8.5
20043,Doniphan County,Kansas,6.2,6.3,6.6,7.3,8.1,7.7,7.5,8.3,7,7.2,6.9,7.4,7.3,8.1,7.3,8,8.2,7.2
20045,Douglas County,Kansas,5,5.3,5.6,6.2,6,6.4,6.9,6.3,6.9,6.6,6.8,6.1,6.4,7.3,7.3,7.8,7.2,7.5
20047,Edwards County,Kansas,6.8,7.3,6.8,6.9,7.5,7.5,8.1,7.5,8.1,7.1,7,8.3,8.9,8.2,9.6,10.6,10.9,8.8
20049,Elk County,Kansas,6.2,8,7.7,7.9,8.4,8.4,8.2,8.3,8.6,8,7.7,8.3,9.4,11.5,10.9,10.7,9.5,9.6
20051,Ellis County,Kansas,5.1,5.7,6.3,6.3,6.9,6.1,6.9,6.8,7.5,7.9,8.3,7.7,6.1,7.5,7.7,6.9,7.5,7.4
20053,Ellsworth County,Kansas,5,5.7,6,6.9,7.7,7.3,7.3,7.2,7.9,7.9,8.5,7.8,7.1,8.1,8.6,8.5,7.1,8.1
20055,Finney County,Kansas,5.7,5.8,6.3,7.2,7.5,8.3,8.8,8.4,8.9,8.8,8.8,9.7,8.9,8.1,8.4,8,9.9,10.8
20057,Ford County,Kansas,6.2,6.7,7.8,7.4,7.8,8.1,9.5,9.7,8.7,8.7,8.9,8.7,8.8,8.7,10.4,11.4,10.2,9.7
20059,Franklin County,Kansas,5.8,6,5.9,6.7,7.7,8.2,8.4,9.5,9.9,7.5,6.4,7.2,7,7.3,8.2,7.7,8.2,9
20061,Geary County,Kansas,6.8,7.2,7,7.9,7.7,8.7,8.7,9.3,9.7,10,9.7,9.8,8.9,11.8,12,10.7,9.8,10.1
20063,Gove County,Kansas,5.2,5.6,6,6.3,6.8,6.8,7.2,8.4,7.6,7,7.5,7.5,8.1,8.6,8.8,7.4,7.6,8.5
20065,Graham County,Kansas,5.5,6,5.6,6.1,6.1,6.7,7.3,7.5,6.8,6,6.8,7.7,7.5,7.9,7.2,7.5,6.5,7.3
20067,Grant County,Kansas,6.4,7.1,8.2,8.2,8.3,7.7,8.6,9.1,8.7,6.6,6.7,7,7.3,7.9,8,7.9,7.5,7.1
20069,Gray County,Kansas,5.9,6.2,6.4,7.8,8.8,8.1,8.7,7.9,8,7.5,6.9,6.4,7.4,7.3,8,6.9,6.6,6.9
20071,Greeley County,Kansas,5.6,5.8,6.1,6.1,6.6,6.7,7,6.9,6.7,6.2,6.3,6.2,6.4,6.3,6.5,6.7,6.2,6.6
20073,Greenwood County,Kansas,5.4,6.8,7.4,7.4,6.9,6.9,7,7.7,7.3,7.1,8.5,8.5,7.5,7.4,8.2,9,7.7,8.2
20075,Hamilton County,Kansas,6.4,6.7,6.9,7.8,7.7,7.6,8.2,8.3,7.9,6.7,7.2,8,8,9.5,9.6,9,8.2,9
20077,Harper County,Kansas,6.1,7.1,7,7.9,7.2,7.1,7,7.1,7.9,6.9,6.9,7.4,7.7,7.2,7.2,7.5,6.6,9.1
20079,Harvey County,Kansas,6,7.1,6.3,7.4,7.1,6.5,7.2,7.2,7.5,8.4,7.3,7.8,8.4,7.7,7.3,7.6,7.3,7
20081,Haskell County,Kansas,6.3,6.5,6.6,8,7.6,7.5,8.3,7.7,8.1,7.3,7.5,7.2,7.3,7.3,7.3,8,8.3,6.9
20083,Hodgeman County,Kansas,6.7,6.6,7.4,8,9.2,8.8,8.8,8.2,8.7,9.3,9.8,9.4,8.8,7.8,8.7,9.1,8.3,8
20085,Jackson County,Kansas,6,6.1,7.1,7.8,7.3,8,7.9,9.4,8.8,7.4,7.9,7.1,8.6,9.9,10.1,9.1,8.4,8
20087,Jefferson County,Kansas,6.1,6.2,6.6,6.5,7.3,9.1,8,7.8,7.4,7.6,6.8,7.6,7.5,8.6,8.6,9.5,9.6,8.8
20089,Jewell County,Kansas,6.2,6.2,5.8,6.2,6.6,6.8,7.2,7.5,7.5,6.8,7.5,7.5,6.9,8.2,7.8,8.2,7.9,7
20091,Johnson County,Kansas,5.5,5.9,5.3,5.8,5.9,6,6.5,6.5,6.8,6.8,7.1,7,7,7.1,7.1,7.1,7.4,6.8
20093,Kearny County,Kansas,5.8,6.1,6.9,8.2,9,8.2,8.7,8.6,9,7.2,7,7.3,7.7,7.8,8.2,8,8.9,9.4
20095,Kingman County,Kansas,5.7,5.7,5.9,7,7.4,7.3,7.2,8.5,8.6,9.2,9.4,8.7,7.4,8.3,8.2,8.3,7.2,8.6
20097,Kiowa County,Kansas,5.2,5.6,6.5,6.4,6.9,6.9,7.2,7,6.9,6.9,7,6.8,6.6,7.8,8.6,9.3,7.9,7.4
20099,Labette County,Kansas,7,7.3,8.5,8.3,8.9,8.8,8.8,10,9.4,8.8,8.6,9.4,10.6,10.3,10.9,11,10.4,11.4
20101,Lane County,Kansas,6.3,7.1,7.4,7,6.6,6.6,7,7,7.9,6.7,7.1,7.9,7.3,7.3,7.2,7.7,7,7.9
20103,Leavenworth County,Kansas,6.5,7.9,7,8.3,7.4,9,8.5,8.1,8.7,8.7,9.4,9.7,8.9,10.4,10.8,10,11,11.5
20105,Lincoln County,Kansas,6.4,6.2,6.4,7.2,7.1,7.5,7.6,8.4,7.7,7.7,7.7,7.2,7.4,6.6,6.8,8.3,8.8,8.2
20107,Linn County,Kansas,5.8,6.4,6.8,6.6,6.9,7.2,8,7.3,8.8,7.3,8.7,8.4,10.1,8.6,9.3,8.7,10.7,9.7
20109,Logan County,Kansas,6,5.7,6.4,6.3,7.1,7.1,6.9,8,8.6,9.1,8.4,7.5,7.7,8.2,8,7.8,7.1,7.8
20111,Lyon County,Kansas,6.3,6.7,7.1,7.3,7.5,7.6,7,7.5,8.4,8.7,8.8,9,8.9,8.1,7.6,8.1,8.1,8.9
20113,Mcpherson County,Kansas,5.8,5.9,6,6.7,7.5,7.3,7.4,7.5,6.9,7.6,7.2,7.5,8,8.4,8.3,9.3,9,8.2
20115,Marion County,Kansas,5.6,5.4,5.3,5.9,6.9,7.3,7.3,7,6.6,6.1,5.7,5.5,5.6,6.7,8,7.9,8.6,8.1
20117,Marshall County,Kansas,6.6,5.5,5.2,5.7,6.2,6.7,7,7.5,8.3,6.6,6.3,7.6,7.5,8.2,9,8.8,7.4,6.9
20119,Meade County,Kansas,6,6.3,7.2,7.5,7.7,7.6,8.1,9.3,8.2,7.3,7,6.5,7.2,10.1,9.7,8.2,7.8,9
20121,Miami County,Kansas,6.4,6.5,6.5,7.3,7.6,7.5,7.2,7.1,7.9,8,8.8,9,9.4,9.2,7.7,7.6,7.8,7.2
20123,Mitchell County,Kansas,5,5.3,6.4,6.7,6.8,6.7,7,6.7,7.5,8.5,8.2,6.7,5.6,7.1,7.8,7.4,8,7.3
20125,Montgomery County,Kansas,6.6,7,8.3,9.3,8.3,8.7,9.3,10.6,11.2,10.6,11,11.2,11.8,10,10.3,10.6,11.1,10.4
20127,Morris County,Kansas,5.5,5.9,5.8,7.3,7.9,7.6,7.5,7.3,6.4,6.9,8.6,9,8.6,8.6,8.5,8.2,8,6.6
20129,Morton County,Kansas,6,6.3,6.4,6.7,7,7.5,7.9,8.5,7.9,8.8,8.2,7.5,7.9,8.1,8.9,8,7.8,8.6
20131,Nemaha County,Kansas,4.9,5.1,6.3,6.5,7.4,7.2,7.2,8.6,7.4,6.9,5.8,6.2,6.7,6.7,6.3,6.2,5.7,5.7
20133,Neosho County,Kansas,8.1,7.2,8.3,7.2,8.7,9.2,9.7,9.6,9.4,9.4,9.4,10.3,10.4,10.2,10.3,9.9,8.3,10.3
20135,Ness County,Kansas,6,6.1,6.3,6.3,6.4,6.7,6.9,7.8,7.2,6.7,6.8,7.1,7.6,6.5,8.3,9,8.7,8.2
20137,Norton County,Kansas,5.2,5.6,5.9,6.1,6.6,6.7,7.1,7.4,7.8,7.6,7.9,6.4,6.5,7.9,8.4,8,8.2,8.7
20139,Osage County,Kansas,6.2,7.3,7,6.7,6.8,7.6,9.2,8.9,8.9,7.6,8.7,6.7,7.5,9.6,11.6,9.8,8.8,9.6
20141,Osborne County,Kansas,5.8,5.9,7.2,6.9,7.4,7.1,7.1,7.8,7.1,7.3,7.1,8.4,9,8.1,8.1,8.6,7.9,6.9
20143,Ottawa County,Kansas,5.5,5.2,5.6,5.7,6.6,6.7,7.1,8.1,7.8,8.5,9.1,8.4,7.1,7.8,8.1,7.5,8.4,8.3
20145,Pawnee County,Kansas,7.6,7.3,6.5,7.5,7.9,8.1,8.3,7.9,8.8,9,9.5,9.7,8.4,9.1,8.8,9.4,9.3,9.9
20147,Phillips County,Kansas,5.8,5.8,6.7,6.7,7.4,7.1,7,8,8.5,7.4,7,6.1,6.6,6.6,7.4,7.5,6.8,8
20149,Pottawatomie County,Kansas,5.1,6.5,7,7.9,7.6,6.7,8.8,9.3,11,8.5,8.5,7.5,8.2,9.2,8.8,8.7,8.6,9
20151,Pratt County,Kansas,6.9,7.4,8.2,7.5,7,6.9,6.9,7.8,7.2,8.7,8.5,7.7,7.4,6.9,6.9,7.4,7.3,9.5
20153,Rawlins County,Kansas,5.4,5.9,5.9,6.1,6,6.5,6.8,7.6,8,7.6,7,7.5,6.9,6.8,6.8,6.3,6.8,6.8
20155,Reno County,Kansas,6.1,6.7,6.6,6.9,7.8,9.4,9.2,9.5,9.2,9.6,9.9,10.1,9,8.8,9.4,10.6,11,11.9
20157,Republic County,Kansas,5.3,5.9,6.5,6.1,6.9,6.8,7.2,6.4,6.7,6.3,6.1,5.7,5.3,5.4,6,7.1,8,8.1
20159,Rice County,Kansas,6.7,6.7,6.5,6.5,6.9,7.2,7.2,8.7,9.1,8.1,8.2,8.4,8.2,9.2,8.2,8.1,9.2,8
20161,Riley County,Kansas,5,5.8,6.4,7.1,6.8,7.5,7.5,7.9,7,7.2,6.9,6.8,6,7.5,7.4,7,7.4,7.6
20163,Rooks County,Kansas,5.3,5.9,6.4,6.2,6.4,6.6,6.9,7.8,7.1,6.9,7.2,6.8,8,7.1,7.2,6.9,7,7.6
20165,Rush County,Kansas,5.4,5.8,6.5,6.6,6.7,6.7,7,7.3,6.6,6.7,7.3,6.8,6.9,6.4,6.2,6.5,7.3,7.6
20167,Russell County,Kansas,6.4,5.8,5.9,6.5,7.1,7.1,7.2,9.7,8.9,8,7.7,7,7.7,7.6,7.2,7.7,7.1,6.7
20169,Saline County,Kansas,6,5.9,6.1,6.7,6.4,7.2,7.4,8.9,8.7,9.5,9,8.3,8.3,8.4,8.7,8.4,9.4,8.7
20171,Scott County,Kansas,6.2,6,6.4,6.9,6.9,7.4,7.7,7.4,7.6,6.6,7.6,7.1,7.4,7.2,8.3,9.1,8.4,7.6
20173,Sedgwick County,Kansas,6.3,6.5,7.5,7.8,8.5,9.1,9.1,9.6,9.5,9.8,10.4,9.8,9.5,10,10.7,10.8,10.4,10.7
20175,Seward County,Kansas,7.6,6.5,6.4,6.9,7.2,7.1,7.4,8.9,8.8,8.1,7.6,7.9,7.8,6.9,7.4,9,9.4,9.3
20177,Shawnee County,Kansas,6.3,6.9,7.3,7.5,7.7,9.1,9,9.4,8.5,9,9.7,9.3,9.7,9.5,9.7,10.4,11,11.2
20179,Sheridan County,Kansas,5.5,5.9,6.2,6.8,6.3,6.7,6.8,7.1,6.5,7.9,7.4,6.3,6.2,6.2,6.7,6.5,6.7,7.4
20181,Sherman County,Kansas,5.4,5.9,6.3,6.6,7.3,7.1,7.2,8.1,7.7,6.5,6.8,8.8,8.5,9.6,8.3,7.1,6.2,6.6
20183,Smith County,Kansas,5.3,6.3,6.2,6.5,6.1,6.6,6.8,7.9,7.3,7.1,6.3,7.4,6.9,6.3,6.5,6.7,7.4,8.7
20185,Stafford County,Kansas,6.7,7.4,6.8,7.2,7.2,7.6,7.9,7.9,7.8,8.2,8,10.8,10.9,8.5,7.9,8.9,8.3,8.8
20187,Stanton County,Kansas,6.2,6.6,7.1,7.6,7.4,7.7,8,7.7,8.4,7,7.9,7.2,7.4,7.2,7.1,7.9,7.8,7.6
20189,Stevens County,Kansas,6.3,6.4,6.8,7,7.9,7.9,8.2,8.4,9.1,8.1,8.1,7.8,8.6,9,10.1,8.7,8.6,8.6
20191,Sumner County,Kansas,6.5,8.5,8.2,8.2,7.5,8.1,8.8,10.4,10,8.7,8.5,9.6,9.2,9,9.2,8.1,9.2,9.1
20193,Thomas County,Kansas,5.5,5.9,5.9,6.2,6.4,6.8,7,6.8,7,6.8,6.2,5.7,5.4,5.9,7.4,7.6,8.3,9.3
20195,Trego County,Kansas,5.3,5.5,6.4,7.1,6.7,6.8,6.8,7.1,6.6,6.6,7.2,7.4,8.7,7.3,7.7,8.4,8.9,7.4
20197,Wabaunsee County,Kansas,5.1,5.8,6.8,6.4,5.7,6.3,6.7,7.3,7.2,5.6,7.1,6.8,7.1,6.8,7.1,7.9,8.6,7.7
20199,Wallace County,Kansas,5.5,5.7,6.3,6.5,6.8,7.1,7,7.7,7.2,6.5,6.9,7.7,7.3,6.9,6.8,6.8,6.4,6.6
20201,Washington County,Kansas,5.8,6.1,6.8,7,6.6,6.7,6.9,6.9,7.4,7.8,8.4,7.1,6.1,6.7,6.9,6.3,7,7.4
20203,Wichita County,Kansas,5.3,6,6.3,6.6,6.7,6.8,7,8,7.1,8,7.4,9.1,8.7,7.2,7.9,8,7.8,8.9
20205,Wilson County,Kansas,6.4,6.9,6.6,6.8,7.4,7.1,7.2,8.9,8.2,9.8,10,9.5,9.8,11.5,9.6,9.3,8.8,8.2
20207,Woodson County,Kansas,5.7,6.5,6.4,6.8,7.9,7.8,8.1,7.9,8,7.4,8,8,8.4,8.6,8.1,8.1,8.6,9.6
20209,Wyandotte County,Kansas,7.9,8.2,8.9,9.2,9.7,11.4,11.9,13.3,12.6,11.7,11.3,11.8,12.1,12.2,13.2,12.6,12.4,14.2
21001,Adair County,Kentucky,7.9,7.5,7.8,8.5,9.8,8.9,9.2,8.6,9.3,8.5,11.4,11.5,10.8,9.7,9.7,10,9.1,10.3
21003,Allen County,Kentucky,6.4,7.1,7.7,8.6,8.9,7.6,7.9,7.4,8.4,8.3,9.7,8.3,9.2,8.2,8.4,9.3,9.1,9.2
21005,Anderson County,Kentucky,5.9,6.5,6.7,7.2,7.2,7.1,9,9.4,8.2,7.2,8.7,9,10.4,9.4,10,9.8,8.4,7.9
21007,Ballard County,Kentucky,6.3,6.5,6.7,7.7,7.2,7.7,7.8,9.9,10.2,8.7,7.9,7.6,8.8,10.5,8.8,9.1,8.4,7.9
21009,Barren County,Kentucky,6.7,8,8.5,10.3,9.9,8.7,10.7,10.3,9.2,9.6,10.9,9.5,8.9,10.1,12,11.7,9.7,9.3
21011,Bath County,Kentucky,7.5,7,7.7,8.8,9.1,8.8,8.9,9.2,9.3,9.6,11.4,10,10.3,9.2,11.9,9.6,10.8,10.8
21013,Bell County,Kentucky,8.1,8.3,10.2,10.2,10.4,10.6,12.6,10.6,11.3,10.6,10.8,12.7,14.2,12.4,9.8,9.9,9.4,10.3
21015,Boone County,Kentucky,5.9,6.3,6.2,7.7,6.3,7,8.8,8.4,9.6,9.7,10.2,9,9.8,9.4,10.4,9.7,9.5,9.6
21017,Bourbon County,Kentucky,6.6,7.3,7.1,7.9,8.7,8.4,7.9,9.5,8.9,8.9,8.4,8.5,8.2,7.6,7.9,7.6,8,7.3
21019,Boyd County,Kentucky,9.2,8.6,8.9,8.1,10.5,12.1,11,11.6,12,11,12.1,12.1,12.3,10.8,11.8,14.1,13.8,10.3
21021,Boyle County,Kentucky,5.8,6.4,6.4,7,7.5,7.9,7.6,8,7.1,6.9,6.7,7.1,8.7,8.5,9,8.8,9.1,8.1
21023,Bracken County,Kentucky,7.3,7.5,7.4,8.5,9,8.6,8.3,9.3,9.8,9.7,10.8,9.3,8.7,7.8,7.1,8.2,8,7.2
21025,Breathitt County,Kentucky,6.8,8.4,8,10.9,12.4,12,12.6,11.3,11.6,10.6,12.2,11.6,12.4,12.4,11.4,11.9,10.2,9.7
21027,Breckinridge County,Kentucky,7.1,7.3,7.6,7.9,7.9,8.6,9.5,9.8,10.8,9.8,9.3,10.5,8.7,7.8,7.5,9,8.9,8.6
21029,Bullitt County,Kentucky,7,7,6.6,6.5,5.9,7.4,8.5,8.5,7.9,8.6,10,9.6,12.7,11.5,11.5,8.8,8.4,8.7
21031,Butler County,Kentucky,7,6.7,7.6,7.3,7.6,9.2,8.6,9.1,9.1,9.2,8.1,8.3,10.7,8.8,9.7,9.1,8.5,8.5
21033,Caldwell County,Kentucky,6.6,7.2,7.3,8.7,8.2,8.5,8.5,9,9.1,8.3,8.3,9,8.9,10.3,12.1,11.1,10.4,10.3
21035,Calloway County,Kentucky,4.9,5,5.3,5.6,7.9,7.6,8.3,8.4,7.9,7.7,8.6,8.9,7.3,7.9,8.2,8.1,7.9,8.5
21037,Campbell County,Kentucky,6.6,6.8,6.8,6.7,7.3,7.2,7.7,7.8,8.9,8.6,9,8.3,7.9,8.5,10,9.9,7.8,9.3
21039,Carlisle County,Kentucky,6.5,6.9,7.3,7.5,7.9,7.7,8.1,8,7.7,7.4,8.2,8.1,8.3,7.6,7.1,7.6,7.8,7.4
21041,Carroll County,Kentucky,6.5,7,6.8,7.3,7.2,7.7,7.7,9.6,9.9,8.2,8.1,7.6,8,8.5,8.5,8.5,9,8.2
21043,Carter County,Kentucky,7,6.8,8.5,8.2,9.8,7.8,10.1,9.5,11.1,10.6,10.7,10.3,12.1,9.6,11.5,12.3,11.6,10.2
21045,Casey County,Kentucky,8.2,7.6,8.4,9.3,10,11,9.3,8.7,9.4,9,10.7,10.9,9.6,9.4,9.8,10.3,9.2,7.6
21047,Christian County,Kentucky,7.6,8.1,7.9,8.4,9.3,10,9.3,10.2,10.9,10,10.5,9,9.2,11.4,13.8,12.4,12.1,13.9
21049,Clark County,Kentucky,5.3,6.2,6.6,6.7,7,7.2,6.9,7.1,7.5,7.9,7.5,7.3,7.5,8.4,7.4,8.3,7.7,7
21051,Clay County,Kentucky,8.4,8,9.3,8.4,9.2,10,11.3,10.9,11.2,10.4,11.5,11.5,9.6,9.2,10,11.2,9.6,9.1
21053,Clinton County,Kentucky,6.6,6.8,7.1,8.5,8.1,8.2,8,7.9,7.5,7.8,8.1,9.1,8.4,9.6,9.4,10.2,9.3,9.5
21055,Crittenden County,Kentucky,6.6,8.8,8.1,7.5,6.8,7.4,8,9.4,9.2,7.9,8.4,7.4,9.1,7.9,9.1,8.6,9.8,9.8
21057,Cumberland County,Kentucky,6.2,7.3,7,7.8,8.6,8.6,8.9,9.6,8.7,7.4,8.7,9.5,9.4,8.4,8.8,8.6,8.2,8.5
21059,Daviess County,Kentucky,7.5,8.2,8.2,8.6,8.6,8.8,8.7,9.2,7.9,8.9,9.8,8.9,9.4,10.2,10.4,11,9.6,9.2
21061,Edmonson County,Kentucky,6.8,7.4,7.9,9.6,9,8.6,8,8.2,10.1,9,10.1,10.1,9.8,9.4,8.7,8.5,9,7.8
21063,Elliott County,Kentucky,6.2,7.4,7.6,8,8.2,8.4,8.6,9.3,9,9.4,9.5,10.4,10.4,10.3,7.9,8,8.4,8.9
21065,Estill County,Kentucky,7.3,7.2,8.1,8.3,9,9.2,8.8,10.2,10.2,10.7,10.1,10.1,8.2,8.6,9.6,8.8,8.8,8.2
21067,Fayette County,Kentucky,6.7,6.7,7.5,8.2,8.6,8.1,8.8,9.7,9,8.3,8.9,8.7,9.1,9.3,10,8.4,8.8,8.9
21069,Fleming County,Kentucky,5.4,6.6,7.5,8.1,8,8.6,9.1,10.8,9,10.3,11.4,11.1,10.6,8.8,9.8,10.1,9.7,9.3
21071,Floyd County,Kentucky,8.5,10.4,12.3,11.8,11.7,11.1,14.9,15.1,12.9,10.7,10.4,11.5,11.3,12.8,14.9,13.5,11.9,12.5
21073,Franklin County,Kentucky,6.4,5.7,7.2,7.4,7.8,7.5,7.8,7.5,8.7,9.4,9.6,9.4,8.7,8.9,8.4,9.1,8.5,8.2
21075,Fulton County,Kentucky,7.3,7.4,8,8.4,8,8.4,9,9.3,8.8,9.3,8.5,9,8.7,8.4,8.8,8.7,9.2,9.5
21077,Gallatin County,Kentucky,6.6,6.7,6.9,7.1,7.2,7.7,7.8,7.8,7.8,7.8,8.5,7.9,8.4,8,8.7,8,8.6,8.2
21079,Garrard County,Kentucky,6,6.6,6.7,8.2,8.4,8,7.8,8.8,8.5,8,8,10.2,9,9,7.7,8,8,7.8
21081,Grant County,Kentucky,6.7,6.7,7.6,6.4,6.4,6.9,7.9,7.8,8.6,9.3,8.2,8,8.1,7.8,10.4,10.1,9.5,9.1
21083,Graves County,Kentucky,5.9,7.2,7.4,7.7,8,8.5,8.7,8.7,9,8.7,6.9,9.3,8.9,8.4,10.8,11.1,10.5,11.8
21085,Grayson County,Kentucky,7.3,8.7,10.2,8.8,9.6,10.5,9.8,9.6,10.5,9.9,10.9,10.8,10.3,9.8,9.1,9.1,9.5,10.8
21087,Green County,Kentucky,7,6.4,6.9,7.3,8,7.8,7.9,8.6,8.2,8,9,8.1,8,9.9,8.8,8.9,8.5,9.6
21089,Greenup County,Kentucky,10.1,8.2,8.7,8.6,9.9,10,11.8,11.2,10.7,10.2,11,12.1,12.2,11.4,9.9,10.9,9.4,10.8
21091,Hancock County,Kentucky,6.1,6.9,7.6,7.4,7.1,7.2,7.6,8.7,8.8,8.6,9.2,9.5,9.2,9.2,8.7,9.4,8.2,8.1
21093,Hardin County,Kentucky,7.8,7.4,7.6,9.2,10.1,9.4,10.3,9.7,10.8,9.8,9,11,10.7,10.1,10.9,10.2,9.6,10.2
21095,Harlan County,Kentucky,7.8,8.6,8.1,10.6,10.2,11.1,11.8,11.1,11.1,13.1,13.6,13,12.4,11.8,14.4,13,12.6,10.5
21097,Harrison County,Kentucky,6.7,6.7,6.5,7.5,8,8.3,9.3,9.3,8.5,8.1,8.7,8.1,7.9,7.2,6.9,7.5,8.2,8.5
21099,Hart County,Kentucky,6.5,6.9,7,7.4,7.2,7.5,8.1,9.6,9.7,8.1,9.6,8,7.8,7.8,9,8.8,9.2,8.4
21101,Henderson County,Kentucky,5.4,6.4,6.7,9.4,8.9,9.8,9.2,8.3,8.7,8.7,10.6,11.1,11.3,12.1,13.8,12.7,11,10.6
21103,Henry County,Kentucky,6.3,7.1,7.3,7.6,7.6,8.3,8.4,8.7,7.7,7.2,7.3,7.5,7.9,8,7.9,7.6,8,8
21105,Hickman County,Kentucky,6.7,7.1,6.8,7,7.7,7.9,8.3,9,8.6,7.8,8,8.3,7.8,8.5,9,8.4,8.2,8.5
21107,Hopkins County,Kentucky,7,8.9,8.4,8.1,8.6,8.6,9.4,9.4,9.4,9.8,10.8,9.6,11.4,9.5,13.9,12.2,13.1,12.3
21109,Jackson County,Kentucky,6.4,6.3,8.9,8.4,8.3,8.7,9.5,8.3,9,7.8,9.4,8.9,11.7,10.5,12.1,10,10.1,10.7
21111,Jefferson County,Kentucky,7.2,7.7,8.7,9,8.9,11,9.6,11,10.5,9.9,10.5,10.7,10.4,10.8,11.1,10.7,10.3,11.5
21113,Jessamine County,Kentucky,6.3,6.4,6,7.2,8.1,8.3,7.6,7.8,7.3,6.4,6.3,7.6,7.9,8.5,7.8,7.1,7.5,7.1
21115,Johnson County,Kentucky,9.6,9.9,9.9,9.8,7.8,10.9,10.5,13,10.7,11.6,12.3,12.1,12.7,12.2,11.8,11.7,10.5,10.8
21117,Kenton County,Kentucky,6.7,7.2,6.9,7.4,7.4,7.9,9,7.8,8.6,8.2,10.3,9.3,10.1,8.9,10.2,11.1,10,9.8
21119,Knott County,Kentucky,8.5,7.1,7.6,8.8,10,11.3,10.9,11.7,10.5,11.5,12.9,11.1,12,11.3,14.8,12.7,12.5,12.8
21121,Knox County,Kentucky,7.6,7.6,8.1,7.7,9.5,10.1,11.6,11.1,11.3,11,12.1,11.6,10.6,10.3,9.6,9.8,9.3,10.6
21123,Larue County,Kentucky,5.7,6.9,7.1,8,8.2,8.9,9.2,9,9.3,8.5,8.8,8.2,7.8,8.1,7.6,8,8.5,7.7
21125,Laurel County,Kentucky,8.1,9.4,8.6,9.7,12.2,11,10.5,9.4,10.5,10.8,11,12,11.7,12,12.7,12.4,11.2,11.2
21127,Lawrence County,Kentucky,7.3,7.2,7.9,9.4,9.3,9,10.8,11.7,12,13.1,14,12.4,13.3,12.9,10.7,9.1,8.5,11.4
21129,Lee County,Kentucky,8.7,9.3,8.6,10.1,8.8,8.8,8.3,9.1,10.9,10.4,12.5,9.9,8.6,9,9.9,11.4,9.3,8.9
21131,Leslie County,Kentucky,8.2,7.6,8.2,9.1,10.6,9.5,9,10,12.9,12.3,10.9,10,12.2,10.7,11.4,11.2,11.1,11.3
21133,Letcher County,Kentucky,9.4,10.4,11.1,12,11.9,11.4,15.1,13.4,13.3,11.9,13.6,13.6,15.2,13.6,15.3,11.6,10.6,12.2
21135,Lewis County,Kentucky,6.8,6.6,7.9,7.7,8.4,10.8,10.9,10.6,10,10.8,12.4,11.8,11.1,9.5,10.6,11.3,10.3,9.6
21137,Lincoln County,Kentucky,5.8,6.4,8.4,7.9,9,8.2,9.3,9,8.9,7.6,7,7.6,8.4,8.9,9.5,10.2,9.7,8.4
21139,Livingston County,Kentucky,6.8,7.2,7.6,7.5,8.4,8.5,8.6,8.3,8.8,7.5,7.8,7.7,8,7.9,8,8.5,8.9,7.8
21141,Logan County,Kentucky,6.2,6.7,6.4,7.3,9.3,8.2,7.7,8.5,9.7,9.1,7.3,7.4,7.1,8.5,8.1,9.9,9.5,8.4
21143,Lyon County,Kentucky,7.4,7.2,8.6,9.1,8.5,8.3,8.6,9.6,9.6,9,9.1,9.1,8.8,7.8,8.5,9.7,10.1,9.7
21145,Mccracken County,Kentucky,8.6,8.4,6.8,8,7.4,8.1,8,6.7,7.5,7.3,8.6,8,8.3,8,10.8,9.7,9.9,9.7
21147,Mccreary County,Kentucky,8.2,8.3,8.4,8.1,10,10,9.8,11.1,12.3,11.5,11.5,11.3,10.7,10.6,11.3,12.9,10.9,11.3
21149,Mclean County,Kentucky,7.2,6.6,7.3,8.6,8.9,8.4,8.1,9.3,10,10.4,11.9,9.2,8.9,8.9,7.8,8.4,8.5,9.5
21151,Madison County,Kentucky,5.6,5.8,6.1,7.4,6.3,7.3,7.4,8.2,7.6,8.2,8.1,8.8,8.9,8.4,7.7,8.6,8.2,6.9
21153,Magoffin County,Kentucky,8.4,7.9,7.9,8.3,9.2,9.2,9.6,9.8,11,9.8,9.3,9.9,9.5,11.3,13.4,10.8,10.9,10.4
21155,Marion County,Kentucky,6.6,6.6,7,8.8,8.3,8,8.1,8.5,8.5,7.1,7.6,7.9,9.3,9.3,9.2,8.9,8.5,7.8
21157,Marshall County,Kentucky,5.9,5.9,6.2,6.8,7.7,7.2,7.9,7.1,7.7,6.4,7.3,7.8,7.5,8,8.3,9.8,9,8.4
21159,Martin County,Kentucky,6.8,7,7.7,8,8.8,9,8.9,9.3,9.4,11.3,9.7,8.9,9.2,10.2,12.5,11.1,9.6,8.9
21161,Mason County,Kentucky,6.3,7.1,7.3,9.7,8.7,9.1,9.8,11.8,11,10.8,9.7,9.2,8.8,9.4,9.9,10.7,8.6,8.2
21163,Meade County,Kentucky,6.5,6.9,7.4,7.5,8.2,8.1,8.2,7.6,8.6,7.6,9.5,9.3,8,9,9.5,9.8,7.7,7.1
21165,Menifee County,Kentucky,8.1,8.2,8.3,9.7,9.9,9,8.6,11.1,8.6,7.8,9.1,9.6,10.2,10.8,10.6,10.7,10.4,9.8
21167,Mercer County,Kentucky,6.3,6.4,6,8.3,7.8,8,7,6.5,6.6,6.9,7.4,8.1,7.4,7.3,6.8,7.1,8.6,7.8
21169,Metcalfe County,Kentucky,6.3,6.4,7.9,8,7.7,7.9,8.3,9.2,9.8,8.6,10.9,9.7,9.8,9.7,9.7,9.4,8.3,8.1
21171,Monroe County,Kentucky,6.9,8.1,8.4,7.3,7.4,7.5,8,8.4,8.2,7.3,9.2,8.7,10.1,9.1,8.5,8,7.7,7.2
21173,Montgomery County,Kentucky,7.4,8.7,8.4,10.2,10,9.2,8.6,9.9,10.9,10.5,10.4,10,10.3,9,9.9,9.9,8.9,9.9
21175,Morgan County,Kentucky,8.3,9.5,9.7,9.5,10.2,9.3,11.6,12.4,11.9,11.3,11.9,11.5,10.7,8.7,9.3,9.3,9.2,10
21177,Muhlenberg County,Kentucky,7,8.6,8.1,10.3,8.7,9.1,8.6,9,9.4,9.3,8.8,8.4,9.2,10.3,10.6,12.8,13.1,10.6
21179,Nelson County,Kentucky,5.2,6.5,6.6,6.1,7.5,7.6,7.1,6.9,6,8.2,8.2,8,8.1,7.8,8.1,9.4,8.6,8.6
21181,Nicholas County,Kentucky,6.4,6.6,6.8,7.6,7.8,7.7,7.8,8.8,8,7.4,7.6,7.6,7.7,8.2,7.8,8,8.6,7.7
21183,Ohio County,Kentucky,6.3,7,8.7,9.2,10.2,9.8,10.1,9.9,10.5,10.7,11.1,10.6,10.1,9.9,9.8,11,10.4,10.4
21185,Oldham County,Kentucky,5.1,5.3,7.2,7.1,6.7,7.2,6.7,7.4,6.6,6.9,7.2,8,6.4,7.1,7.2,7.2,7.7,7.5
21187,Owen County,Kentucky,7.1,7.1,7.3,7.4,7.5,7.7,8,7.9,7.3,7.2,7.5,8.8,9.4,8.4,7.8,9.2,9.5,8.3
21189,Owsley County,Kentucky,7.4,7.5,7.7,8.1,8.6,8.6,8.5,10.6,10,8.9,8.3,8.7,8.5,7.7,9.5,8.3,8.1,8.9
21191,Pendleton County,Kentucky,6.9,6.4,7.7,8.2,8.8,7.5,7.9,8.2,11.9,9.8,9.6,8.2,7.7,8,10,8.3,8.9,9.6
21193,Perry County,Kentucky,8.3,8.1,8.2,9.1,8.6,11.5,12.8,12.6,11.3,10.9,12,12.2,11.6,11.5,12,11,10.6,12.2
21195,Pike County,Kentucky,10.6,10.2,11.1,12.2,14.4,13.3,12.8,13,13.5,12.6,14,13.7,13.5,13.8,13.8,13.2,11.5,10.8
21197,Powell County,Kentucky,6.9,7,7.1,7.6,8,9.3,9,8.5,8.1,8.5,8.8,9.6,9.7,8.4,9.5,9.1,8.5,7.9
21199,Pulaski County,Kentucky,7.4,7.1,8,8.1,8.4,8.7,9.2,9.9,10.4,10.5,10,10,9,10.9,11.2,10.9,10.3,11.3
21201,Robertson County,Kentucky,5.8,6.6,6.7,7.5,7.7,7.7,7.9,9.5,8.3,8.6,8.1,8,7.5,7.5,7.5,8.2,8,7.5
21203,Rockcastle County,Kentucky,7.4,8.3,9.7,9.4,8.1,7.1,10.4,9.9,10.7,8.5,9.2,9.3,9.9,9.3,9.8,9.7,9.2,7.9
21205,Rowan County,Kentucky,6.1,8.2,7.9,9.6,8.6,8.6,8.9,10,12,10.1,8.5,8.7,9.1,10.3,8.1,10.1,9.3,7.3
21207,Russell County,Kentucky,6.8,6.9,7.4,8.3,7.4,9.3,9.2,8.5,7.8,7.4,8.4,8.5,9.4,9.1,9.9,10.3,9.4,8.6
21209,Scott County,Kentucky,5.9,6.5,6.6,7.1,7.7,7.4,6.9,8.1,8.4,8,7.8,7.9,7.5,7.3,7.2,7.2,6.2,7.2
21211,Shelby County,Kentucky,6,6.3,6.5,7,7.2,7.9,8.8,8.4,8.2,7.8,8.2,8.5,9,8.3,8.1,8.4,7.9,7.8
21213,Simpson County,Kentucky,6.8,7,6.7,8.2,7.9,9.7,8.8,9.5,9.4,7.8,7.8,8.3,9.4,8.6,7.7,9.3,8.7,7.8
21215,Spencer County,Kentucky,5.6,6.1,6.2,6.6,6.5,7.2,6.9,7.1,7.1,6.7,7.5,8.7,9.7,9.1,8.5,8.1,7.8,7.8
21217,Taylor County,Kentucky,5.4,6.2,6.6,7.5,7.4,8.1,7.8,9,8.3,8.4,9.8,8.6,8.4,8,8.2,9.9,8.4,8.5
21219,Todd County,Kentucky,6.1,6.7,6.8,7.5,7.4,7.8,8,9.1,8.6,7.7,9.3,8.8,9,8.4,9.9,9.8,8.8,8.2
21221,Trigg County,Kentucky,6.4,7.1,6.9,7.3,6.9,8.7,7.9,8,8.8,8.6,8.9,9.7,9.5,9,9.9,11.8,10.8,10.1
21223,Trimble County,Kentucky,6.8,7.1,7.4,7.5,8,7.8,7.9,7.8,8.1,7.1,7.5,7.7,8.6,8.3,8.1,7.4,8.1,8.1
21225,Union County,Kentucky,7.4,8,8,8.8,8.5,9.4,8.1,9.9,9.2,7.6,9.7,9.9,9.9,9.4,10.2,9.1,8.8,8.5
21227,Warren County,Kentucky,6.4,7.1,8.1,7.6,7.9,7.9,7.5,8.3,7.6,7.1,8.3,9.1,8.6,7.7,7.6,8.6,7.9,8.8
21229,Washington County,Kentucky,6.5,7.1,7.7,7.7,7.8,7.9,8,8.9,10.1,8.5,8,8.6,8.9,9.5,10.2,10.2,8.8,9.4
21231,Wayne County,Kentucky,7.5,6.4,6.5,7.8,8.1,9.1,8.8,8.8,8.4,9.6,10.5,9.9,10.7,9.2,11.6,9.7,9.7,11.1
21233,Webster County,Kentucky,7.2,6.9,6.8,7.1,7.3,8.7,9.5,9.9,9.6,9.5,9.4,10.1,9.9,8.2,8.3,8.3,8.6,9.3
21235,Whitley County,Kentucky,7.3,7.9,11.9,10.8,9.5,11.3,11,10.2,9.7,9.5,10.1,10.8,9.9,9,11.2,12.9,11.6,10.8
21237,Wolfe County,Kentucky,6.4,7.2,7.6,8.8,8.6,8.5,8.4,8.6,8,9.4,8.5,8.4,8.6,8.7,10.3,10.9,11.5,10.5
21239,Woodford County,Kentucky,5.8,6.1,5.9,7.3,7,6.6,6.9,6.6,7.7,7.3,6.7,6.8,8.2,7.3,7.1,6.9,7.3,7.4
22001,Acadia Parish,Louisiana,6.5,7,8.3,10.3,9.1,7.9,8.3,8.1,10.7,9.6,10.8,9.3,11.6,9.9,9.8,10.8,11.3,11.9
22003,Allen Parish,Louisiana,7.4,7.8,10.4,9.4,11.1,11.7,9.8,10.5,9.4,9.5,8.5,9.9,9.2,10.9,9.1,9.6,9.3,9.9
22005,Ascension Parish,Louisiana,7.5,6.9,7.8,8,8,8.1,8.3,9.5,8.8,9.3,9.5,9.6,9.5,9.3,10.5,9.4,9.2,10.7
22007,Assumption Parish,Louisiana,8.3,9.1,9,9.4,9.5,9.3,9.7,9.6,9.5,9.7,11.6,9.7,10.6,9.7,11.4,10.6,9.6,10.4
22009,Avoyelles Parish,Louisiana,7.2,7,7.9,9.7,10,11.1,10.3,12.3,12.5,11.6,11.2,10.6,10.1,11.1,11,11.8,10.8,10.1
22011,Beauregard Parish,Louisiana,8.3,8.3,8.3,9.8,9.9,10.7,9.7,11.7,11.4,9.9,9.9,8.6,9.3,9.8,10.2,10.6,10.1,9.7
22013,Bienville Parish,Louisiana,10.1,9.2,8.7,8.4,9.2,10.3,10.2,10.8,10.4,10.4,10,10.4,10.9,11.2,10,9.1,9.4,9.3
22015,Bossier Parish,Louisiana,6.6,7.1,7.7,7.9,8.4,9.4,10.7,8.7,9.6,8.5,10.2,9.7,10.1,9.7,9,9.5,9.7,10.4
22017,Caddo Parish,Louisiana,7.6,8,8.6,9.4,10.8,11.4,10.9,11,10.4,10.1,10.1,10.5,10.4,11.1,11.6,11.2,13,13.1
22019,Calcasieu Parish,Louisiana,7.4,7.5,7.5,9.2,9.9,11.5,11.5,11.4,11.4,10,10.2,10,10.7,10.3,11,10.2,12.5,10.5
22021,Caldwell Parish,Louisiana,6.6,7.1,7.2,8.3,8.9,9,8.9,10.3,9.7,8.9,9.6,9.8,9.2,9,9.3,8.7,8.2,8.5
22023,Cameron Parish,Louisiana,6,6.4,6.8,7.7,8.2,8.1,8,9.6,9,8.5,7.8,8.5,9.2,8.9,8.1,7.7,7.7,8.2
22025,Catahoula Parish,Louisiana,7.2,7.8,8,8.8,10.2,9.5,9.3,9.1,9.3,8.8,8.4,8.3,9.6,8.8,9,8.6,9,8.9
22027,Claiborne Parish,Louisiana,7.5,7.7,9.3,9.5,8.7,10.2,13.1,12.2,11.2,9.3,8.4,10.9,11.9,11.7,11.8,10.6,10.1,11.4
22029,Concordia Parish,Louisiana,6.9,7.6,8.5,8.9,9.2,8.5,9.7,10.7,12.8,11.7,10.1,10.9,10.1,10.7,11.4,11.5,11.1,12.2
22031,De Soto Parish,Louisiana,5.7,6.8,7.2,8.7,10.5,10.4,9.5,10,10.1,11.1,9.5,9.3,9.1,9.7,9.8,10.5,10.9,10.2
22033,East Baton Rouge Parish,Louisiana,7.3,8.8,8.4,9.2,8.9,10.9,11.5,11,10.6,11.6,10.9,10.9,11.5,11.3,11.5,11.2,11.2,11.2
22035,East Carroll Parish,Louisiana,6.8,7.6,8,10.1,10,9.9,10.7,14.3,15.2,13.3,11.8,9.4,9.9,9.9,9.4,9.2,9.5,9.2
22037,East Feliciana Parish,Louisiana,6.8,7.3,8.4,9.5,9.5,9.5,10.7,10.7,11.2,12.4,11.8,10,10.7,9.4,9.6,10.9,9.5,10.8
22039,Evangeline Parish,Louisiana,6.4,8.3,8.4,10.1,9.4,9.4,9.7,10.6,9.9,9.4,9.7,9.6,10.9,10.8,10.7,11.9,11,9.9
22041,Franklin Parish,Louisiana,8.1,7.9,8.2,8.1,8.6,9,9.2,12,11.8,10.8,10.1,10.8,10.2,11,9.6,8.6,8.7,8.3
22043,Grant Parish,Louisiana,7.8,7.7,7.4,8.4,7.6,9.2,9.8,11.4,10.5,9.5,8.7,10,9,9.2,8.3,9.7,9.6,9.1
22045,Iberia Parish,Louisiana,7.8,8.6,10.8,11.1,10.7,11.1,10.1,10.4,9.8,10.3,10.9,11,10.2,10.8,11,12.1,11,11.6
22047,Iberville Parish,Louisiana,7.1,7.6,9.7,9.5,9.7,9.4,10.2,10.2,9.9,9.8,9.6,9.4,9.1,10.2,11,10.7,11.4,11.5
22049,Jackson Parish,Louisiana,6.6,7.4,7.4,7.8,7.7,6.9,8,8.8,9.5,9.8,9.5,10.8,9.9,8.7,8.2,8.4,8.2,8.2
22051,Jefferson Parish,Louisiana,7.8,7.6,7.4,9.5,11,10.3,11.2,10.9,10.8,10.2,9.9,11.1,10.9,11.7,11.7,10.2,11.1,10.7
22053,Jefferson Davis Parish,Louisiana,7.1,7.2,8.4,8.8,9.1,11,10.6,10.5,10.6,10,10.8,9.5,10.2,10,9.3,9.4,8.2,7.9
22055,Lafayette Parish,Louisiana,5.4,6.8,8.1,8.5,7.6,7.5,6.3,7.1,7.4,8.9,9.5,9.9,9.7,9,10.5,10,9.7,10.4
22057,Lafourche Parish,Louisiana,8.7,8.9,10.3,10.2,10.5,11.2,11.2,9.6,8.7,9.2,9,10.3,10.2,10,11.6,12.9,12.7,11.7
22059,Lasalle Parish,Louisiana,7.8,7.3,8.9,8.8,9.1,10.1,10,9.4,9.6,9.2,9.5,10.7,10.3,10.4,10,9,9.1,8
22061,Lincoln Parish,Louisiana,6.9,7.2,7.9,9,10.7,9,9.6,9.4,10.2,9.7,8.9,9.5,9.2,9.7,9.7,8.9,9.1,8
22063,Livingston Parish,Louisiana,7.5,7.2,8.4,9.5,9.5,8.3,8.8,10,11.7,10.1,11,10.1,10,9.2,8.6,9.1,9.9,10.7
22065,Madison Parish,Louisiana,8.4,8.9,9.3,9.4,9.5,9.9,10.6,10.6,9.7,9.3,9.4,10.4,10.6,11.4,10.8,10.4,10,9.4
22067,Morehouse Parish,Louisiana,7.4,8,8.6,8.6,9.8,9.2,11.1,13.7,14.4,12.8,11.4,10.2,10.8,11,9.7,9.1,9.3,10.3
22069,Natchitoches Parish,Louisiana,7,7.8,9,10.7,10.2,9.7,11.8,10.5,10.9,10.3,10,9.8,9.1,11.2,11.4,11.8,10.7,11.1
22071,Orleans Parish,Louisiana,9.9,9.4,8.7,8.2,9.6,10.5,11.7,11.6,12,11.2,10.9,11,10.8,10.4,10,10.2,9.6,10.2
22073,Ouachita Parish,Louisiana,8,8.2,8.6,9.1,10.9,10.5,11.9,10.6,10,10,10.2,10.9,11,11.9,11.9,11.8,11.6,9
22075,Plaquemines Parish,Louisiana,7,7.8,7.6,7.7,8.5,9,9.5,9.2,8.7,8.2,7.6,8,13,12.1,11,8.7,8.9,8.8
22077,Pointe Coupee Parish,Louisiana,7.4,8,8.6,10.5,9.9,10.1,10,11.3,9.6,8.2,7.7,8.2,8.4,9,10.5,10.6,10.8,10.3
22079,Rapides Parish,Louisiana,8.1,8.7,9.1,10.5,10.6,12,12.7,12.1,11.3,11,11.5,11,10.8,13,13.4,12.7,11.9,13.7
22081,Red River Parish,Louisiana,7.4,7.6,8,8.8,8.5,9,9.2,9.5,10.6,10.1,9.9,9.1,8.8,8.6,8.3,8.4,8.7,8.3
22083,Richland Parish,Louisiana,7.3,7.6,8.4,9.9,9.2,8.4,9.4,10.1,10.8,10.3,10.7,11.2,11.7,12,11.1,9.6,9.5,10
22085,Sabine Parish,Louisiana,7.5,8.1,9.4,9.2,10.1,10.1,11.4,9.9,11.1,10.8,9.4,8.8,10.5,8.7,9.2,8.7,8,9.1
22087,St. Bernard Parish,Louisiana,8,8.1,7.5,7.9,8.2,9.3,8.8,10.2,10.6,10.5,13.9,12.9,12.3,11.2,10.2,9,11.4,11.9
22089,St. Charles Parish,Louisiana,7.4,6.9,8.4,8.2,8.3,8.1,8.5,9.2,8.7,8.3,8.9,8.1,8.6,7.2,8.9,9.6,8.4,9.4
22091,St. Helena Parish,Louisiana,8.2,8.4,9.6,10.6,10,9.9,10.3,10.7,13.6,12.4,11.8,10.3,9.5,9,9.2,8.6,9.1,9
22093,St. James Parish,Louisiana,7.9,8,8.9,9.6,9.1,9.1,9.8,10.2,10,9.7,10.3,9.7,9.6,8.8,9.4,10.1,11.6,11.6
22095,St. John The Baptist Parish,Louisiana,8.2,9.2,9,10,9.7,10.8,9.9,10.4,12.1,11.3,10.5,10,9.3,8.9,10.5,10.8,10.6,11.1
22097,St. Landry Parish,Louisiana,9.9,9,10.6,10.4,10.7,12.4,11.2,12.9,12.3,11.5,10.8,11.1,10.8,10.3,12,11.4,10.6,9.6
22099,St. Martin Parish,Louisiana,8.4,7.8,9.8,10.1,10,9.2,10.1,10.3,10,8.8,7.6,10.1,10.7,10.7,9.7,10.7,10.1,10.9
22101,St. Mary Parish,Louisiana,7.3,7.6,9,10.8,11.3,10.6,11.1,11,12.6,12.8,10.9,10.2,11.2,11.7,12.4,12.9,12.8,13
22103,St. Tammany Parish,Louisiana,5.6,6.2,7.4,7.1,7.2,8,8.7,8.5,8.3,8,7.4,7.6,8.5,9.4,9.7,8.7,8.6,9
22105,Tangipahoa Parish,Louisiana,7.7,8.4,10,10.4,9.8,10.7,9.6,11.1,11.5,10,10.2,9.6,8.6,9.1,11.4,11.6,11.3,11.2
22107,Tensas Parish,Louisiana,6.8,7.2,8.7,11.3,10.3,9.9,10.3,9.6,11,9.8,9,10.6,9.4,9.8,9.3,9.4,9.5,9
22109,Terrebonne Parish,Louisiana,9.1,8.1,8.4,9,10.9,12.6,11.9,13,11.5,11.4,10.3,11.1,11,10.7,11,10.7,14.2,13.5
22111,Union Parish,Louisiana,5.9,7.4,7.5,9.1,9.5,9.9,10,10.5,10.4,11.2,10.6,8.8,10,11.3,10.9,9.6,8.5,8.2
22113,Vermilion Parish,Louisiana,8.5,8.7,8.8,8.7,8.9,11.1,8.6,10.8,9.9,9.1,8.8,8.5,9.1,8.6,8.2,8.9,8.5,10.1
22115,Vernon Parish,Louisiana,8.3,8,8.2,8.6,8.8,9.4,10.1,11.6,11.2,10.5,13,12.7,13.1,10.7,12.1,11,10.4,11.7
22117,Washington Parish,Louisiana,9.4,9.1,10.3,10.7,11.9,12.7,12.9,14.6,13.2,12.3,12.2,14.8,13.4,16,15.1,13.2,13.1,14
22119,Webster Parish,Louisiana,6.7,7.3,8.1,9.8,11.2,11.1,11.1,10.5,11.2,10.1,8.4,9.5,9.4,9.5,11.1,11.3,11.2,10.9
22121,West Baton Rouge Parish,Louisiana,7.7,7.8,8.4,8.6,8,9.1,9.4,9.9,12.1,10.1,10.5,9.6,10.3,8.7,9.3,9.8,10.7,9.1
22123,West Carroll Parish,Louisiana,7.6,7.6,8.8,10.1,10,9.7,9,14.5,13.9,12.5,11.1,11.1,10.5,9.5,9.7,9.4,9.6,9
22125,West Feliciana Parish,Louisiana,7.4,8.4,8.3,9.5,9.4,10.5,9.8,10.1,10,9.2,8.3,8.2,9.1,8.5,8.4,8.9,8.8,8.4
22127,Winn Parish,Louisiana,7.5,8.2,8,9.3,8.7,8.8,9.6,10.6,10.2,8.8,9.4,9.9,12.4,10.9,9.9,8.6,9.1,8.6
23001,Androscoggin County,Maine,6.9,6.6,6.3,7.6,7.1,8.2,8.6,8.7,9.5,9.7,9.4,10,9.4,9.4,10.1,9.3,9.5,8.7
23003,Aroostook County,Maine,7.5,8.7,9.1,10,9.4,10.1,10.8,11.4,11.3,10.6,9.8,9.1,10,9.3,11.3,10.9,10.2,10.8
23005,Cumberland County,Maine,5.6,5.3,5.5,5.7,6.8,6.4,6.4,6.5,6.6,6.4,6.9,7.1,7.7,6.9,6.8,6.5,6.8,6.4
23007,Franklin County,Maine,5.5,6,5.3,6.1,6,6.1,6.7,7.4,7,6.8,7.7,7.5,6.4,7.3,7.7,8.1,7.1,7.4
23009,Hancock County,Maine,5.4,6.1,5.8,5.8,6,6.1,7.2,7,6.9,6.6,6,6.5,6.1,6.5,7,7,6.5,6.6
23011,Kennebec County,Maine,6.3,6.3,6.4,6.9,7.7,7.9,7.6,7.9,8.8,8.7,8.7,8.5,8.4,8.5,8.2,8.4,9.1,9.2
23013,Knox County,Maine,6,6.5,5.6,5.9,6.4,6.8,7.5,7.4,6.6,5.7,5.1,5.6,5.4,6.6,6.2,6.7,7.3,6.4
23015,Lincoln County,Maine,4.5,5.1,4.9,5.2,5.3,5.9,6.5,6.7,6.6,6.7,6.2,6.5,6.4,6,7.2,6.5,6.5,6.2
23017,Oxford County,Maine,6.8,6.6,5.6,5.9,6.2,7.3,8.3,8.3,7.8,7.7,8.8,7.7,7.7,7.5,8.3,8.1,8.1,8.9
23019,Penobscot County,Maine,7.1,8.2,7.8,7.4,8.3,8.6,9.8,9.4,9.2,9.2,8.9,8.2,9.4,9.7,9.9,10.8,9.8,9.3
23021,Piscataquis County,Maine,5.6,7,6.6,6.6,6.6,7.5,8.3,8.9,9,8.5,8.5,7.5,7.5,8,9.6,10,9,8.7
23023,Sagadahoc County,Maine,5.9,6.3,5.9,5.9,6.4,6.7,7,7,7.4,7.4,7.2,7.2,6.6,6.4,6.8,7.3,8.2,8.4
23025,Somerset County,Maine,8.5,7.9,8.5,8.5,9.8,10,9.2,9.5,9.6,9.6,8.9,8.4,9.8,9.4,9.1,9.9,10.1,9.7
23027,Waldo County,Maine,6.1,6.8,7.6,8.6,7.4,8.2,8,8.2,8,7.7,7.3,7,7.2,8.4,8.6,7.5,6.9,7.2
23029,Washington County,Maine,6.6,7.4,6.5,7.6,8.1,9,9.3,9.1,8.4,8.1,8.6,9.8,9.5,8.2,8.2,9,8.8,9.5
23031,York County,Maine,6.9,6.1,6.6,6.8,6.7,7,7.2,7.6,8.1,8,7.5,7.5,7.9,7.9,7.6,7.9,7.5,8.3
24001,Allegany County,Maryland,7.5,7.9,8.6,10.3,12,12,11.9,9.6,9.4,10.8,10,11.1,12.8,11.6,10.9,11.4,10.4,10.2
24003,Anne Arundel County,Maryland,6.9,7.8,7.9,7.4,7.6,7.5,8.6,8.8,9.1,8.5,8.5,8.2,8.4,8.8,9.1,9.5,8.7,9
24005,Baltimore County,Maryland,5.8,6.4,7.4,7.7,8.1,8.3,8.9,8.7,9,8.8,9.2,9.3,9.3,9.2,9.9,9.7,9,9.7
24009,Calvert County,Maryland,6.1,6.6,6.2,6.4,7.7,8,8.2,8.7,8.4,7.1,7.9,8,9.3,9.4,9.9,9.7,9.2,10.7
24011,Caroline County,Maryland,6.9,8,9.2,10.4,10.8,11.1,10.9,10.2,9.3,10.3,10.1,10,10.9,11.1,12.8,12.5,12.7,12.3
24013,Carroll County,Maryland,5.7,6.4,6.1,6.4,6.5,7.6,8.1,7,7.2,7,7.8,8.2,8,7.9,7.7,8.4,8.3,8
24015,Cecil County,Maryland,5.7,6.4,7.2,8.2,7.5,9.2,8.3,9.2,9.3,9.1,9.8,9.1,9.8,9.1,9.2,9,9.3,9.5
24017,Charles County,Maryland,5.9,6.6,7.3,8.7,9.2,9.6,9.6,9.9,10.3,9.3,10.9,11,11.2,10,10.8,11.6,11.7,11.5
24019,Dorchester County,Maryland,6.9,6.9,8.7,8.4,9.8,9.9,10.7,11.2,12.9,11.3,12.7,12.6,13.2,12.9,13.1,13.7,13.4,11.2
24021,Frederick County,Maryland,5.8,6.9,6.4,7,7.6,7.7,7.7,8.4,8,8,8.2,8.5,8.3,8,8.6,8.2,8.8,8.3
24023,Garrett County,Maryland,7.4,7.6,7.4,8.6,9.3,9.6,9.6,8.6,9.3,10,8.6,9.7,9.5,9.6,9.9,9.5,9.4,10.4
24025,Harford County,Maryland,6.5,7,7.6,8.5,7.9,7.8,8.1,8.9,8,8.6,8.2,9,9.7,8.9,9.8,9.6,9.2,9.8
24027,Howard County,Maryland,5.3,5.8,6.3,6.3,6.5,6,6.5,7,7.1,6.9,6.1,7.3,7.3,7.4,6.8,7.2,7.2,6.9
24029,Kent County,Maryland,6.2,7.9,7.9,8.8,8.5,8.6,8.5,8.1,8.1,7.2,6.5,6.9,8,8.5,8.6,8.7,9,8.9
24031,Montgomery County,Maryland,5,5,5.1,5.7,5.9,6.4,6.4,6.3,6.6,6.9,6.7,6.8,6.6,6.8,7.4,7.2,6.8,6.5
24033,Prince George's County,Maryland,8.2,8.5,9,10.4,10.4,10.9,11.5,11.2,11.9,11.1,11.5,11.6,12,12.1,12.3,12.4,11.9,11.4
24035,Queen Anne's County,Maryland,5.3,5.7,5.9,5.6,6.6,7.2,7,7,8,7.2,7.6,7.6,7.9,7.7,7.5,7.7,7.7,7.7
24037,St. Mary's County,Maryland,6.8,6.4,5.9,8.7,8.6,9.1,9,8,8.7,9.2,9.8,9.8,10.3,10.5,10.5,10.5,10.5,10.8
24039,Somerset County,Maryland,7.3,8.2,9.1,10.8,12.5,11,10,9.5,11.4,11.7,12,11.3,11.6,11.3,13,12.2,11.9,12.1
24041,Talbot County,Maryland,6.1,5.5,6.3,6.7,7.1,7.1,7.4,7.3,7.7,8.4,7.9,7.2,8.1,7.7,7.1,7.6,7.5,6.9
24043,Washington County,Maryland,6.5,7.2,8.9,9.4,9.6,9.9,9.6,10.1,10.6,10.6,10.8,10.4,10.6,11.3,11.9,11.1,10.6,11.7
24045,Wicomico County,Maryland,7,7,7.7,7.8,8.5,9.4,10,9.5,10,10.1,11,11.1,10.7,10.3,11.4,11.1,11,10.8
24047,Worcester County,Maryland,7,7,6.4,7,6.4,7.4,8.7,9.2,9.8,8.3,10.1,8.7,9.5,8.4,9.3,9.4,9.7,10.3
24510,Baltimore City,Maryland,10,10.5,10.3,11.1,11.6,11.5,11.3,12.5,12.5,11.4,11.7,11.8,12.2,11.8,12.4,11.9,12.5,11.6
25001,Barnstable County,Massachusetts,4.8,5.3,5.4,5.6,6,6.1,6,6.2,6.4,6.2,5.9,5.4,6.2,6.1,6.6,6.3,6.1,6.9
25003,Berkshire County,Massachusetts,5.2,5,5.2,6.2,6.8,7.4,7.2,6.5,6.7,7.4,7.8,7.2,7.1,7.5,8.1,8.9,8.1,7.4
25005,Bristol County,Massachusetts,6.8,7.7,7.3,8.6,8.9,9.7,9.7,9.3,9.3,9.1,9.9,9.7,9.3,8.9,8.2,7.8,7.7,8.3
25007,Dukes County,Massachusetts,5.8,5.4,5.2,5.3,7.3,7.4,7,5.9,5.4,5.5,6.3,6.3,6.2,6.2,6.9,6.8,7.1,6.3
25009,Essex County,Massachusetts,6.2,6.8,6.8,7.2,7.8,8,8.3,7.8,8.5,8.3,8.9,8.1,8.6,8.1,8,7.4,7,7.4
25011,Franklin County,Massachusetts,5.1,5.6,5.9,6.1,6.2,6.2,6.3,7.3,7.2,6.3,6.9,7.3,8.5,7.9,6.8,7.3,6.7,6.7
25013,Hampden County,Massachusetts,8,9.1,8.2,8.9,9.1,9.5,9.7,9.8,9.9,10,10.2,9.6,10,9,8,7.9,8.5,10.2
25015,Hampshire County,Massachusetts,5,5.4,6.1,6.3,7,6.3,5.9,6.4,6,5.7,6.7,6.7,6.6,5.8,6.2,5.5,6.2,6.1
25017,Middlesex County,Massachusetts,5.1,5.6,6.7,7,6.9,7.3,7.3,8,7.7,7.3,7.4,7.3,7.1,6.6,6.3,6.3,6.5,6.6
25019,Nantucket County,Massachusetts,5.4,5.8,5.9,6.6,6.7,7.1,7.1,6.9,6.3,6.2,7.5,7.2,7.4,6.5,6.7,7,7.1,6.8
25021,Norfolk County,Massachusetts,5.1,5.5,5.5,6.8,6,6.6,6.6,6.8,6.5,7,7.5,7.4,6.7,7.5,7,7.3,7,6.8
25023,Plymouth County,Massachusetts,6.2,6.4,6.8,7.1,7.2,7,7.5,8.7,8.5,8.3,9,8.5,9.1,8.6,8,7.8,6.6,5.9
25025,Suffolk County,Massachusetts,6.6,7.3,8.6,9.1,8.5,8.4,9,9.2,8.6,8.3,8.4,8.5,8.6,9,8.4,8.4,8,8.1
25027,Worcester County,Massachusetts,6.3,6.5,7,7.6,7.6,7.7,8.3,7.8,7.9,8.4,8.7,8.4,8.3,8.1,8,7.8,8.1,8.2
26001,Alcona County,Michigan,5.9,8.2,8.1,7.1,6.7,6.8,7.2,8,7.7,7.1,7.4,7.1,7,6.6,7.2,6.9,7.9,7.6
26003,Alger County,Michigan,5.8,5.9,6.4,6.7,6.6,7,7.3,7.7,7.3,7.1,6.8,6.9,7.8,7.7,7.4,7.4,7.5,6.8
26005,Allegan County,Michigan,7.2,6.5,6.8,6.7,6.7,7.1,6.9,6.8,7,7.3,8.1,8.3,7.1,7.1,7.3,8.6,8.1,8.4
26007,Alpena County,Michigan,6.2,5.7,6,6.5,6.5,7.9,6.9,8.5,8.6,7.5,7.4,7.8,8.2,7.7,6.6,7.9,8.2,7.7
26009,Antrim County,Michigan,5.3,5.9,5.7,6.8,7.4,7.1,6.4,6.4,6.4,7,8.1,7.2,7.3,6.6,6.4,8,7.3,7.3
26011,Arenac County,Michigan,6.1,6.9,6.6,6.7,7.2,7.7,7,7.1,7.2,9.1,8.3,7.2,8.5,7.8,7.8,6.9,6.6,6.8
26013,Baraga County,Michigan,6,6.5,6.5,7.1,7.5,7.7,7.7,9,8.3,7.9,7.2,7.7,8.5,8.6,7.7,7.7,7.6,7.3
26015,Barry County,Michigan,6.9,7.3,7.3,7.3,6.9,6.8,7.4,6.9,7.8,6.5,6.8,8.1,9.1,10.7,8.4,8.3,8,7.8
26017,Bay County,Michigan,6.5,8.5,9.4,9.7,7.9,8.2,8.9,8.1,7.9,8.1,8.7,7.9,8.1,7.2,8.3,9.2,9.9,10.3
26019,Benzie County,Michigan,6.5,6.3,6.7,6.6,6.8,7.3,6.4,6.9,7.7,8.2,7.6,7.6,7.6,8,7.8,7.5,8,7.7
26021,Berrien County,Michigan,6.6,5.9,7.5,7.6,9.2,8.9,9.3,8.9,11.3,9.9,8.9,8.1,9.2,8.9,8.3,8,7.8,9.7
26023,Branch County,Michigan,6.7,6.4,6.2,6.4,6.1,8,7.9,8.4,8.5,7.6,6.7,7.6,8,7.4,7.8,7.7,9.4,9.2
26025,Calhoun County,Michigan,7.1,8.7,7.7,7.8,7.9,9,10.1,9.6,9.8,9.7,10.3,9.3,10,10.6,11,11.5,10.5,9.8
26027,Cass County,Michigan,6.7,6.1,6.3,6.4,6.3,7.2,7,6.5,9.9,7.8,7.5,8.1,9,9.6,8.9,9,8,9
26029,Charlevoix County,Michigan,5.8,6.3,6.7,7.1,7.7,7.1,7.7,7,7.2,5.8,6,7.3,7.2,6.9,7.3,6.2,6.4,6.9
26031,Cheboygan County,Michigan,5.8,5.3,5.9,7.2,7.3,7.8,7.7,7.2,7.9,7.5,7.3,8.4,8.4,7.7,8.8,8.4,8.2,7.3
26033,Chippewa County,Michigan,6.2,7.9,7.5,8.6,7.8,8.2,9.8,10.2,10.6,10,10.4,9.4,8.6,9,9.2,9,9.3,9.8
26035,Clare County,Michigan,7.1,7.7,7.6,7.4,7.2,8,8.9,9.3,7.8,8.3,8.6,9.1,9.9,9.5,9.2,9.4,10.3,9.3
26037,Clinton County,Michigan,6.5,6.6,6,6,7.5,7.7,7.6,6.7,7.9,6.8,8.8,7,8.8,8.5,8.4,8.7,9.2,8.2
26039,Crawford County,Michigan,5.5,6.1,6.8,7.1,7.1,6.6,7,7.1,7.4,7.2,6.3,6.7,7.7,7.7,8,7.1,6.9,6.9
26041,Delta County,Michigan,5.7,5.3,6.4,7.2,7.2,7.9,7.3,8.4,8.5,8.2,8.9,8.2,9.9,8.7,9.6,10.3,9.4,9.8
26043,Dickinson County,Michigan,6.2,7.2,6.1,6.5,6.6,6.7,6.9,7.2,8.1,9.3,8.4,8.2,7.5,7.1,7.3,6.9,7.3,7.2
26045,Eaton County,Michigan,5.7,5.7,7.2,6.8,7.5,6.5,7.4,8.3,8.5,9,8.8,9.1,7.3,8,8.2,8,7.4,9.1
26047,Emmet County,Michigan,6.2,7.8,7,6.6,6.3,6.2,6.8,7.1,7.2,6.1,6.1,6.3,7.4,6.6,5.6,5.4,6.6,6.6
26049,Genesee County,Michigan,8.1,8.2,9.5,10.2,10.8,10.4,10.3,11.3,11.6,10.9,10.2,9.9,10.4,11.4,10.5,11.5,11.9,11
26051,Gladwin County,Michigan,5.8,7.9,7.4,8.7,8.2,7.3,7.2,7.7,8.8,8.2,8.3,8.6,8.7,9,7.3,8.7,8.4,8.1
26053,Gogebic County,Michigan,6.1,6.3,5.9,6.8,6.6,6.5,6.7,7.2,7.2,7.2,7.3,7.3,8,7.4,8.2,8.4,8,7.3
26055,Grand Traverse County,Michigan,5.2,5.5,6.2,6.1,6.6,6.1,6.5,7.2,7.3,6.8,6.9,6.7,7.3,6,6,7,7.3,6.3
26057,Gratiot County,Michigan,5.8,6.7,6.6,8,8,7.8,7.7,8.9,8,7.7,7.3,7,7.4,7.2,8.2,9.1,8.2,7
26059,Hillsdale County,Michigan,6.2,8.5,8,7.1,6,7.3,8.8,8.6,7.6,7.5,8.8,9.2,8.3,8.8,7.5,7.6,7.5,7.7
26061,Houghton County,Michigan,5.8,6,6.5,7.7,8.1,7.1,7.3,7.3,7.1,8.1,7.5,7.4,6.3,7.8,7.4,7.8,7.7,7.5
26063,Huron County,Michigan,5.3,5.1,5.9,5.8,6.3,6.6,6.3,7.2,7.5,7.6,6.5,6.4,8.6,8.2,8.3,7.8,8.4,8.7
26065,Ingham County,Michigan,5.6,8.4,8.3,8.1,7,7.7,7.8,8.4,7.5,9.1,9.1,8,8.6,9.8,8.4,8.9,8.4,8.7
26067,Ionia County,Michigan,5.7,8,7.2,7.3,7.1,8.3,8.6,7.4,9,7.6,8.2,8.1,9.2,8.9,8,8.9,9.8,8.2
26069,Iosco County,Michigan,6.1,6.4,7.2,7.7,6.3,6.6,7.4,7.4,9.2,7,7.3,7.6,9.8,8.8,8.9,8,8.5,9.1
26071,Iron County,Michigan,5.9,5.4,5.5,6.2,6.6,7,7.2,7.5,7.6,7.9,7.6,7.1,6.8,6.7,7.5,7.6,7.3,6.9
26073,Isabella County,Michigan,6.2,6.2,6.9,7.3,6.4,6.7,7.5,8,7.9,8.2,8.1,8,7.9,7.3,8.2,9.5,8.2,7.8
26075,Jackson County,Michigan,7,6.5,6.7,6.8,8.7,8.2,8.4,7.9,9.5,8.6,9.2,9,9.2,10.4,9.8,9.4,9.5,10
26077,Kalamazoo County,Michigan,6.6,6.3,5.9,7.6,8,8.9,8.3,9,8.2,6.9,7.4,8.4,8.6,9.4,9,9.5,8,7.8
26079,Kalkaska County,Michigan,6.8,7.1,7.2,8.1,8,8.8,9.1,9.3,8.7,9,9.1,8.3,10.1,9.1,9.2,9.3,8.7,8.6
26081,Kent County,Michigan,6.5,7.4,7.9,7.3,8,8.2,8.6,8.9,9,8.7,8.5,9,8.2,8.1,8.5,9,9.1,8.5
26083,Keweenaw County,Michigan,5.7,5.9,6.4,6.3,6.4,6.6,7,7.4,7,6.4,6.5,6.5,6.4,6.6,6.8,6.5,6.6,6.8
26085,Lake County,Michigan,6.8,7.1,7.3,8.3,8.1,8.3,8.4,8.3,8.2,7.7,8,7.7,8.1,8,8,8.4,9.4,8.2
26087,Lapeer County,Michigan,5.6,6.9,7.3,8,7.2,7.4,7.4,7.1,7,7.4,8.4,7.7,7.8,7.1,6.8,7,8.3,9.1
26089,Leelanau County,Michigan,6.6,6.8,6.5,7.3,6.8,6.5,7.6,6.6,6.6,6.1,8.6,7.7,7.1,6.9,7,6.3,6.6,6.8
26091,Lenawee County,Michigan,7,6.4,7.9,7.8,7.4,8.4,7.8,10,9.3,9.7,8.6,8.7,9.3,8.9,9.4,8.2,10.3,9.1
26093,Livingston County,Michigan,5.9,5.7,5.8,6,6.7,6.5,6.9,6.6,6.4,7.7,6.7,7.2,6.3,7.1,6.4,7.3,7,6.4
26095,Luce County,Michigan,6.9,7.4,7.9,8.4,8,7.9,8.3,11.2,10.6,10,8.6,8.2,7.5,7.9,8.4,8,8.1,8.4
26097,Mackinac County,Michigan,6.8,7,7.4,8.9,7.8,8.2,8.2,9.2,9.6,8.3,7.9,7.6,8.5,8.2,8.2,9.2,9.3,7.7
26099,Macomb County,Michigan,7.4,7.7,7.3,7.8,8.1,8.5,9.4,9.5,9.2,8.2,8.5,8.9,9.4,9.4,10.2,9.8,10,9.3
26101,Manistee County,Michigan,5.6,6,6,6.5,7.2,6.7,6.7,7.8,8.4,7.9,6.7,5.9,8.5,6.7,8.1,7.6,7.6,8.2
26103,Marquette County,Michigan,6.1,6.5,6.6,6.7,6.4,6.9,6.9,7.9,8.5,7.9,8,7.9,7.3,7.6,7.5,7.7,7,6.7
26105,Mason County,Michigan,6.4,6.3,5.8,5.9,6.3,7.2,7.6,8.5,8.7,6.9,7.2,7,7.9,8.5,8.4,7.6,7.7,9.6
26107,Mecosta County,Michigan,6.5,7.1,7.4,6.2,6.8,7.8,8.3,7.8,7.3,8.2,7.4,7.1,7.1,6.1,6.5,7.2,8.2,7.3
26109,Menominee County,Michigan,6.4,6.6,6.7,7.1,7.3,6.9,6.7,8.3,8.8,6.8,6.2,7.2,7.3,7.3,7.4,8.1,7.3,7
26111,Midland County,Michigan,6.7,5.8,6.8,7.7,7.6,7.6,7,7.8,7.7,7.8,6.8,8,8.5,9.1,7.4,6.7,6.2,8.5
26113,Missaukee County,Michigan,6,6.1,6.6,7.3,7.1,8.3,7.9,7.7,7.3,7.1,8,7.2,7.9,8.9,9.6,7.9,7.3,7.8
26115,Monroe County,Michigan,6.1,6.7,6.7,8,8.7,9.4,9.1,8.6,8.7,9.6,8.9,8.5,8.3,8.7,8.4,8.1,8.9,9.3
26117,Montcalm County,Michigan,6,6.7,7,7.5,9,8.6,7,7,7.1,8,8.9,8.6,9.9,8.7,9.5,8,8.3,8.1
26119,Montmorency County,Michigan,6.2,6.4,7.1,7.4,7.9,7.8,8,9.5,8.9,7.5,7.4,8.1,9.2,8.2,8.7,9.1,8.4,8.3
26121,Muskegon County,Michigan,8.4,8.9,8.7,9.7,10.1,9.2,9.2,10.9,11.4,9.5,10.4,8.8,9.9,10.4,11.4,10,10.1,10.5
26123,Newaygo County,Michigan,5.9,6.7,7.2,7.6,8.7,9.4,10.1,9.2,8.3,8.1,7.1,6.8,6.6,7.8,8.5,8.8,7.7,7.4
26125,Oakland County,Michigan,5.6,6.4,6.5,6.6,8.1,8.6,8.3,7.9,8,8.2,8.2,7.7,7.5,7.6,7.9,8,8.2,6.9
26127,Oceana County,Michigan,6.6,6,6.5,6.8,7.6,8.6,9.3,8.6,8.7,9.1,8.2,7.4,8.1,9.2,9.6,11.4,10.3,8.2
26129,Ogemaw County,Michigan,5.4,6.2,6.7,6.7,7.1,6.7,7.7,7.9,8.3,8.4,8.5,8.2,8.4,8.5,8,8.6,8.8,7.4
26131,Ontonagon County,Michigan,5.9,6.4,6.4,6.8,6.8,7.1,7.1,7.2,6.9,6.9,7.2,6.9,6.7,6.7,6.7,6.8,7.1,7.4
26133,Osceola County,Michigan,6,6.9,6.9,6.6,6.2,6.9,8.1,7.4,8.1,6.9,6.9,6.4,7.6,7.2,8.7,7.5,7.6,7.7
26135,Oscoda County,Michigan,6.2,6.7,7.3,7.4,8.1,7.9,8.1,8.9,8.5,8.5,7.8,8.2,7.9,7.9,7.7,8.9,8.3,7.4
26137,Otsego County,Michigan,5.9,6.1,6.7,6.2,6.3,6.4,7.4,8.1,8.1,7.7,7.2,7.1,7.2,7.7,7.6,7.1,7,6.9
26139,Ottawa County,Michigan,5.8,6.3,6.7,7.3,7.7,7.2,8,7.2,6.9,6.9,6.9,6.2,7.4,7.9,7.5,7.8,8.1,7.6
26141,Presque Isle County,Michigan,6.3,6.1,6.2,6.6,7.1,7.4,7.4,7.9,7.7,8.1,7.9,7.9,7.2,7,8.5,7.8,7.6,7.7
26143,Roscommon County,Michigan,7.6,7,7.2,7.2,7.1,8.8,10.1,10.9,10.1,10.2,8.9,8.4,9.5,7.9,8.3,8.3,8.1,7.4
26145,Saginaw County,Michigan,7.3,9.1,8.4,8.7,9.1,10.2,9.6,9.7,9.7,10.5,10.1,8.5,8.9,9.4,9.9,9.6,10.3,11.2
26147,St. Clair County,Michigan,6.3,6.2,7.5,6.7,7.6,7.3,8.7,7.9,7.5,9.3,8.6,8.9,8.4,7,7.7,8.3,8.9,8.7
26149,St. Joseph County,Michigan,7.3,7.7,7.5,7.3,7.2,8.3,8.1,6.9,7.5,7.9,7.7,7.3,9.9,8.8,10,10,9.1,7.7
26151,Sanilac County,Michigan,6.2,6.8,7,7.7,8,8.3,8.5,7.9,7.3,7.2,7.7,8.3,9.2,8.5,8.2,9.5,8.2,8.1
26153,Schoolcraft County,Michigan,5.8,6.7,6.5,7.2,7.1,7.1,7.2,6.9,7.1,7.7,7.3,8,7.7,7.2,6.9,7,7,6.7
26155,Shiawassee County,Michigan,6.1,5.9,6.1,6.1,7.5,8.3,8.1,7.6,7.1,7.6,9.5,9.2,9.2,8,7.5,6.5,7.2,7.3
26157,Tuscola County,Michigan,5.1,8.3,7.2,6.7,6.6,6.9,8.2,8,8.2,9.5,9.1,8.2,7.5,6.5,8,8.1,7.8,8.2
26159,Van Buren County,Michigan,5.5,6.9,6.8,7.2,7.4,7.5,8.3,8.6,9.6,8.4,8.6,8.5,9.5,9.7,9.1,8.4,8.7,8.7
26161,Washtenaw County,Michigan,5.7,6.4,6.6,6.9,7,7.6,8.4,7.3,6.9,6.3,7.3,8.3,7.6,6.5,7.7,6.8,7.6,7.3
26163,Wayne County,Michigan,9,9.4,10.4,10.6,10.7,10.7,11.9,12.1,11.4,11.1,11,10.3,10.1,10.7,11.1,10.7,10.5,10.9
26165,Wexford County,Michigan,5.4,6.3,6.3,6.7,7.3,6.5,7.3,8.2,8.1,8.5,7.6,8.4,7.6,8.2,9.8,9.6,8.1,7.3
27001,Aitkin County,Minnesota,5.7,5.9,6.1,6.6,7.2,7.5,7.3,6.9,7,6.7,8.1,8.6,8,7.6,7.6,7.4,7.3,8.3
27003,Anoka County,Minnesota,6.2,5.5,6.8,7.1,7.2,8.4,7.3,8,7.1,7.4,7.6,7.7,8.1,7.8,7.7,8.7,8.5,8.1
27005,Becker County,Minnesota,5.9,6,6.6,6.7,7.9,7,6.8,6.5,6.3,6.2,7.2,7.8,7.6,6.7,6.1,7,7.3,8.1
27007,Beltrami County,Minnesota,5.6,5.9,6.1,6.6,6.7,6.7,6.9,7.4,7.3,8,8.4,8.5,8.9,8.1,8.8,7.6,9.1,10.1
27009,Benton County,Minnesota,5.8,5.5,5.7,6.6,6.5,7.3,9.3,8.6,9,7.5,7,6.8,8.1,9.1,8.5,8.1,8.3,8
27011,Big Stone County,Minnesota,5.7,5.8,6,6.2,6.5,6.8,7,6.9,6.9,6.2,6.4,6.4,6.7,6.9,7.5,6.7,6.4,7.3
27013,Blue Earth County,Minnesota,5.4,5.4,6.5,6.6,6.6,7.5,7,6,6,5.6,6.8,6.2,6.5,7.8,8.5,7.4,7.8,7.7
27015,Brown County,Minnesota,6.3,6.4,6.3,6.2,7.2,7.8,7.2,6.9,6.9,6.9,6.3,8,7.7,6.7,8.6,7.6,8,9.4
27017,Carlton County,Minnesota,7,6.6,7.1,6.6,7.9,7,7.6,6.7,8,6.4,8.8,7.8,8.5,8.4,8.3,7.7,8.9,10.1
27019,Carver County,Minnesota,4.5,4.8,5.4,7,6.2,5.6,7.1,6.7,7,6.1,6.1,5.5,6.2,6.9,6.8,8,7.9,6.8
27021,Cass County,Minnesota,6,5.9,6.3,6.5,6.6,6.2,6.6,8.1,8.1,7.5,6.8,7.2,7.3,8,7.7,7.9,7.5,7.8
27023,Chippewa County,Minnesota,5.2,5.7,6,6.1,6.3,6.7,7,7.4,8.3,7.3,6.7,6.9,6.7,7.2,9.2,9.1,9.5,9.6
27025,Chisago County,Minnesota,5.9,6.3,7.2,5.9,7.5,7,7.3,7.7,7.9,7.4,7.3,7,6.8,7.4,7.6,8.6,7.6,7
27027,Clay County,Minnesota,5.6,5.6,5.3,6.1,6.9,6.5,7.9,8,8.2,6.7,5.8,5.9,6,7,7.2,6.9,6.9,7.4
27029,Clearwater County,Minnesota,5.6,6,6.1,6.4,6.5,7.1,7.3,8,7.3,7.2,8.2,6.7,6.5,6.8,8.4,7.4,7.4,8.8
27031,Cook County,Minnesota,5.5,6.2,6.4,6.6,6.5,6.9,7.1,7.3,7.4,6.7,6,6.6,6.8,6.5,7.4,6.4,7,7.8
27033,Cottonwood County,Minnesota,5.4,5.6,5.9,6.3,6.9,7.1,7.1,6.4,7.1,7.5,7.3,8.5,8,7.8,7.3,8.2,8.2,8.2
27035,Crow Wing County,Minnesota,5.7,6,5.3,5.6,6,5.8,6.4,7.1,7.2,7.9,8,8.1,8.4,6.8,6.9,6.9,7.8,7.2
27037,Dakota County,Minnesota,5.7,5.8,6.1,6.2,6.3,6.5,6,6.1,5.5,6.5,6.6,6.8,7.2,6.7,7.1,7.3,7.4,7.6
27039,Dodge County,Minnesota,5.3,5.8,6.4,6.2,7.4,6.7,7,7,6.8,6.1,8.5,8,8.1,8.9,7.4,7.2,8.2,8
27041,Douglas County,Minnesota,5.7,6.1,5.9,6.6,6.4,7.1,6.5,6.5,6.5,5.5,5.6,5.6,6.5,6.8,7.4,7.3,6.4,6.3
27043,Faribault County,Minnesota,5.8,6.4,7.1,6.7,6.7,6.6,6.9,6.7,6.9,6.2,6.5,5.4,7,6.8,7.4,6.4,7.2,8.2
27045,Fillmore County,Minnesota,4.9,5.4,5.6,6.5,6.3,6.6,6.5,6.1,6.6,6.4,6.4,7.2,7.1,6,5.1,8.4,8.9,7.7
27047,Freeborn County,Minnesota,6,6.1,5.6,6.4,6.3,6.8,7.3,8.4,7.3,6.8,5.7,6.4,7.1,6.9,6.4,6.8,7.2,7.7
27049,Goodhue County,Minnesota,4.8,5.8,5.4,6.1,6.3,8.2,7.1,6.9,7.4,8.4,7.3,6.7,6.7,6.8,6.9,6.6,6.9,6.8
27051,Grant County,Minnesota,5.6,6.4,6.2,6.3,6.5,6.6,6.9,7,6.7,6,6.8,6.5,7.6,7.2,6.9,6.6,6.4,6.7
27053,Hennepin County,Minnesota,4.3,5,5,5.7,5.3,5.4,5.7,6.7,6.3,6.5,6.6,6.6,6.4,6.2,6.6,6.8,7,7.1
27055,Houston County,Minnesota,6.4,6.4,6.3,6.3,6.2,7,7.2,6.4,6.6,6,7.9,6.9,6.4,6.9,6.9,6.9,7.1,6.6
27057,Hubbard County,Minnesota,5.6,6.2,6,6.4,6.4,7.5,6.4,7.2,6.7,6.6,5.6,6.3,6.6,7,7.8,7.4,7.5,7.1
27059,Isanti County,Minnesota,5.8,5.9,7.2,6.2,7.2,6.5,7.8,8.2,7.5,6.3,6.4,7.3,7.6,8.8,7.6,8.8,7.2,7.5
27061,Itasca County,Minnesota,6.2,6.3,6.7,6.5,6.8,6.7,7.1,7.7,7.7,7.1,7.1,6.7,8.1,8.6,8.6,8.5,9.8,9.4
27063,Jackson County,Minnesota,5.3,5.7,6.2,6.4,6.6,6.8,6.9,6.8,8,6.3,7.7,7.1,8.1,8,8.2,7.3,7.3,7
27065,Kanabec County,Minnesota,6.7,6.7,6.2,6.4,7.4,7.6,7.2,6.7,7.2,7.8,7.8,6.6,7.1,7.2,8.7,8.7,7.6,7
27067,Kandiyohi County,Minnesota,6.4,5.2,5.9,6,6.3,5.6,6.9,6.9,7,7.6,6.4,6.3,7.3,7.7,6.9,5.9,6.2,6.3
27069,Kittson County,Minnesota,5.6,5.9,6.1,6.2,6.4,6.9,7.1,7.1,7.1,6.5,6.8,7.6,7.5,7.3,8.6,8.8,7.7,8.5
27071,Koochiching County,Minnesota,6.1,5.9,5.8,6.5,6.8,8.4,8,8.1,7.8,7.6,8.1,7.7,6.7,7.3,7.1,7.9,7.7,8.3
27073,Lac Qui Parle County,Minnesota,5.5,6.2,6.2,6.3,6.5,6.9,6.9,6.8,6.7,6.5,7.1,7.3,8.2,7.2,8,7.5,8.6,7.9
27075,Lake County,Minnesota,5.7,6.4,6.6,6.7,7,7.1,7.2,7.2,7.7,6.2,6.9,7.8,7.2,6.8,6.3,6.9,6.7,7.2
27077,Lake Of The Woods County,Minnesota,5.6,6,6.1,6.5,6.7,6.9,7.1,6.8,7.3,6.6,6.7,6.4,7.1,7.8,7.4,7.8,7.5,7.3
27079,Le Sueur County,Minnesota,5.2,5.6,5.8,6.6,7.2,6.3,6.7,6.9,7.2,6.9,7.4,7.4,7.4,7.4,7.6,6.8,7.3,7.4
27081,Lincoln County,Minnesota,5.7,5.9,6.1,6.6,6.6,6.9,6.9,6.6,6.8,6.1,5.8,6.4,6.8,7.3,8.9,7.8,8.1,7.3
27083,Lyon County,Minnesota,5.7,5.5,6.8,7.3,6.8,6.6,7.5,7.1,7.5,7.4,7.1,7.7,7.6,7.3,7.8,9.1,7.6,6.7
27085,Mcleod County,Minnesota,5.4,5.7,6.3,6.6,6.9,6.5,6.7,6.9,6.9,7.5,7.5,7.1,6.7,8.7,7.8,7.6,7.4,7.5
27087,Mahnomen County,Minnesota,7.1,7.7,7.8,8.2,8.6,9,9.4,9.8,9.3,8.7,9.2,9,9.9,8.6,9.6,9.8,10.8,9.6
27089,Marshall County,Minnesota,5.5,5.9,6.2,6.5,6.4,6.7,6.8,7.6,7.8,7.8,7.3,7.8,7.7,7.9,8.7,8.8,8.2,7.1
27091,Martin County,Minnesota,6.6,6.4,6,6.9,6.5,6.6,6.4,6,7.4,6.3,7.2,7.3,8.5,7.3,7.9,6.9,8.2,8.3
27093,Meeker County,Minnesota,5.1,5.8,6.8,6.9,7.1,8.5,8.2,9.7,8.2,7.1,9.4,9,8.2,7.6,7.9,7.2,6.9,7.4
27095,Mille Lacs County,Minnesota,5.4,5.7,5.9,7.4,6.9,7.2,6.7,6.8,8.1,8,9,9,8.7,8.6,9,8,8.7,7.9
27097,Morrison County,Minnesota,6.1,6.1,6.1,6.1,7,6.4,6.6,7.3,7.6,6.9,6.2,7.1,7.5,7.8,8.1,7.9,8.7,8.2
27099,Mower County,Minnesota,5.8,5.7,5.6,5.8,6,7.2,7.5,8.6,7.6,6.6,6.9,7.9,7.2,9,7.7,8.1,7.7,6.7
27101,Murray County,Minnesota,5.2,6.2,6.6,6.9,6.7,6.9,7,7,7.2,6.6,8.8,8.1,8,6.7,7,6.3,6.6,7
27103,Nicollet County,Minnesota,5.1,4.9,6.3,6.3,6.5,6.9,7.8,7.1,7.7,7.6,6.7,7.5,7.1,7.8,7.4,7.3,7.1,6.8
27105,Nobles County,Minnesota,6.5,6.6,6.8,7.2,7.7,7.8,8.7,8.1,8.6,7.4,6.8,7.6,7.7,9.4,10.1,9,9.8,9
27107,Norman County,Minnesota,5.8,6,6.5,6.5,7.1,7,7.2,7.3,7.1,6.2,7,6.7,8.5,6.6,7.3,7.3,8.6,7.9
27109,Olmsted County,Minnesota,5.9,6.3,5.4,5.3,5.3,6,7.1,6.5,6.4,6.7,6.1,6,6.6,7.3,6.9,7.4,6.9,7.2
27111,Otter Tail County,Minnesota,5.1,5.4,6,6.4,6.3,6.8,7.2,6.6,6.1,6.8,8.4,6.6,7.5,7.2,7.8,7.5,6.5,6.7
27113,Pennington County,Minnesota,5.6,5.9,5.9,6.1,6.5,7.5,8.6,7.7,7.2,7,7,6.2,7.1,7.4,7.1,6.4,6.8,6.5
27115,Pine County,Minnesota,5.9,6.1,6.3,6.7,7.4,7.9,6.4,6.3,6.9,6.9,8.7,8.7,8.2,9.1,8.6,8.8,8.5,8.7
27117,Pipestone County,Minnesota,6.4,6.7,6.7,7.6,7.3,7.6,8,7.8,7.7,7,8.6,8.8,8.3,7.7,7.3,7.4,6.9,7.3
27119,Polk County,Minnesota,5.8,6.2,6.4,7.1,7.4,7.2,7.3,6.7,6.4,7.7,7.4,9,7.5,6.8,7.7,7.4,9.1,10.6
27121,Pope County,Minnesota,5.9,5.9,5.8,6.2,6.2,6.6,6.9,6.5,7.1,7.5,6.7,7.3,6.7,6.5,5.6,7.9,6.8,6.6
27123,Ramsey County,Minnesota,4.9,5.3,5.7,6.9,7.4,7.4,6.6,7,7.4,7.6,7.6,7.5,7.6,7.3,7.9,8.3,8.8,8.7
27125,Red Lake County,Minnesota,5.8,5.9,6.1,6.4,7,7.1,7,7,6.8,6.9,6.5,6.8,7.3,6.8,7.9,8.4,8.8,8.4
27127,Redwood County,Minnesota,5.5,6.4,6.2,6.8,6.9,7.2,6.4,6.7,6.9,6.2,7.1,8.3,8.7,9.9,9.6,8.3,8.2,7.5
27129,Renville County,Minnesota,6.4,6.2,6.8,6.3,6.8,6.4,7.2,7.4,6.9,6.5,6,7.7,7.8,7.7,7.6,7.5,7.6,7.1
27131,Rice County,Minnesota,6.2,6.1,6.1,6.6,6.7,6.4,6.9,7.2,7.4,7,6.7,6.7,6.3,6.5,6.2,6.5,8.1,8.1
27133,Rock County,Minnesota,5.7,6.2,6.5,6.6,6.7,7.1,7,7.4,8.1,7.5,7.1,6.4,5.5,5.7,7,6.9,7.3,8.1
27135,Roseau County,Minnesota,6,6.2,6,6.3,6.2,6.3,6.7,7.1,7.7,7.1,6.8,6.7,7.5,7.8,8.2,7.8,6.9,8.4
27137,St. Louis County,Minnesota,5.5,6.2,6.2,6,5.9,7.1,6.9,7.2,8.1,8.2,8.1,8.1,7.9,7.3,7.2,7.7,7.8,8
27139,Scott County,Minnesota,5.4,6,5.8,5.9,5.6,6,6.1,6.7,7.1,4.6,5.4,6.1,8.3,7,7.2,7.1,7,6.7
27141,Sherburne County,Minnesota,5.5,6,7.2,7.9,7.9,7.4,8.5,6.7,7.1,5.4,7.3,7.6,7.8,6.9,6.7,8,7.5,6.8
27143,Sibley County,Minnesota,5.5,5.8,6.1,6.5,6.6,7,6.7,7.2,7.2,7.4,6.9,7.1,7.1,7.8,8.7,8.5,9.3,8.3
27145,Stearns County,Minnesota,5.2,5.6,6,5.7,7.1,6.6,7.5,7.1,6.8,6.8,7.5,7.3,8.5,7,6.8,7.3,7.3,7.8
27147,Steele County,Minnesota,5.5,5.8,6,5.5,6,6.5,6.4,5.8,7.5,6.7,6.4,6.4,6.6,7.8,8,7.6,7.6,7.8
27149,Stevens County,Minnesota,5.8,6,6.8,6.4,6.7,6.9,7.2,6.9,6.4,6.8,7,7.6,7.2,6.9,7.8,7.7,7,7.2
27151,Swift County,Minnesota,6,6.5,7.6,7.4,7.1,7.1,6.9,7,7.3,5.9,6.5,7.1,7.2,7.7,8,9.1,8.4,9
27153,Todd County,Minnesota,5.7,6.6,7.7,7,7.4,7.7,8.2,8.2,8,7.3,6.6,7.9,8.6,8.3,7.8,7.9,8.4,8.4
27155,Traverse County,Minnesota,5.4,6.1,6.2,6.6,7,7.1,7.2,7.3,7.4,6.2,7.6,6.7,6.9,8.1,8.3,8,7.9,7.2
27157,Wabasha County,Minnesota,6.1,6.2,6.4,6.6,6.5,5.9,6.1,7.4,6.6,6,6.1,5.9,6,6.7,8,7.9,7.7,7
27159,Wadena County,Minnesota,5.6,6,6.8,6.1,6.3,7.7,8.4,7.8,8.2,6.7,7,7,7.4,8.3,7.9,7.8,7.7,7.7
27161,Waseca County,Minnesota,6.8,6.6,6.3,6.1,6.3,6.3,8.1,7.7,7,5.8,5.6,5.6,6.2,8.3,7.8,8,7.7,7.1
27163,Washington County,Minnesota,6,6.3,4.7,4.8,5.5,6.7,6.6,6.6,7.3,7.1,7.2,6.5,6.8,6.8,7.6,7,7.7,7.7
27165,Watonwan County,Minnesota,6.3,6.5,6.6,6.9,7,7.4,8,8.3,8.1,6.5,6.9,7.4,8.3,8.8,9.3,8.5,6.9,7.2
27167,Wilkin County,Minnesota,5.3,6,6.6,6.5,6.9,6.9,7.1,6.8,7.1,6.5,7.2,7.3,7.1,8.5,8.6,8,7.1,7
27169,Winona County,Minnesota,5.2,5.6,6.2,5.7,6.6,6.9,7,7.4,6.6,6.8,7.6,7.2,7.4,7.4,8,8,7.8,9.2
27171,Wright County,Minnesota,4.3,4.9,5,5.5,6.1,6,6,5.8,6.7,6.7,8.1,6.7,7.6,6.4,6.7,6.4,6.9,7
27173,Yellow Medicine County,Minnesota,5.8,5.8,5.8,6.2,6.2,6.5,7,7.9,7.7,6.3,7.5,6.8,7.7,7.3,7.1,7,7.2,7.6
28001,Adams County,Mississippi,9.5,10.9,9.1,10,10.5,10.9,12.3,12.7,11.9,11.1,10.6,11,11,10.3,12.2,13.1,11,12.1
28003,Alcorn County,Mississippi,8.8,8.4,8.7,10.6,8.8,9,10,11,12,11,10.4,9.2,10.9,11.2,10.7,9.4,10,9.3
28005,Amite County,Mississippi,8.3,7.7,8.4,9,10.1,8.8,10.4,10.7,11.9,10.6,11.9,11.2,10.3,10.5,11,10.8,10.5,10.8
28007,Attala County,Mississippi,8,7,9,10.1,10.9,10.5,11.7,10.9,10.8,10.2,10.4,10.1,10.7,11,10.3,11.8,10.3,11.5
28009,Benton County,Mississippi,7.2,8.2,9,9,8.9,8.9,9.1,11,10.4,9.5,8.4,8.6,9.2,9.6,10.4,9.3,8.5,9.3
28011,Bolivar County,Mississippi,8.9,10.6,11.6,12.2,10.7,12.6,13,11.9,11.8,12.8,13.7,11.9,11.6,10.1,12.9,15.5,14.8,15.4
28013,Calhoun County,Mississippi,9,8.6,8.7,10.5,8.9,10.3,11.4,11.9,11.4,10.7,9.8,13.1,13.8,12.6,12.1,10.1,10.9,11.2
28015,Carroll County,Mississippi,7,7.3,8.2,8.4,9.1,9,9.4,10.8,11.8,11.3,11.1,11.2,11.2,11.7,10.6,11.2,9.7,9.6
28017,Chickasaw County,Mississippi,7.6,8.5,9.2,8.6,9.4,10.3,10.1,12,11.8,11.8,11.5,10.4,11.3,10.2,10.7,10.9,12.3,11.5
28019,Choctaw County,Mississippi,6.6,7.9,8.7,8.1,9.3,9.1,9.4,11.4,12.3,9.8,9.2,9.8,10.7,10.8,11.9,10.7,11.4,11.2
28021,Claiborne County,Mississippi,8.2,9.1,9.6,10.8,11.5,10.8,11.6,11.2,11,9.9,9.6,9.3,9,9.9,10.1,11.3,12.5,10.3
28023,Clarke County,Mississippi,9.1,8,9.4,10.1,8.7,8.9,10.5,11.7,11.4,10.6,10,9.8,9.3,10.9,10.8,11.2,12.5,10
28025,Clay County,Mississippi,8.3,8.4,8.7,9.6,10,11.5,11.2,12.3,10.5,11.6,10.3,13.2,12.3,11.9,12.8,11.7,14,14.1
28027,Coahoma County,Mississippi,9,10.2,10.9,14.3,14.4,13.5,14.1,13.8,12.4,13.4,12.9,12.6,13.2,14.9,13.2,15.3,13.6,12.3
28029,Copiah County,Mississippi,8.4,8.4,9.1,10,10.1,10.6,10.3,11.5,12.4,10.7,10.8,11.9,11.3,10.6,13.2,11.9,10.5,10.4
28031,Covington County,Mississippi,8.4,9,9,8.4,9.9,10.5,10,10.4,12.5,10.9,11.3,10.7,11,10.6,10.2,9.8,9.6,9.5
28033,Desoto County,Mississippi,8.3,6.8,8.2,10.1,8.6,9.6,9,10.1,11.8,10.8,10.4,9.9,9.5,10.7,11.9,12.6,12.2,13.1
28035,Forrest County,Mississippi,8.8,9,10,12.1,12,11.1,11.7,10.6,9.9,9.6,9.8,11.1,9.6,9.1,11.3,11.7,11.7,11.1
28037,Franklin County,Mississippi,6.8,7,8,7.8,8.9,9,9.2,9.4,8.7,9.7,11.3,9.8,9.8,9,9.3,10.9,10.6,9.8
28039,George County,Mississippi,7.6,8.3,8.3,9,9.7,9.3,9.2,9.3,8.8,11.2,9.5,11.5,11.1,11.5,11.3,9.8,8.6,8.6
28041,Greene County,Mississippi,7.6,8.5,9.7,10.4,9.2,10.6,11.6,13.4,12.1,10.5,10.5,10.8,9.5,8.4,10.1,9.4,12.4,11.2
28043,Grenada County,Mississippi,8.6,8.6,8.5,10.2,10.1,11.2,11,11.5,11.8,11,10.8,11.1,10.3,10.8,11.5,12.8,11.8,9.5
28045,Hancock County,Mississippi,9,7.6,7.7,7.3,9.4,9.9,9.3,9.4,8.9,9.5,10.3,9.7,10.2,8,8.1,8.6,8.8,9.8
28047,Harrison County,Mississippi,8.8,9.3,10.6,11.9,11.3,10.8,10.8,11.1,11.8,11.7,11.4,11.4,11.1,10.1,10.4,11.3,11.6,11.8
28049,Hinds County,Mississippi,10,10.6,10.4,9.7,10.5,11.3,12.7,12.8,11.8,10.6,11.1,12.2,12.8,11.9,12,13.7,12.4,13.2
28051,Holmes County,Mississippi,9,10.4,12.5,14.4,13.9,13.6,13,14.1,15.4,13.4,12.4,13,15.9,14.9,13,14.5,15.3,16.4
28053,Humphreys County,Mississippi,7.5,8.1,8.8,10.8,12.4,11.3,11.6,13.1,14,11.3,11.2,11.5,9.6,10,9.3,10.2,11.9,10.4
28055,Issaquena County,Mississippi,8.2,8.8,9,9.5,9.9,10.3,10.8,11.2,10.6,8.9,9.2,9.1,9.1,9,9.4,9.2,9.5,9.1
28057,Itawamba County,Mississippi,6.9,6.4,7.7,8.6,8.9,11.1,10.3,10.3,9,9.5,9.7,9.7,10.6,9.9,12,11.6,11.8,12.4
28059,Jackson County,Mississippi,8.8,8.9,10.6,11.1,9.8,11.1,10.6,11.5,11.6,12.1,12.8,12,12.1,11.8,11.7,10.3,10.6,11.5
28061,Jasper County,Mississippi,7.4,7.9,9.2,11.5,13.2,13.3,12.9,12.9,12.8,13,12.3,12.8,11.7,13,11.9,12,10.4,12
28063,Jefferson County,Mississippi,7.7,9.7,9.2,11.8,11.2,11,11.6,15.3,13.3,11.1,11,11,10.5,11.3,11.5,12.8,11,10.2
28065,Jefferson Davis County,Mississippi,9.1,9.3,9,9.6,9.6,10,10.3,11,10.5,10.5,10.8,11.9,11.1,10.7,11.2,10.6,11.2,11.3
28067,Jones County,Mississippi,8.4,8.1,10.3,10.2,11.3,11.4,11.5,11.2,11.4,12.1,11.2,12,12,13.2,13.1,12.9,13.5,13.3
28069,Kemper County,Mississippi,8.6,9.4,10.3,10.5,12.4,11.6,11.5,11.9,12.5,10,9.5,9.9,12.1,10.7,10,12.2,13.5,11.1
28071,Lafayette County,Mississippi,7,6.9,6.7,8.1,7.8,9.1,8.6,8.7,8.8,9.2,9.6,9.5,10,10.1,9.2,9.5,8.7,8.8
28073,Lamar County,Mississippi,6.6,6.3,7.8,8.6,8.2,7.7,8,9.5,8.5,9.2,9.9,9.6,10.7,10.8,10.9,10.9,11.1,10.1
28075,Lauderdale County,Mississippi,9,8.7,11,10.8,10.1,11.6,13.2,14.6,13.4,12,10.6,10.8,11,10.7,9.7,13,13.1,11.2
28077,Lawrence County,Mississippi,6.7,9.4,8.9,10.1,11.1,12.4,12.5,12.8,12.6,11.7,11.4,11,10.5,11.2,10.5,11.2,10.6,10.5
28079,Leake County,Mississippi,8.7,10.4,9.7,8.7,10.6,10.3,12.2,13.3,12.4,11.2,10.4,11.7,12,11.4,11.6,12.5,12.2,10
28081,Lee County,Mississippi,7.8,9.1,9.4,9.7,9.6,11.3,11.6,9.7,11.1,11.1,10.6,11.4,9.8,11.1,11.1,11.2,11.4,12
28083,Leflore County,Mississippi,9.6,9.7,11.7,12.3,13.3,13.1,13.6,13.7,12.6,12.7,13.8,12,12.8,12,12.9,13.2,12.4,13.4
28085,Lincoln County,Mississippi,7,7.6,7.5,9.3,9.3,10.1,11.3,11.7,10.7,9.5,9.8,9.3,9.2,10.7,12.7,11.4,13.1,12.3
28087,Lowndes County,Mississippi,9.3,7.8,7.4,10.2,11.5,12.7,12.2,12.4,10.6,11.2,12.4,13,13.4,13.4,13.3,12.8,10.8,10.5
28089,Madison County,Mississippi,6.6,6.5,7.6,9.2,8.8,9.1,9.9,9.6,8.8,7.9,7.9,7.1,7.2,8.1,8.4,8.6,9.1,9.2
28091,Marion County,Mississippi,7.9,9.1,11.1,10.9,9.7,10,10.4,11.2,10.3,10.4,10,10.9,10.3,10,10.3,11.7,12.6,10.9
28093,Marshall County,Mississippi,8.6,10.9,11.5,10.4,12.1,12,13.5,12.1,12.1,11.9,12.2,10.9,11.1,10.3,10.7,10.2,11.2,12.1
28095,Monroe County,Mississippi,8.9,9.6,9.4,9.1,10,10.4,10.8,11.1,12.6,10.3,9.9,9.6,10,11.2,13.3,11.9,11.9,11.1
28097,Montgomery County,Mississippi,7.1,7.8,8.9,9.1,9.7,9.4,9.6,11.5,10.5,9.4,10,10.4,10.1,11,11.3,10.7,10.2,11
28099,Neshoba County,Mississippi,9,8.3,8.7,9.3,11,11.5,12.8,14,11.4,11.4,10.4,11.4,9.3,10.9,12.9,13,13.6,14.3
28101,Newton County,Mississippi,7.2,8.1,9.3,8.9,9,8.7,10.5,10.9,10.7,12.7,12.2,12.4,10.9,11.5,10.3,11.6,11.7,12
28103,Noxubee County,Mississippi,9.5,9.6,11.1,10.1,9.9,10.2,10.8,12.9,13.9,14,11.8,12.1,11.3,10.5,11.2,11.1,12.3,12.5
28105,Oktibbeha County,Mississippi,7.5,8,8.8,9.1,9.4,8.3,11.3,11.2,10.8,10,10.1,10.5,10.3,10.2,10.1,11.3,11.2,10.2
28107,Panola County,Mississippi,8.1,8.3,8.4,12.4,11.6,11.8,11.3,12.1,10.9,11.9,11.4,11.7,12.4,11.6,12.6,14.7,12.7,11.1
28109,Pearl River County,Mississippi,7.9,8.4,8.1,9.6,10.6,11.3,11.1,11.8,10.2,10.6,9.4,10,10,11.1,11.5,12.6,11,9.6
28111,Perry County,Mississippi,6.6,8.1,7.9,9.3,9,9.1,9.1,11.5,9.6,8.5,8.1,9,10.8,10.1,10.6,11.6,9.9,9.7
28113,Pike County,Mississippi,9.2,9.6,10.1,11.2,12.1,14,12.5,13,14,12.2,11.7,12.4,11.7,12.1,12.9,14.6,14.5,13.5
28115,Pontotoc County,Mississippi,7.3,7.2,8.8,8.7,7.3,8.7,9.9,10.9,11.4,10.1,10.4,10.3,9.9,9.6,11.1,10.2,10.5,11.1
28117,Prentiss County,Mississippi,7.7,8.1,9,9.9,9.3,10.5,10.5,9.1,12.2,12.4,11.3,9.8,10.2,10.9,10.8,10.2,9.8,10.9
28119,Quitman County,Mississippi,8.7,8.5,8.9,11.2,10.7,10,10.7,11.8,10.7,9,9.6,10.8,10,9.9,9.8,10.5,11.2,10.9
28121,Rankin County,Mississippi,6.1,6.6,6.9,8.7,8.8,9.8,10.2,10.6,10.6,9.4,9.2,9.8,8.4,8.9,9.3,9.3,10,10.2
28123,Scott County,Mississippi,9.3,8.7,10.5,11.8,13,12.5,12.7,12.2,12.7,12,11.3,9.8,10.7,12.8,14.8,13.4,14.9,15.8
28125,Sharkey County,Mississippi,8.1,8.8,9.8,9.1,9.6,10.1,10.7,11.6,11,10.3,9.9,10,9.5,10.1,9.9,10.1,10,9.5
28127,Simpson County,Mississippi,9.1,8.4,10.5,10.2,10.5,9.3,9.2,9.9,9.3,8.4,9.1,11.1,11.8,11.2,12.1,9.9,9.2,9.1
28129,Smith County,Mississippi,6.9,6.9,7.9,7.9,9.6,10.3,9.1,9.9,9.2,10.1,9.9,9.4,9.9,9.2,10.5,8.9,10.6,10.5
28131,Stone County,Mississippi,6.2,8,8.3,9.1,9.8,10.1,10,10.1,9.6,9.6,8.3,10.4,10,9.6,9.5,10,9.5,8.9
28133,Sunflower County,Mississippi,7.6,7.2,8.1,12.2,12.2,13.9,12.9,11.4,12,12.2,12.5,12.8,13.3,13.8,15.3,14,13.3,13.7
28135,Tallahatchie County,Mississippi,8.5,8.6,9.9,12.4,11.6,11.5,10.4,12.7,12.9,12.9,11.5,12.1,12,12.2,12.5,13.1,12.3,10.4
28137,Tate County,Mississippi,6.7,7.9,9,9.7,9.3,10.8,12.4,12.8,13.6,14.2,12.6,12.3,10.6,11.3,10.7,11.8,11.1,10.5
28139,Tippah County,Mississippi,7.4,8.1,7.1,9.1,9.7,10.1,9.4,9.2,9.1,8.9,9.6,10.8,12.5,12.6,12.1,10.4,11.4,9.6
28141,Tishomingo County,Mississippi,7.5,8.4,7.6,8.6,9.1,8.9,8.7,8.9,10.1,8.8,10.5,8.6,10.4,11.2,10.3,10.4,10.1,9.4
28143,Tunica County,Mississippi,9.1,8.5,9.5,9.3,10.1,10.4,11,13.4,13.1,12,11.4,10.1,9.8,11,10.1,10.3,10,9.9
28145,Union County,Mississippi,6.7,7.2,7.4,8.9,8,8.5,9.4,9.5,8.8,8.6,7.3,8.4,7.6,8.6,9.2,8.4,8.8,7.8
28147,Walthall County,Mississippi,9.5,8.8,9.2,9.2,9.7,11.1,10.8,12.3,13.3,13,12,11.7,12,12.9,12.8,12.8,12.5,13.6
28149,Warren County,Mississippi,8.8,9.2,10,10.9,11.7,11.1,9.9,8.9,11.1,10.7,10.6,11.8,11.3,11.6,11.2,11,11.3,11.4
28151,Washington County,Mississippi,9.2,9.7,10.4,10.3,10.5,11.4,11.4,12.6,12.8,12.1,11.9,11.7,11.8,13.9,14.4,15.5,13.9,13.2
28153,Wayne County,Mississippi,7.7,8.2,8.7,10.1,9.2,9.1,9.1,10.8,12.1,11.4,10.9,10.1,10.5,11.8,13.9,11.2,11.8,10.5
28155,Webster County,Mississippi,7,7.6,8.3,8.8,9.2,9.1,8.9,10.2,10.9,9.5,10.5,8.7,9.3,9.5,8.9,8.9,9.6,9.5
28157,Wilkinson County,Mississippi,7.8,8.7,9.2,10.7,12.1,11.8,11.3,14.6,16,15,12.3,11.3,9.8,9.1,10,9.8,8.7,10
28159,Winston County,Mississippi,7.9,9.1,9.1,9.1,9.9,12.1,13.1,12.6,12.6,11.3,9.9,9.9,10.1,10.9,14.1,13.1,13.6,15.2
28161,Yalobusha County,Mississippi,7.4,7.4,9.3,8.9,8.7,11.9,12.6,12,12.4,12.9,12.9,12,10.2,9.8,13.4,11.1,11.5,10.2
28163,Yazoo County,Mississippi,10.1,10.7,9.3,11.1,11,10.5,11.9,11.9,11.6,10.3,9.5,11.9,10.7,10.3,10,9.9,9.3,8.9
29001,Adair County,Missouri,5.3,6.8,7.7,6.7,6.9,7.4,8.1,7.6,7.9,6.9,7,6.7,7.5,7.6,7.5,6.8,7.7,8.6
29003,Andrew County,Missouri,5.7,6,6.5,7.2,7,7.3,6.9,6.4,6.6,6.3,5.8,6.5,7.9,8,6.7,6.3,7,7.6
29005,Atchison County,Missouri,5.1,5.9,5.6,6.6,6.7,7,6.9,7.2,7.5,7,7,8.1,9.8,8.8,8.8,7.2,7.6,6.8
29007,Audrain County,Missouri,7.6,7.5,8.2,8.5,7.9,7.5,7.4,8.9,8.9,9,9.3,9.1,10.7,9.6,8.5,9.4,9.9,12.7
29009,Barry County,Missouri,7.2,7.3,6.8,6.8,7.6,7.5,7.6,7.7,8.2,8.6,7,6.6,8,8.6,8.7,8.8,10.1,8.6
29011,Barton County,Missouri,5.6,5.9,6,6.2,6.9,6.9,7.2,7.8,8.5,7.9,8.7,7.9,7.7,7.2,7,7.1,6.6,8.4
29013,Bates County,Missouri,6.9,7.9,7.1,7.1,6.8,7.7,8.4,8.4,8,6.8,8,7.6,7.9,9.1,9.1,9.3,9.4,9.5
29015,Benton County,Missouri,8.5,8,7.8,7.8,7.5,8.1,8.7,9.4,8.7,9,9,8.7,9.9,8.5,8.5,9.5,9.9,8.8
29017,Bollinger County,Missouri,6.1,6.7,7.2,8,7.6,7.6,7.9,9.1,8.5,8.5,7.8,10.2,9.9,9.2,8.3,8.7,9.1,9
29019,Boone County,Missouri,5.7,5.6,5.7,6.8,6.5,6.4,6.3,7,7.5,7.1,7.4,8,7.4,7.8,7,7.3,7.3,8.2
29021,Buchanan County,Missouri,5.8,6.9,8.1,8.8,8.7,9.6,9.7,10.4,10,10.2,10.1,9.9,9.9,9.6,11.4,10.1,9.4,10.5
29023,Butler County,Missouri,9.3,9.4,8.9,9.1,8.8,7.9,7.2,8.6,9,9.2,9.4,10.9,9.4,9.9,9.4,10.3,9.9,9.3
29025,Caldwell County,Missouri,6.1,6.1,5.9,6,6.7,7,7.4,7.6,8,7.2,8.4,8.4,10.1,8.8,7.5,7.6,9.5,7.6
29027,Callaway County,Missouri,7.6,7.1,7.2,7.9,9.2,9.6,9.3,8.1,8.6,7.6,8.1,9.9,10.4,10.1,11.2,10.7,8.3,7.6
29029,Camden County,Missouri,5.8,6.4,6.4,6.6,7.4,7,7.2,7.5,7.6,6.4,6.8,7.5,7.5,7.8,9,7.7,8,9.2
29031,Cape Girardeau County,Missouri,6.5,7.6,7.5,7.4,7.1,7.5,7.5,8.5,9,8.3,8.4,9.9,10.6,9.9,9.3,9.3,8.8,9.7
29033,Carroll County,Missouri,6.4,7.1,7.8,8.7,7.9,7.8,7.8,9.1,9.3,7.9,7.9,7.8,7.6,8.6,9.8,8.8,9.6,10.3
29035,Carter County,Missouri,6.4,7.2,7.4,8.4,8.4,8.3,8.6,9.3,8.9,8.1,8.2,8.5,7.8,7.9,7.9,7.6,7.9,8.6
29037,Cass County,Missouri,6.6,7.1,7.3,6.9,8.3,7.5,8.3,7.8,7.2,7.5,8.6,8.6,8.6,8.2,7.7,6.6,7.2,9
29039,Cedar County,Missouri,6,6.6,6.6,7.1,7.9,7.7,7.5,7.6,7.9,7.4,8,7.6,7.3,7.2,7.3,7.4,7.5,8.8
29041,Chariton County,Missouri,6.7,5.9,6.4,7.2,8.7,7.9,7.4,7.2,7.3,7.3,6.9,7.7,7.9,8.6,8.7,8,7.6,9.1
29043,Christian County,Missouri,5,6.1,6.1,6.6,6.1,6.6,6.5,6.7,7.7,8.1,7,7.1,7.2,8.5,8.3,8.1,7.2,6.5
29045,Clark County,Missouri,6.5,6.3,7.8,7.5,7.1,7.3,7.7,9,8.2,7.5,8,8.5,9,9.7,8.9,9.2,8.8,7.9
29047,Clay County,Missouri,5.8,6.2,5.2,8.2,7.1,7.6,8.4,9.8,11.3,9.7,7.9,7.6,8.5,9.6,9.1,8.3,8.6,9
29049,Clinton County,Missouri,6.1,5.9,6.4,6.4,7.6,7.3,7.7,8.2,7.4,7.5,7.4,7.6,8.6,9.3,8.1,7.9,8,8.1
29051,Cole County,Missouri,7,7.7,6.5,6.2,7.3,7.5,7.4,7.5,8,7.9,7.7,9.3,7.4,6.8,7.4,8.2,8.7,8.5
29053,Cooper County,Missouri,6.6,6.7,7.5,8,7.2,7.2,7.7,7.8,8,7.9,7.2,7.4,7.6,7.1,7.4,6.7,7.1,6.8
29055,Crawford County,Missouri,6.5,7.8,6.7,7.2,6.9,7.2,6.9,7.7,8,7.5,7.6,7.6,8.9,10.3,9.5,8.3,8.1,9
29057,Dade County,Missouri,6.1,6.6,7,7.3,8.3,8,8.3,8.7,9.5,8.4,8.5,7.5,8.5,8.5,7.7,7.6,7.5,7.6
29059,Dallas County,Missouri,6.1,6.9,7.4,8.2,7.4,7.6,7.4,8.8,9.2,8.3,7.6,8.5,8.2,8,7.5,8.2,8,9.1
29061,Daviess County,Missouri,6.4,6.7,6.7,7.4,7.7,7.8,8.1,8.4,8.7,7.6,7.4,7.9,7.4,6.6,7.2,8.6,8.7,9
29063,Dekalb County,Missouri,7,7.6,6.7,8.5,7.8,7.9,7.6,8.1,8.8,10.3,9.7,10,8.7,8,8.8,9.5,8.4,9.4
29065,Dent County,Missouri,6.2,6.3,7,7,7.4,7.5,7.8,7.3,7.5,8.5,9.5,9.6,9,8.2,7.5,8.3,9.7,7.9
29067,Douglas County,Missouri,6.6,6.6,7.2,7.3,7.2,8.2,8.3,8.4,7.7,7.7,7.8,10.2,10.3,8.8,8.1,8.1,7.5,7.6
29069,Dunklin County,Missouri,6.3,8.2,7.1,8.4,8.5,9.5,10.1,10.1,8.7,9.2,8.8,11.6,11.8,13.5,12.6,13.5,12.9,14.3
29071,Franklin County,Missouri,5.5,5.1,6.4,5.9,6.7,7,6.8,7.8,7.6,7,7.7,9.1,9.8,9.4,8.6,8.1,10,10.1
29073,Gasconade County,Missouri,5.5,5.8,5.7,6.6,6.7,7.3,6.8,6.9,8.2,6.6,7.2,7.3,7.6,7.2,7.7,7.3,7.7,8.7
29075,Gentry County,Missouri,5.4,5.2,5.6,6.4,7.3,7.2,7.2,7,6.8,7.8,7.5,7.3,8.4,8.5,8.9,7.5,7.1,8.6
29077,Greene County,Missouri,6.9,6.3,6.5,6.4,7,7.6,7.9,8,7.7,7,8,8.5,8.5,8.7,10.7,9.8,9.6,9.1
29079,Grundy County,Missouri,6.7,6.7,7.8,7.6,7.5,7.8,7.8,7.4,7.6,6.8,7.5,7.3,7.8,7.9,8.3,8.7,9.5,8.3
29081,Harrison County,Missouri,7.5,6.6,7,7.7,7.8,7.6,7.7,9,9.1,7.8,9.4,8.7,9.9,8.5,10.9,10.1,9.4,9.5
29083,Henry County,Missouri,7.3,7.4,7.7,7.6,8.3,7.8,8.2,7.6,8,7.5,8.9,8.2,7.6,7.6,8.9,8.9,9.7,10.4
29085,Hickory County,Missouri,6.9,7,6.8,7.4,7.7,7.7,8,8.7,7.8,7.8,7.6,7.6,8,7.6,7.6,7.9,7.4,7.8
29087,Holt County,Missouri,5.1,5.4,5.6,6.4,6.9,7,7,7.5,6.8,6.8,6.1,7.1,6.9,7.2,8.3,8,7.5,9.2
29089,Howard County,Missouri,6,6.3,6.5,6.7,6.3,6.8,7.1,8,7.2,6.7,6,6.5,6.4,6.6,6.7,6.7,7,7.6
29091,Howell County,Missouri,6.4,7.5,8.6,8.2,9.5,9.2,9.3,8.3,9.9,9.5,8.9,8.8,10.5,11.7,12.2,10,9.5,11.1
29093,Iron County,Missouri,6.5,7,7.2,7.7,7.6,7.7,7.9,8.3,7.8,8.6,8.4,9,8.5,8.5,8.9,10,8.2,8.5
29095,Jackson County,Missouri,6.6,7.5,8.1,8.1,8.6,8.4,8.9,9.6,10.1,9.5,10.4,10.5,10.4,9.6,9.6,9.8,10.1,10.1
29097,Jasper County,Missouri,6.6,7,7.5,8.1,7.2,6.5,8.3,8.9,9.7,8.3,9.2,9.4,9.8,9.3,9,8.3,10.4,10.6
29099,Jefferson County,Missouri,6,6.8,7.1,8,9.7,8.6,9,7.9,7.7,7.7,9.2,10.3,10.4,9.9,9.5,8.7,9.3,10.7
29101,Johnson County,Missouri,6.6,6.5,6.8,7.4,7,7.7,10.4,9.3,9.2,8.4,9.8,8.4,8.8,9.2,8.7,8.1,7.7,8.1
29103,Knox County,Missouri,6.5,6.6,7.3,8,7.4,7.5,7.8,7.7,7.5,6.9,6.7,7.8,8.4,9.6,8.6,8,8,8.2
29105,Laclede County,Missouri,6.2,7.2,7.7,7.1,7.3,7.3,8.3,7.9,9.4,8.7,8.5,7.6,9.3,8.2,8.7,7.9,7.6,8.5
29107,Lafayette County,Missouri,6.5,5.9,6.5,7,7.3,6.8,6.8,7,7.9,7.3,8.3,8.4,8.9,7.1,7.8,7.6,9.2,11.3
29109,Lawrence County,Missouri,6.7,6.7,6.8,7.1,7.7,7.7,7.8,10.1,9.4,7,7.2,7.1,8.3,8,8.1,9.1,8.5,7.7
29111,Lewis County,Missouri,6.2,6.1,5.9,6.2,6,6.5,7,8.5,7.7,7.6,6.5,7.1,9.2,8.6,8.9,8.8,7.5,8.2
29113,Lincoln County,Missouri,5.5,6.6,6.2,7.1,7.1,8,8.6,10.2,9.3,9.1,9.1,9.6,10,11.1,9.6,8.4,8.4,9.3
29115,Linn County,Missouri,5.8,6.5,6.5,6.4,7.1,7,7.1,7,7,6.9,8.6,8.7,8.6,9.2,8.2,9,7.8,7.7
29117,Livingston County,Missouri,6.7,6.8,6.9,8.1,8.3,8.5,8.9,8.8,8.2,7.1,7.3,8.5,8.5,9.6,9.6,10.1,9.7,9.7
29119,Mcdonald County,Missouri,6.5,6.6,6.6,7.4,7.1,7.8,7.6,8.5,9,8,7.7,7.2,7.5,8.3,8.4,10.4,10,8.9
29121,Macon County,Missouri,6.6,6.6,6.3,6,7,8,7,7.6,7.8,8.7,8.4,8.1,8,6.2,7.1,7.7,8.1,7.9
29123,Madison County,Missouri,6.1,6.8,7.5,8.4,8.1,7.8,7.9,7.9,8.1,7.9,8.1,8.2,9.4,9,9.7,8.1,7.2,10.2
29125,Maries County,Missouri,6.4,6.5,6.7,7.5,7.2,7.6,7.9,7.7,7.7,7.2,7.5,7.8,8.1,8,7.7,8,8.4,8.5
29127,Marion County,Missouri,7,6.5,6.6,6.9,6.4,7,6.8,6.2,7,8.3,10.1,9.5,9.1,9.4,8.7,8.9,9.3,8.8
29129,Mercer County,Missouri,6.7,6.6,7.6,7.8,8,7.9,8,9.1,8.4,7.8,7.7,8,8,7.4,7.6,8.3,8.7,8.9
29131,Miller County,Missouri,7.7,7.3,7.5,7.5,7.5,7.1,7.5,8.3,8.2,8.8,8.5,8.2,7.9,7.8,7.2,8.4,8.9,9.6
29133,Mississippi County,Missouri,6.4,6.8,7,7.6,8.1,7.9,8.8,9.2,9.7,9.2,8.8,10.1,10.5,11,11.1,9.4,11.2,9.7
29135,Moniteau County,Missouri,6.8,6.8,6.9,8.1,7.5,8.2,8,8.6,8.2,8,7.3,7.8,7.3,8.6,8,8.1,7.6,8.7
29137,Monroe County,Missouri,7,6.9,6.6,6.8,6.6,6.9,7.1,8.2,8.4,7.3,8.1,7.1,6.8,7.6,7.2,8.1,6.8,8.4
29139,Montgomery County,Missouri,6.4,7,6.8,7.4,8.1,8.2,8.2,8.1,8.4,7.6,7.7,8.5,8.1,8.5,7.3,8,8.4,8.3
29141,Morgan County,Missouri,7.8,8.5,7.8,7.7,6.8,7.7,8.2,8.7,8.2,7,7.6,7.5,7.2,6.6,7.2,7.1,7.8,8.7
29143,New Madrid County,Missouri,7.2,6.8,7.6,7.5,7.9,8.2,10,10.3,10.5,9.2,8,9.1,11,9.9,12,11.7,11.6,12.1
29145,Newton County,Missouri,6.4,6.6,7.8,7.7,8.7,8.6,9.8,9.9,8.5,7.1,6.7,8.2,9.2,7.5,8.4,8.6,9.8,10
29147,Nodaway County,Missouri,5.8,7.1,6.5,6.4,7,6.6,7.3,8,8,8.7,9.2,8.1,8.2,7.1,7.4,7.6,7.8,9.3
29149,Oregon County,Missouri,7,6.7,7.1,7.8,7.6,8.2,8.4,10,8.4,7.7,6.7,7.3,7.6,8.3,9.2,9.5,8.9,8.9
29151,Osage County,Missouri,6.9,7.3,6.6,6.4,6.5,7.1,7.2,7.9,7.4,7.2,7,8.3,8.4,8.1,8,7.7,7.5,8.3
29153,Ozark County,Missouri,7.4,7.3,7.5,7.9,7.9,8,8.4,9.8,10.8,9.7,8.5,8.3,8.3,8.1,8.5,7.7,8.1,8.4
29155,Pemiscot County,Missouri,8,7.3,7.5,8.6,8.7,9.2,8.8,8.7,8.9,9,9,12.9,13.4,11.6,12.4,13.2,13.5,11.6
29157,Perry County,Missouri,7.3,7,7.5,6.6,6.9,6.7,8,8.1,7.2,6.9,7.3,7.1,6.5,7.1,7.5,8.1,8,8.3
29159,Pettis County,Missouri,6,6.8,7.2,7.3,7.2,7.5,7.5,9.2,9.9,9.5,9.7,9,9.3,10.1,8.8,9.3,9.1,11.2
29161,Phelps County,Missouri,6.1,6.2,7.4,7.3,7.3,6.6,7.4,8.5,9.5,8.7,8.7,9.1,8,7.2,6.6,6.5,7.9,9.1
29163,Pike County,Missouri,8.1,7.2,6.3,6,8,8.3,9.5,8.8,9,8.5,8.7,10.6,9.8,10.1,8.8,9.4,8.9,8.4
29165,Platte County,Missouri,5.7,5.2,5.3,6.2,6.7,7.6,7.7,6.8,8.7,7.9,9.3,8.9,9.7,9.2,8.9,8,8.2,8.5
29167,Polk County,Missouri,7.6,8.4,9.2,9.4,10.2,8.5,9,8.2,9.6,8,8,8.4,9.1,8.1,8.5,7.9,9.2,8.9
29169,Pulaski County,Missouri,7.4,7,7.3,8.9,8.9,8.1,8.1,9.3,10.6,8.9,8.5,8,8.6,8.4,8.6,8.2,8,9.4
29171,Putnam County,Missouri,5.7,5.9,5.9,7.1,6.7,6.9,7,7.3,6.9,7.5,7.3,8.1,7.3,6.5,6.9,6.8,7.3,6.5
29173,Ralls County,Missouri,6.1,6.3,5.8,5.9,5.8,6.4,6.9,7.8,7.8,8,8.1,7.4,6.9,6.9,6.2,6.3,7.1,6.5
29175,Randolph County,Missouri,6.7,6.5,6.9,7.8,9.3,8.8,9.7,8.9,10,9,10.2,9.8,9.8,10.9,8.7,9.4,11.1,10.6
29177,Ray County,Missouri,7.1,6.7,7.9,9.1,10.1,8.6,7.9,8.1,8.5,8.3,7.6,9.1,8.6,9.7,9.5,9.1,7.9,9.6
29179,Reynolds County,Missouri,6.5,7.1,7.1,7.5,7.8,7.8,8.2,8.9,8.2,7.5,7.5,7.8,8.7,8.2,8.1,8,7.6,8.4
29181,Ripley County,Missouri,7.7,7.7,7.4,8.6,8.2,8.7,8.6,10,9,8.1,8.8,8.7,10.1,10.7,10.7,9.5,9.7,12.5
29183,St. Charles County,Missouri,5.2,5.6,6,6.5,7.5,6.6,6.6,6.6,6.8,7,7,6.6,7,7.5,8.7,8.6,7.2,7.5
29185,St. Clair County,Missouri,6,7.4,7.6,7.6,8.2,7.9,8.2,8.2,8.2,7.6,7.7,7.5,7.9,8.8,8.2,8.4,7.6,6.8
29186,Ste. Genevieve County,Missouri,5.7,6,7.1,6.5,7,6.6,7.8,7.1,7.3,6.3,6.8,8.6,8.3,7.6,6.9,6.2,8.3,8
29187,St. Francois County,Missouri,7,7.3,7.5,7.7,8.3,8.7,8,9.5,10.2,9.7,10.4,9.2,8.7,7.9,8.8,9.9,8.8,9.2
29189,St. Louis County,Missouri,5.9,6.4,6.5,7.1,6.6,7.1,8,8.6,8.3,9.1,9.6,9.8,9.9,9.1,8.5,8.9,8,8.4
29195,Saline County,Missouri,8.3,9.4,7.9,8.3,7.7,8.3,9,9.7,8.9,7.4,8.8,8.5,9.2,9.2,9.3,9.6,9.1,9.5
29197,Schuyler County,Missouri,6.3,6.9,6.7,7.2,7.8,7.9,8.1,8.1,9.1,7.6,7.3,7.5,8,8.1,8.2,9.2,8.1,7.6
29199,Scotland County,Missouri,5.9,6,6.8,7.7,7.3,7.3,8.3,9,8.5,7.2,6.6,6.9,8.3,8.2,8,8.8,8.4,8.6
29201,Scott County,Missouri,6.3,6.6,6.9,6.4,8.1,8.3,9.5,8.2,8.6,9.6,9.8,11.9,12.1,12.6,10.8,11.6,12,12
29203,Shannon County,Missouri,6.7,7.4,7.4,8.1,8,8.3,8.4,8.6,8.4,7.9,7.7,8.5,8.2,8,7.5,9.2,9.4,10
29205,Shelby County,Missouri,6.4,6.5,6,6.4,7.1,7.2,7.1,7,7.1,6.6,7.3,6.3,6.5,6.7,7.8,6.8,6.6,6.5
29207,Stoddard County,Missouri,5.4,6.4,6.8,7.3,7.7,8.5,8,7.8,8.4,9.5,10.7,10.3,10.6,10.9,12.9,9.6,11.7,13.3
29209,Stone County,Missouri,5.5,5.3,6.7,6.2,6.9,7.1,7.6,6.8,6.7,7.7,7.1,6.7,7.4,7.4,6.9,7.3,7.4,7.4
29211,Sullivan County,Missouri,6.2,7.6,7.5,7.9,7.9,7.9,8,8.4,7.7,8,7.8,9.3,9.1,9,8.4,8.5,8.9,10
29213,Taney County,Missouri,6.9,7.3,7.1,8,8.3,7.8,8.4,9.5,8.8,8.4,7.6,8.2,7.9,8.3,9.6,8.6,9.5,9.9
29215,Texas County,Missouri,7.1,8.3,8.7,9.2,7.7,8.6,7.7,8.2,9.4,8.7,9.8,9.7,10.7,9,9.2,8.1,9.1,10.2
29217,Vernon County,Missouri,6.5,6.4,6.9,7.3,8.3,8.2,8.4,8.6,9.3,8.7,9.5,8.6,8.3,7.3,7.8,8,8.3,10.4
29219,Warren County,Missouri,5.7,5.9,6.6,7,7.4,7.1,7.1,7,7.2,6.6,7.9,8,7.6,6.6,8.1,7.6,7.6,6.8
29221,Washington County,Missouri,7.6,7.5,7.8,8.5,8.7,8.6,7.7,9.2,11.1,11,10.4,8.9,8.8,8.3,8.7,9.3,9.4,10.4
29223,Wayne County,Missouri,7.3,7.5,7.3,7.8,8.8,8.8,8.7,9.8,9.4,8.9,9.7,8.9,9,7.9,9.2,11.3,12.5,11.6
29225,Webster County,Missouri,6.1,6.9,6.7,7.7,7.2,8,8.2,9.4,7.9,7.6,7.9,7.8,9.3,8.8,8.2,10.9,9.7,7.3
29227,Worth County,Missouri,6,6.5,6.4,6.1,6.3,6.7,6.8,6.8,7.3,6.3,6.8,6.6,6.8,6.6,6.8,6.6,6.5,6.6
29229,Wright County,Missouri,6.5,7.6,6.9,7.3,6.8,6.8,7.7,10.5,9.4,8.4,7.3,8.1,8.2,8.9,8.9,8.9,8.3,8.9
29510,St. Louis City,Missouri,8.8,9.2,10,9.7,9.8,11.2,11.7,11.2,12.4,12,13.4,11.6,11.6,10.4,11.7,10.5,10.7,11.1
30001,Beaverhead County,Montana,5.1,5.3,5.5,6.9,7.5,7.4,7.3,7.4,7.5,5.7,6.3,6.3,6.3,6.5,6.6,6.2,6.8,6.9
30003,Big Horn County,Montana,8,10.5,10.3,11.5,12,11.2,11.4,11.5,11,10.9,10.6,10.7,12.3,11.5,13.1,13.8,13.3,12.6
30005,Blaine County,Montana,7.9,7.1,7.2,9,10.4,10,10.5,9.1,10.5,9.6,9.5,9.3,9.9,11.6,12.5,10.6,10.5,12.1
30007,Broadwater County,Montana,5.8,5.8,6,6,6.2,6.5,7,7.1,6.3,6.9,7,6.7,7.6,7.3,6.5,6.9,6.8,5.9
30009,Carbon County,Montana,5.1,6,5.7,6.6,6,6.6,6.8,6.8,6.5,6.9,6.3,6.1,5.7,5.3,5.7,6.8,7.9,6.3
30011,Carter County,Montana,5.2,5.6,5.9,6.5,6.6,6.7,7.2,7,6.9,6.4,6.7,6.4,6.6,6.3,6.3,5.9,6.4,6
30013,Cascade County,Montana,5.5,5.6,6.3,6.3,7.2,7.2,7.6,7.3,7.4,8,8,7.6,7.7,7.5,8.5,8.4,8.8,8.7
30015,Chouteau County,Montana,5.4,5.6,6.4,7.1,7.1,7.2,7.6,7.2,6.7,5.7,6.1,7.2,7,6.8,7.7,7.5,6.9,6.7
30017,Custer County,Montana,4.8,5.9,6.9,7,6.8,6.9,7.1,8.1,7.8,7.9,8.4,7.9,7.5,8.6,9,9.2,9,8.1
30019,Daniels County,Montana,6.4,5.8,5.8,6.3,6.4,6.9,6.8,7.6,6.8,7.3,6.6,7.4,6.9,7.2,7,7.6,7.8,7.5
30021,Dawson County,Montana,6.2,7.3,6.9,7.6,7.2,7.1,7.1,6,7.6,6.7,8.1,6.5,6.9,7.5,7.4,6.7,9,9.5
30023,Deer Lodge County,Montana,5.9,6,5.8,6.1,6.3,6.8,7.1,6.9,7.2,7.2,8.1,8.4,7.9,9.1,8.5,7.7,7.4,8.7
30025,Fallon County,Montana,5.9,5.7,6.2,6,6.5,6.9,7.2,7.7,6.9,6.8,6.6,6.9,7.3,7,7.1,6.5,5.8,7.2
30027,Fergus County,Montana,5.5,5.8,6.5,7.4,6.4,6.6,6.7,7,6.8,6.5,7.3,6.6,8.2,8.3,8.3,7.3,5.7,5.5
30029,Flathead County,Montana,4.9,4.9,4.5,4.9,5.6,5.9,5.5,6.5,6.1,5.9,6.2,5.9,6.1,6.4,6,5.9,5.4,6.2
30031,Gallatin County,Montana,4.8,5,4.6,4.6,4.2,4.2,4.8,4.8,4.9,4.3,4.6,4.7,5.2,5.1,5.1,3.9,4.4,4.5
30033,Garfield County,Montana,5.7,5.8,6.5,6.6,6.4,6.7,6.8,6.4,6.3,5.7,6.2,6.7,7.3,7.7,7.6,6.8,6.5,6.3
30035,Glacier County,Montana,9.2,8,8.6,10,11.1,10.6,11.2,12.7,10.3,10.9,12.5,12.8,12.8,13.1,13.4,13.2,13.5,14.1
30037,Golden Valley County,Montana,6.3,6.7,6.9,7.4,7.4,7.6,8,8.3,8.8,8,7.3,7.2,7.4,7.6,7.7,8.4,8.1,7.4
30039,Granite County,Montana,6.5,6.9,7,7.6,7.5,7.9,8.1,8.2,7.4,7.5,7.3,7.8,7.6,7.9,8.3,7.6,7.2,8
30041,Hill County,Montana,6.9,6.4,6.7,7.2,7,7.6,7,7.6,9.2,8,10.2,9.6,9.7,8.8,8.8,8.4,8.3,9.5
30043,Jefferson County,Montana,6.2,5.8,5.9,6.5,6.5,6.7,6.9,6,6.2,6,6.7,6.4,6.8,6.2,6.5,6.2,8.2,6.9
30045,Judith Basin County,Montana,5.1,5.3,6.6,6.5,6.3,6.5,6.8,7.2,7.1,5.9,6.2,6,7.1,6.8,7.6,6,6.1,6.6
30047,Lake County,Montana,5.8,6.6,7,7.2,7.7,7.2,6.9,8.2,8.2,8.3,8.6,7.9,7.5,7.6,8.5,8.4,8.9,9.1
30049,Lewis And Clark County,Montana,5.1,5.4,5.8,6.5,6.8,7.2,6,5.9,5.8,6.6,6.6,6.9,6.9,6.4,7.8,6.7,7.7,7.9
30051,Liberty County,Montana,6,7.2,7.1,8.1,8.1,7.7,8.4,9.2,8.1,7.7,8,7.9,8.6,9.5,9.1,7.6,8.3,8.7
30053,Lincoln County,Montana,7,6.8,7.3,7.5,7.5,7.5,7.9,7.4,8.9,8.6,8.6,8.3,7,7.1,8.1,7.4,9.2,8.4
30055,Mccone County,Montana,6,6.1,5.9,6.5,5.9,6.7,6.7,6.2,8.2,6.4,6.6,5.8,6.9,6.5,6.5,6.8,6.5,5.9
30057,Madison County,Montana,4.7,5.1,5.8,5.4,5.4,5.9,6.7,5.7,5.8,5.6,7.1,6.1,5.7,5.9,6,6,6,5.6
30059,Meagher County,Montana,5.5,5.6,5.9,6.2,6.8,6.9,7,7.3,7.5,6.2,6.1,5.9,5.7,6.8,6.5,7.1,6.6,7.4
30061,Mineral County,Montana,5.8,6.2,7.6,7.9,7.2,7.2,7,6.9,7.8,6.9,7.9,6.8,6.5,7.2,6.8,6.8,6.7,7
30063,Missoula County,Montana,4.2,4.4,5.6,5.4,5.6,5,5.3,4.8,4.5,4.8,5.4,6.3,6.7,6,6.3,5.3,5.6,6.5
30065,Musselshell County,Montana,5.2,5.5,5.8,6.8,6.8,7,7.1,7.1,6.5,7.2,6.9,7.4,6.8,6.2,6.2,6.2,6.6,7
30067,Park County,Montana,4.6,4.7,5.7,7.2,6.5,5.8,5.2,5.7,5.6,5.6,6.2,6.4,7,6.6,6.1,5.5,5.6,6.2
30069,Petroleum County,Montana,6.1,6.7,7,7.4,7.8,7.8,8.2,8.4,8.2,8.1,7.7,7.4,7.4,7.5,7.6,7.6,7.9,7.9
30071,Phillips County,Montana,5.8,6,6.9,7.7,6.6,7.3,7.8,8,7.5,7.9,7.5,7.1,7,7.7,7.7,7.7,8.4,7.8
30073,Pondera County,Montana,8.8,8.4,8.5,8.1,7.6,7.8,8,8,9.9,8.1,8.6,8.2,8.1,8.4,10.1,10.8,9.4,8.6
30075,Powder River County,Montana,5.1,5.2,5.6,6,6.5,6.7,7.1,7,6.4,4.9,5.5,5.8,6.2,6.6,6.1,7.4,8.7,7.8
30077,Powell County,Montana,7.3,7.2,6.8,6.7,7.8,8.1,8.6,7.7,7.9,7.6,9.5,8.7,8.5,7.5,8.3,7.8,7.9,8.4
30079,Prairie County,Montana,5.2,5.9,5.8,6.3,6.7,6.9,7.1,7.5,7.3,7.4,7.1,6.7,6.7,6.5,6.5,6,6.6,6.9
30081,Ravalli County,Montana,6,6,5.7,5.3,5.2,5.5,5.3,5.4,6,6.2,6.5,5.3,5,6.2,6.6,6.9,6.8,7
30083,Richland County,Montana,6.9,6.3,6.8,7,7.4,7.2,7.3,7.4,8,6.1,6.7,6.8,6.9,6.6,8.1,7.9,8,7.7
30085,Roosevelt County,Montana,11.2,11.3,11.3,11.4,10.9,10.4,10.5,11.8,12.1,10.7,10.9,10.6,13,13,13.5,14.3,14.9,12.6
30087,Rosebud County,Montana,8.4,8.3,8.2,9.1,8.4,8.8,9,8.9,11.1,9.5,9.6,8.8,8.7,10.7,9.9,10.5,10.7,11.1
30089,Sanders County,Montana,7.3,6.7,6.7,7,7.5,7.7,8,8.8,8.2,7,9,7.6,8.1,8.4,8.8,7.2,7.5,8.3
30091,Sheridan County,Montana,5.6,5.6,6,6,5.9,6.3,6.9,7.9,8.7,7.8,7.1,6.3,6.6,6.4,6.7,7.3,8.7,8
30093,Silver Bow County,Montana,5,5.6,6.9,7.2,7,7.1,7,8,6.8,7,7.2,7.2,7.2,7.1,8.4,9.7,9.5,9.1
30095,Stillwater County,Montana,5.4,5,6.3,6.4,5.9,6.4,6.6,6.7,6.9,6.1,5.9,5.9,6.3,6,7.8,6.6,6.8,7.5
30097,Sweet Grass County,Montana,5.7,5.5,5.6,5.8,5.8,6.4,6.8,6.7,6.6,6.5,8.1,6.9,6.5,6.4,7.5,7.7,6.6,6.6
30099,Teton County,Montana,4.6,4.9,5.1,5.4,6,6.5,7,7.4,7.1,7,6.2,6.8,5.7,5.8,6.6,5.4,6,6.2
30101,Toole County,Montana,7.2,7.5,7.3,6.5,6.7,7.3,8,7.1,7.8,7.9,7.3,6.4,6.1,7.4,7.4,8.3,8.3,7.9
30103,Treasure County,Montana,5.6,5.9,6.1,6.4,6.5,6.8,7,7.1,7.1,6.2,6.4,6.6,6.7,6.8,7,7.3,7.1,7.4
30105,Valley County,Montana,5.2,5.6,6.1,6.9,6.8,7.1,7,7.3,6.7,7.5,7.8,8.3,9.2,7.6,8.6,8.8,8.5,7.8
30107,Wheatland County,Montana,6.5,6.4,7.3,7.1,7.7,7.6,8,7.4,7.2,7,9.2,8.7,8.4,7.9,7.4,8.4,7.8,7.6
30109,Wibaux County,Montana,6.3,6.9,7.4,7.2,7.1,7.4,7.7,8.6,7.9,7.5,7.1,7.2,7.2,7.9,8.5,8,8.4,7.8
30111,Yellowstone County,Montana,6.2,5.7,5.2,6.3,6.8,7.4,7.4,7.8,7.6,7.4,7.4,7.4,8.3,6.9,7.1,7.7,8,8.1
31001,Adams County,Nebraska,5.5,5.8,5.8,7.2,7.1,6.8,7.5,6.7,7.4,8.6,9.1,8.1,9.1,9.3,9.2,9.8,10,9.7
31003,Antelope County,Nebraska,5.6,6.6,5.9,5.9,6,6.4,6.8,8,6.7,7.7,7.6,7,7.5,6.9,7.9,8.4,8.2,7.4
31005,Arthur County,Nebraska,5.5,6,6.2,6.6,6.3,6.6,6.9,7.2,6.3,6.2,5.7,5.8,6.2,6.4,6.6,6.6,6.7,6.8
31007,Banner County,Nebraska,5.3,5.7,6.5,6.3,6.2,6.7,6.9,7.6,7,7,8.3,7.1,7.4,7.4,7.2,7.2,6.7,6.6
31009,Blaine County,Nebraska,5.7,5.7,6.4,6.6,6.6,6.7,7,7.1,6.4,6.1,6,7,7,6.5,6.9,7,6.7,6.6
31011,Boone County,Nebraska,5.5,5.2,6.4,7.3,6.8,6.9,6.9,7.2,7.6,7,6.3,6.7,6.9,7.3,7.1,7.1,7.4,7.3
31013,Box Butte County,Nebraska,5.6,6.8,6.9,6.6,7.3,7.3,7.5,8.8,9,9.4,10.1,8.5,8.2,9.6,9.3,8.5,6.9,7.3
31015,Boyd County,Nebraska,5.4,5.7,6.5,6.8,6.3,6.6,6.9,6.7,7.5,7.5,9.6,9.3,9.6,7.6,6.8,8.4,7.5,7.5
31017,Brown County,Nebraska,5.1,6.1,6.4,6.6,7.1,7.1,7,8.9,7.7,7.1,7.3,6.4,7.3,6.8,6.8,8.3,9,7.5
31019,Buffalo County,Nebraska,5.3,6.8,6.4,6,5.8,6.6,7,6.9,6.5,6.6,6.4,6.3,6.8,8.2,8.6,8,8.7,8.9
31021,Burt County,Nebraska,4.8,5.2,5.8,7.1,6.9,6.9,7.1,7.2,7.2,7,6.9,6.6,7.1,7.6,6.9,7.5,8.1,7.4
31023,Butler County,Nebraska,5.5,5.7,5.7,6.1,6,6.5,6.6,6.5,6.7,5.6,6.9,6.6,7.2,7.1,8.5,7.2,7.6,8.9
31025,Cass County,Nebraska,6.2,6.7,6.2,6.3,7.3,7.6,7.5,7.6,7.6,6.9,6.9,6.6,7.9,8.4,8.3,8,9,9.6
31027,Cedar County,Nebraska,5.1,5.1,5.9,5.7,5.7,6.1,6.6,6.7,7.1,6.4,6.3,6.2,6.4,6.6,6,6.1,5.9,7.1
31029,Chase County,Nebraska,5.8,6.2,6,5.9,5.7,6.2,6.5,7.1,6.4,7.5,8.1,7.3,6.9,6,6.1,9.7,8.8,7.2
31031,Cherry County,Nebraska,5.7,5.9,6.9,6.8,6.5,6.8,7.1,6.5,6.3,6,6.1,5.9,5.8,5.7,5.9,6.5,7.4,7
31033,Cheyenne County,Nebraska,5.6,5.9,6.3,6.8,5.6,6.2,6.4,7.1,7.4,5.8,6,5.7,6.4,7.1,8,8.4,7.2,8.1
31035,Clay County,Nebraska,5.5,5.9,6.2,6.7,7,7,7.1,7.6,7.1,6,7.5,7.1,7.8,6.9,7.1,7.3,6.1,8.1
31037,Colfax County,Nebraska,5.6,6.6,7.1,6.4,7.7,7.7,8.7,7.7,7.5,6.7,8,7.4,7.4,7.4,7.5,9.2,8.4,9.1
31039,Cuming County,Nebraska,5.5,5.3,5.6,6.3,5.6,6.1,6.4,5.1,5.5,5.5,6.8,6.6,7,7,6.2,6.5,8,7.2
31041,Custer County,Nebraska,4.9,6.4,6.4,6,5.8,6,6.7,8,7.9,7.7,7,8.1,6.9,8.5,7.9,7.1,7.4,9
31043,Dakota County,Nebraska,6.9,6.7,7.1,7.3,8.6,8.6,9.3,9.5,8.6,9.1,8.7,9.8,9.9,9.5,10.3,12.2,12.3,10.7
31045,Dawes County,Nebraska,6.2,5.9,6.4,6.9,7,7.2,7,9.1,7.6,8.5,8.2,7.4,7,6.5,6.6,6.9,6.3,7.3
31047,Dawson County,Nebraska,6.9,7.4,7.2,8.1,8,8.2,9,8.2,8.1,8.7,8.3,8.6,7.6,10.6,10.7,9.7,8.8,8.2
31049,Deuel County,Nebraska,5.6,5.4,6,6.5,6.3,7.1,7.6,9.2,8.7,7.9,6.9,7.9,7.7,8.8,8.3,8.1,7.2,7.8
31051,Dixon County,Nebraska,5.2,6.4,5.8,6.6,6.1,6.6,6.7,6.4,7,6.4,8.6,7.2,7,6.6,7.2,7.7,8.2,7.1
31053,Dodge County,Nebraska,5.6,6.9,7.3,6.9,7.3,7.4,7.7,7.2,7.6,8.2,8,8.6,9.1,8.9,8.1,8.6,8.9,8.3
31055,Douglas County,Nebraska,5.8,6.9,7.6,7.7,7.9,8,8.2,8.7,8.7,8.6,8.7,8.4,8.1,8.9,9.5,9.8,9.6,8.9
31057,Dundy County,Nebraska,6.1,6.9,6.3,7.2,8.6,8.4,8.4,8,8.8,8.2,7.9,7.1,7.1,7,6.8,8.1,8.9,8.1
31059,Fillmore County,Nebraska,5.3,6,6.3,6.2,6.4,6.6,7,7,6.6,6.9,7.5,7,8.1,8.6,8.7,9.2,8.1,6.7
31061,Franklin County,Nebraska,5.5,6,6.8,6.8,7.2,7.1,7.3,6.7,7,6.8,6.8,6,6.1,6,7.6,7.7,6.9,6.6
31063,Frontier County,Nebraska,5.9,6.9,6,5.9,6,6.5,6.8,7.2,7.2,6.4,7,7.2,6.6,6.6,6.4,6.8,7.1,6.5
31065,Furnas County,Nebraska,6.6,5.5,6.2,6.1,7.5,7.4,7.4,7.8,7.7,9.5,9.1,9.1,7.7,6.9,7.3,8.2,8.3,7
31067,Gage County,Nebraska,6.7,5.9,7.1,7.1,7,6.7,8.3,8.5,8.4,8.4,7.9,7.6,8,8.4,8.8,10.2,8.7,8.6
31069,Garden County,Nebraska,5.1,5.9,5.4,5.7,7.7,7.4,7.6,6.6,7.6,6.4,5.7,6.6,7.2,6.6,6.7,6.4,6.9,7.2
31071,Garfield County,Nebraska,5.8,6.2,6.2,6.4,6.3,6.6,6.9,6.7,6.3,6.1,6.3,6,5.8,6.1,7.1,6,6.8,6.5
31073,Gosper County,Nebraska,5.2,6.1,5.7,6.3,6.6,6.8,7.1,6.8,6.9,7,7.3,7,6.5,6.3,7.1,7.2,7.3,6.7
31075,Grant County,Nebraska,5.4,6,6.3,6.6,6.7,6.7,6.9,7.2,7.5,7,7.4,6.7,6.8,6.4,6.5,6.4,7.4,7.6
31077,Greeley County,Nebraska,6.3,6.3,6.5,6.7,7.3,7.3,7.2,6.7,6.4,6,6.6,6.6,6.8,7.7,7.5,7.1,7,7
31079,Hall County,Nebraska,6.6,6,6.2,7.2,8.3,8.5,7.9,8.3,8,7.8,8.2,8.2,9.3,9.1,9.7,9.2,9.3,9.2
31081,Hamilton County,Nebraska,5.1,5.3,6.3,6.3,6.5,6.5,6.9,6.7,5.9,5.4,6,6,6.6,7.9,8.9,9.2,8.7,8.8
31083,Harlan County,Nebraska,5.7,5.2,5.7,6.2,5.9,6.4,6.7,6.9,7,6.3,7.6,7.3,7.2,7.2,7.3,7.3,6.5,5.8
31085,Hayes County,Nebraska,6,6.6,6.6,8.2,7.2,7.7,7.7,8.1,7.7,7.5,7,7.1,7.7,7.6,7.6,7.5,7.8,9
31087,Hitchcock County,Nebraska,6.7,6.3,6.9,6.1,7.2,6.9,7.4,6.9,6.7,7.2,8.1,7,7.4,7.6,8.9,8.4,8,9
31089,Holt County,Nebraska,4.5,6,6,7,7.2,7.2,7.3,6.9,5.9,5.6,6.8,7.5,7.7,7.6,7.6,8,7.2,7.8
31091,Hooker County,Nebraska,6.5,6.4,6.7,7.4,8.1,8.2,8.4,9.1,8.3,7.1,7.4,8.3,7.9,7.7,7.8,7.4,7.7,7
31093,Howard County,Nebraska,5.5,5.7,6.2,6.1,5.6,6,6.6,7.9,7.1,8,7,6.7,7.6,8.1,8.2,7,7.2,7.1
31095,Jefferson County,Nebraska,6.3,6.8,6.3,6.1,7.2,7.1,7.2,6.6,8.5,8.5,7.9,7.7,7.4,7.1,7.7,7.4,7.3,6.4
31097,Johnson County,Nebraska,6,6.6,7.6,6.7,7.2,7.4,8.2,7.6,8.6,6.8,7.7,8.1,8.7,8.4,7.8,7.9,6,6.6
31099,Kearney County,Nebraska,5.1,5.6,6.9,6.6,6,6.3,6.7,5.6,5.6,6.3,6.1,7.3,6.9,7.3,7.2,7,8,7.8
31101,Keith County,Nebraska,5.2,5.1,6.1,5.3,6.2,6.3,6.9,6.6,6.9,6.5,6.4,6.9,6.7,6.2,6.4,6.9,5.8,6.8
31103,Keya Paha County,Nebraska,5.6,5.7,6.1,6.3,6.4,6.7,6.9,7.1,7.4,6.6,6.4,6.8,7,7.6,7.2,8.3,7.6,7.4
31105,Kimball County,Nebraska,5.5,6.8,7.3,8.3,7.5,7.2,7.1,8,6.9,7.2,7.8,7.9,7.6,8.1,7.1,8.2,8.3,8.5
31107,Knox County,Nebraska,6.2,6.9,6.4,6.1,6.7,6.9,7.2,6.7,7.5,7.1,6.9,6.7,6.3,7.2,7.6,8.1,8.1,8.6
31109,Lancaster County,Nebraska,6.4,6.7,6.5,7,7.2,7.3,7.1,7.1,7,7.7,7.6,7.2,7.1,7.5,8.1,8.2,7.9,8
31111,Lincoln County,Nebraska,5.3,7.4,6.8,7.8,8,7.6,7.9,7.8,8.1,8.7,8.4,8.7,9.2,9.4,9.6,9.9,9.9,9.8
31113,Logan County,Nebraska,5.9,6.5,6.7,7.4,7.2,7,7,7,7.2,6.5,7.1,7.1,7.8,6.8,6.9,6.7,7.4,7.1
31115,Loup County,Nebraska,5.5,5.8,6.1,6.3,6.5,6.8,7,8.1,7.3,6.3,7.8,6.7,7.2,6.6,8.2,8.9,8.9,8
31117,Mcpherson County,Nebraska,6.2,6.4,6.5,6.9,8,8,7.9,7.9,7.8,7,7.2,7.6,7.3,7.5,7.4,7.1,7.5,7.7
31119,Madison County,Nebraska,6.1,6.7,5.9,5.9,6.5,7.2,7,6.8,6.4,8.1,8.2,9.3,8.4,8.8,8.1,7.4,6.5,7.8
31121,Merrick County,Nebraska,7,6.8,6.1,5.7,6.3,6.6,7,7.4,7.6,8.8,8.7,9,8.1,9.9,10.2,10,8.6,8.6
31123,Morrill County,Nebraska,6.8,6.6,6.6,7.5,8.8,8.7,8.5,8.7,7.2,6.7,8.3,8.6,9,10.3,10.2,9.8,9.2,8.4
31125,Nance County,Nebraska,5.7,6.2,6.6,6.2,6.4,6.7,6.9,8.1,8.2,8.7,7.8,6.7,7.2,7.3,8.1,7.6,7.4,9.2
31127,Nemaha County,Nebraska,5.8,7.2,7.3,7.3,6.5,6.6,6.8,6.9,8.1,7.2,7.8,8.3,7.1,7.3,8.7,7.4,6.8,7.3
31129,Nuckolls County,Nebraska,5.6,7.2,7.2,7,6.7,6.9,7.1,7.9,6.7,6.8,6.1,6.4,6.9,7.3,6.8,7,6.6,6.2
31131,Otoe County,Nebraska,5.4,5.9,6.2,7.5,8.2,7.8,7.4,8.3,8.1,8.3,9.1,8.4,8.3,9.5,9,8.8,8,7.7
31133,Pawnee County,Nebraska,6,6.6,6.8,6.6,8.1,8,8.2,9.8,8.7,7.7,7,6.8,6.2,6.4,8.2,7.8,7.6,7.2
31135,Perkins County,Nebraska,5.8,5.2,6.6,6.6,6.7,6.6,6.9,7,6.7,6.3,5.4,6.5,6.8,7.3,6.2,6.9,6.6,6
31137,Phelps County,Nebraska,5.3,5.9,5.8,6.5,6,6.6,6.8,8.3,7.4,7.7,7.7,7.7,7.3,7.3,7.3,7.5,8.1,8.2
31139,Pierce County,Nebraska,5.2,5.5,5,7,6.3,6.9,6.8,7.7,7.9,8.4,8.2,7.4,8.4,8.7,8.2,7.4,8.4,7.7
31141,Platte County,Nebraska,6.2,6,5.8,6.4,6.1,6.7,6.8,6.4,6.3,7.1,8.3,8.4,7.7,7.8,8.4,8.4,9,8.8
31143,Polk County,Nebraska,5.8,6.6,6.5,7.4,7.7,7.5,7.4,7,7.2,6.4,6.2,6.1,6.9,7.6,6.6,6.1,6.5,6.8
31145,Red Willow County,Nebraska,5,6.6,5.7,6.5,6.4,6.8,6.8,8.1,7.3,7.1,6.2,6.8,6.3,7.5,7.5,8.6,9.1,7.4
31147,Richardson County,Nebraska,6.9,6.2,5.6,5.8,6.6,6.8,7.3,9.2,7.4,7,7.3,7.7,7.2,7.2,7.2,8.8,8.6,9
31149,Rock County,Nebraska,6,6.1,6.2,6.8,7.7,7.4,7.2,7.4,8.1,7.9,7.7,7.3,8.1,7.8,7.5,6.8,8.8,8.4
31151,Saline County,Nebraska,6.3,7.5,9,6.7,7.1,6.6,7.7,8.3,7.8,6.6,7.8,7.9,9.7,10,9.8,9.9,10.2,8
31153,Sarpy County,Nebraska,6.2,6.4,8.2,6.4,7.4,7.6,7.5,8.4,8.4,8.3,8.1,8.8,8.9,8.7,8.5,9.2,8.9,8.6
31155,Saunders County,Nebraska,6.1,6.2,7.4,7.5,7.6,7.2,6.8,7,6.9,6.4,7.2,7.4,7.9,7.7,8.5,8.2,8.6,7.9
31157,Scotts Bluff County,Nebraska,8,7.7,7.8,8.6,8.9,9,8.9,8.8,9.3,9,9,9.1,8.4,10.4,11,10.2,10.2,11
31159,Seward County,Nebraska,6.6,6.4,6.6,5.6,7.2,7.6,7.5,7.1,6.4,6.7,6.1,7.2,7.5,7.7,6.8,7.7,7,7.2
31161,Sheridan County,Nebraska,6.9,6.7,6.8,6.5,6.6,6.8,7.2,8.4,8.2,7.5,8.7,8.7,8.6,8.7,8.5,7.4,7.1,7.4
31163,Sherman County,Nebraska,6.5,6.4,6.8,6,6.2,6.3,6.8,7.2,7.4,7,6.9,6.6,7.5,7.1,7.1,6.8,7.7,7.7
31165,Sioux County,Nebraska,5.9,6,6.1,6.2,6.5,6.6,7,6.5,6,5.7,5.2,5.7,5.6,7.3,6.4,6.1,6.1,6.4
31167,Stanton County,Nebraska,5,5.5,5.2,5.9,5.7,6.4,6.6,8.6,8.7,7.2,7.6,7.2,7,6.5,7.9,8.1,7.3,8.1
31169,Thayer County,Nebraska,5.6,5.7,7.4,7.3,6.4,6.4,6.8,8.2,7.7,6.7,7,6.9,6.4,6.5,7.2,8.2,8.4,7.1
31171,Thomas County,Nebraska,5.4,5.7,5.7,6.5,6.6,6.9,7.1,7.6,7.1,6.7,7.5,6.8,6.3,6,7.4,8,6.8,6.9
31173,Thurston County,Nebraska,7.4,7.3,8.2,9,10.4,9.9,10.5,12.6,13.8,13.7,13.9,14.5,13.3,14.3,13.6,12.8,12.7,14.3
31175,Valley County,Nebraska,5.4,5.5,5.5,5.8,6.2,6.7,7,8.4,7.4,7.7,8.7,7.9,7.4,6.8,7.1,8.5,7.1,6.3
31177,Washington County,Nebraska,6.4,6,6.8,6.6,6.4,7.4,7,7.8,6.5,6.4,7.1,8,9.2,8.1,7.5,7.4,8.1,8.7
31179,Wayne County,Nebraska,5.3,5.4,6.2,6.6,6,6.2,6.6,7,6.7,5.7,6.1,7.6,8.1,8.8,7.7,7.7,7.5,7.6
31181,Webster County,Nebraska,5.6,6.2,6.5,7.5,7.6,7.3,7.2,7.6,7.3,6.7,7.3,6.9,6.9,7.9,7.4,8,7.1,7.5
31183,Wheeler County,Nebraska,5.6,5.9,6,6.1,5.7,6.3,6.6,7.6,6.9,6.6,6.4,6.5,7.1,7.5,7.1,7,6.5,7
31185,York County,Nebraska,5.6,6.4,6.6,7,6.9,7.2,7.2,7.3,7.2,6.9,6.4,6.8,7.5,8.8,8.9,8.2,9.5,8.9
32001,Churchill County,Nevada,6.1,6.8,7.5,8.1,7.7,7,7.9,9.2,9.2,8.2,8.6,7.8,8.4,7.9,9.1,11.9,13.1,11.3
32003,Clark County,Nevada,6.4,7.3,8,8.5,9.1,8.8,9,8.5,8.5,8.5,9.2,9,10.2,10.1,10.1,9.6,10.1,9.8
32005,Douglas County,Nevada,5.5,5.7,5.7,5.7,6.1,5.7,6.8,6.4,6.7,5.7,6.1,7.8,6.7,6.4,6.5,6.8,7.2,6.9
32007,Elko County,Nevada,5.5,6.2,5.8,7.3,7.3,7.6,7.3,8.5,9.1,7.5,8.4,9.2,9,9.5,8.3,7.3,8.4,8.3
32009,Esmeralda County,Nevada,7.4,7.1,7.4,7.8,8,8.6,8.6,8.9,9,7.9,8,8,7.8,7.7,8.2,8.2,8.3,8.2
32011,Eureka County,Nevada,5.5,5.9,6.2,6.6,6.2,6.8,7.2,7.7,7.2,6.8,6.7,6.7,7,7.1,7,6.7,6.8,6.9
32013,Humboldt County,Nevada,5.9,6.6,7.4,7.2,7.2,6.6,7.4,6.9,7.3,6,7.4,7.8,8.5,8.1,8.3,8.4,8.3,8.4
32015,Lander County,Nevada,5.8,6.1,6.3,7,6.8,7.1,7.2,7.8,6.8,7.1,6.3,7.6,7.3,8,7.5,8.1,7.7,7.4
32017,Lincoln County,Nevada,6.1,6.8,7.4,8.1,10,8.9,9.1,7.8,7.8,7.9,8.1,8,7.6,7.2,8.2,7.9,9.6,9.7
32019,Lyon County,Nevada,6.3,6.7,7.1,6.9,6.3,7.5,7.7,8.7,8.2,7.7,7.6,8,8.9,8.8,8.7,9.5,8.9,9
32021,Mineral County,Nevada,6.4,6.7,7,9.3,10,9.2,9.3,8.9,8.1,8,8.2,7.9,8,8.7,10,9.2,8.9,9.4
32023,Nye County,Nevada,7.7,7.2,8.1,8.8,7.9,8.6,8.5,8.3,7.8,8.9,10,9.2,9.1,10.6,10.7,9,8.7,9.1
32027,Pershing County,Nevada,6,6.5,6.8,7.5,7.9,8.1,8.3,8.9,8.5,7.9,7.7,7.9,8.1,7.8,7.8,8,8.5,8
32029,Storey County,Nevada,7.1,7,7,7.5,7.4,8.1,8.6,8.5,8.1,8.5,8.5,8.8,8.5,8,8.6,9.1,9,8.1
32031,Washoe County,Nevada,5.5,5.6,6.2,6.4,6.2,6.5,6.3,6.4,6.3,6.7,6.6,6.5,7.1,6.8,7.1,6.6,6.3,7.4
32033,White Pine County,Nevada,6.4,6.5,6.4,8,8,8.2,8.2,8.2,8.8,7,8.6,7.5,8.2,8,9.7,10.2,9.4,9.4
32510,Carson City,Nevada,6.4,7,6.5,6.7,6.7,7.3,7.5,8.3,7.4,6.8,7.2,8.5,9.2,9.2,9.3,7.9,9.2,9.3
33001,Belknap County,New Hampshire,6.3,5.4,6.4,6.5,7.5,7.4,7.9,7.5,7.9,7.5,8.4,6.9,7.3,6.5,7.8,7.6,8.3,7.9
33003,Carroll County,New Hampshire,5.3,5.2,6,6.8,7.2,6.8,7.3,7.3,7,7.2,7.1,6.3,7.1,7.2,8.1,7,7,7.4
33005,Cheshire County,New Hampshire,5.6,5.9,6.8,7.2,7.2,6.9,8,8,7.2,7.4,7.8,7.2,7,7.2,7.9,7.7,7.2,7
33007,Coos County,New Hampshire,5.5,7.2,7.8,8.3,7.8,7.7,8.1,8.1,9,8.3,9.3,8.3,9.9,9.1,9.9,8.9,9.5,8.9
33009,Grafton County,New Hampshire,5.6,6.3,6.4,6.1,6.4,6.8,7,7.5,7.3,7.5,7.1,6.8,6.2,5.6,6.1,6.8,6.6,5.8
33011,Hillsborough County,New Hampshire,6,6.3,6.6,6.4,6.6,7.7,7.9,8.4,8.3,8.1,8,7.9,8,8.2,8.4,8.3,8.1,7.5
33013,Merrimack County,New Hampshire,6.3,6.1,6.7,7,6.6,7.1,6.9,7.3,7.5,8.1,7.5,7.9,7,7.3,7.8,7,6.7,7
33015,Rockingham County,New Hampshire,6,6,6.3,6.8,7.1,6.4,6.6,7.1,7.7,7.6,7.6,7.3,7.5,7.2,7.3,7.1,7.1,6.9
33017,Strafford County,New Hampshire,7.1,7.5,8.1,8.5,8.8,7.8,8,8.9,9.8,9.7,9.3,9,9.2,8.8,9.8,9.6,9.1,10
33019,Sullivan County,New Hampshire,5.8,6.6,6.7,6.1,7.1,7.2,7.2,6.8,7.6,7.9,7.6,8.3,7.7,7.4,7.8,7.9,8.2,7.6
34001,Atlantic County,New Jersey,7.4,8.8,8.9,9.6,9.6,9.2,8.6,9.1,9.1,9.3,10.4,10.1,10.5,10.8,10.8,No Data,10.6,10.1
34003,Bergen County,New Jersey,5.6,5.2,5.4,6.8,6.9,7.6,6.5,6.4,6.3,6.4,6.9,6.5,6.1,7.8,7.2,No Data,7,6.4
34005,Burlington County,New Jersey,6.5,7.5,8,8.5,8.3,8.2,8,8.3,8.4,8,8.1,8,8.8,10,10,No Data,9.6,8.5
34007,Camden County,New Jersey,7.4,7.5,7.8,8.1,9.1,8.8,9.3,8.6,9.2,9.5,9.3,8.9,9.6,11,11.6,No Data,8.6,9.2
34009,Cape May County,New Jersey,5.5,6.7,7.9,7.7,8.2,8,8.8,9,8.3,8.8,8.2,7.3,6.9,8.1,8.4,No Data,7.8,9.3
34011,Cumberland County,New Jersey,9.2,10,10.3,9.5,9.9,9.7,11.2,11.5,10.9,11,11.2,10.8,10.9,11.7,11.2,No Data,9.4,10.4
34013,Essex County,New Jersey,7.4,8.5,8.6,10.1,9.3,9.5,9.5,9.6,9.5,10,10.4,10.1,10,10.3,10.8,No Data,9,9.5
34015,Gloucester County,New Jersey,6.7,8.3,8.4,9.1,10.3,8.8,9.2,9,10.1,9.8,10.2,9,8.2,8.9,9.5,No Data,7.8,9
34017,Hudson County,New Jersey,7.2,8.1,8.2,8.6,8.6,8.6,8.3,8.9,8.6,8,8.5,8.6,8.1,8.8,8.7,No Data,9.7,9.7
34019,Hunterdon County,New Jersey,5.1,4.7,5.2,5.6,6.1,5.9,6,5.4,5.5,5.2,6.2,5.8,5.8,5.6,5.8,No Data,5.5,6
34021,Mercer County,New Jersey,6.3,7.1,7.2,7.7,8,8.4,9,8.1,9.1,9,8.2,7.9,8,8.1,9.2,No Data,7.9,8
34023,Middlesex County,New Jersey,6.4,6.8,7.2,7.5,7.1,8.4,8.1,8.5,8.3,9,9.4,9.3,9.2,9.4,10.1,No Data,8.5,9.1
34025,Monmouth County,New Jersey,5.5,5.8,5.7,6.4,7.1,7.4,7.1,7.4,7.7,7.5,7.5,7.6,7.6,7.2,7.1,No Data,7.3,7.6
34027,Morris County,New Jersey,5.9,5.6,6.1,6.1,6.2,5.7,6.7,6.5,6.8,6.3,6.7,6.2,6.1,6.6,6.2,No Data,6.2,6.5
34029,Ocean County,New Jersey,6.1,7.4,7.8,7.6,7.7,8,9.1,8.9,8.8,8.6,8.8,8,7,8.9,8.4,No Data,7.3,7.3
34031,Passaic County,New Jersey,7.3,7.9,7.9,8.4,8.5,9.5,8.4,9.1,8.8,8.2,7.9,8.3,8.3,9.1,8.9,No Data,10.2,8.5
34033,Salem County,New Jersey,5.5,6.4,7,8.3,7.9,8.7,10,9.9,9.8,9.6,10.1,10.2,10,11.9,12.4,No Data,9.3,10
34035,Somerset County,New Jersey,5.6,5.5,5.3,6,6.1,6.3,5.6,6.9,7.2,6.8,7.3,7.2,7.3,6.2,6.6,No Data,6.5,6.7
34037,Sussex County,New Jersey,5.8,6.1,6.6,6.8,7.4,6.8,7,6.4,7.7,6.6,6.7,6.5,6.2,7.6,7.7,No Data,7.8,7.5
34039,Union County,New Jersey,5.9,6.4,6.9,7.4,8.3,7.3,8.3,8,8.1,7,7.2,7.8,8.1,7.4,7.7,No Data,7.4,8.4
34041,Warren County,New Jersey,6.2,6.7,7,7.6,7.5,6.7,7.7,7.6,7.6,7,7.7,7.3,7.3,7.9,7.8,No Data,6.8,8.8
35001,Bernalillo County,New Mexico,4.7,4.9,5.1,5.4,5.8,6.1,6.4,6.1,6.5,6.9,7.5,7.7,7.4,6.6,7.4,7.5,7.3,8.3
35003,Catron County,New Mexico,6.2,6.8,7.2,7.3,7.4,7.9,8.5,8.7,8.4,6.8,7.2,8,7.6,7.1,7.5,7.3,9.1,8.3
35005,Chaves County,New Mexico,7.4,7.8,8.4,9.1,7.9,7.8,8.8,10.3,9.8,10,8.9,10.8,10.5,9.9,9.6,9.3,9,10.5
35006,Cibola County,New Mexico,10,8.9,9.7,11.1,11.9,12.1,12.6,11.7,13,12.5,12.1,13.3,11.8,12.1,13,12.1,12.5,13.6
35007,Colfax County,New Mexico,6.1,6.8,6.9,6.7,7.2,7.5,7.5,8.7,7.9,8.3,8.5,8.6,10,9.7,8.7,8.4,9.4,10.3
35009,Curry County,New Mexico,6,6.3,6.3,7.4,9,9.5,9.7,9.4,9.5,8.9,8.6,8.7,8,7.6,10,9.9,10.7,9.8
35011,De Baca County,New Mexico,6.8,7.4,7.4,7.9,7.7,8.2,8.5,8.4,9,7.6,8.2,7.9,8.7,8.7,8.5,7.8,9.4,8.5
35013,Do√±a Ana County,New Mexico,5.8,6.7,6.5,7.2,6.6,7,8.5,7.6,8.1,7.7,8.5,8.2,9.2,9.2,9.5,9.6,NA,9.2
35015,Eddy County,New Mexico,6.9,7.1,9.1,8.3,9.7,9.4,10.8,10.5,10,9.5,10.4,8.4,9.6,9.2,11.7,11.8,11.3,10.9
35017,Grant County,New Mexico,5.8,6.2,6.7,7.5,7.3,7.6,7.5,7,7.4,8.4,8.2,7.5,7.7,7.2,7.7,7.8,7.5,8
35019,Guadalupe County,New Mexico,6.6,6.3,7.1,7.1,7.5,7.6,8,8.5,8.6,8.4,7.5,8.4,8,8.1,7.9,9.7,9.6,8.8
35021,Harding County,New Mexico,6.4,6.6,6.8,7.2,7.1,7.7,7.9,8.1,8.1,7.3,7.3,7.1,7.4,7.5,7.8,7.6,7.7,7.5
35023,Hidalgo County,New Mexico,7,7.6,7.4,7.8,7.3,8,8.2,9.1,8.2,8.8,8,8.1,8.2,8.3,7.6,8.3,8.1,7.6
35025,Lea County,New Mexico,6.3,6.9,8,7.5,8.3,9.2,8.7,9.3,8.9,8.7,9.3,8.8,10.3,11.5,11.1,12,12,10.5
35027,Lincoln County,New Mexico,5.5,5.8,5.7,5.5,5.5,5.5,6.3,6.9,6.6,5.6,6.1,6.4,6.8,7.4,6.2,7,5.9,6.5
35028,Los Alamos County,New Mexico,4.4,5,4.6,5.1,4.7,5.2,5.4,5.7,6,5.5,5.1,5.6,5.4,5.7,6.2,6.8,6.1,5.6
35029,Luna County,New Mexico,6.1,7.8,7.8,7.9,7.9,8.7,8.9,8.7,9.6,9.8,10.1,9.6,9.4,8.9,9.8,10.4,11.2,10.6
35031,Mckinley County,New Mexico,8,10.4,11.1,10.5,11.6,11.6,11.5,12.5,13.2,13.4,12.3,12.3,14.5,15.3,15.9,13.7,14.7,15.2
35033,Mora County,New Mexico,6.8,7.9,8.4,7.9,7.4,7.7,8.4,9.7,10.1,9.5,10.3,9,9.2,9.9,10.2,8.8,8.7,8.4
35035,Otero County,New Mexico,7.7,7.1,7.8,7.4,7.5,8.4,8.8,9.6,9.4,9.6,8.8,8.8,9.2,9.9,9.2,8.9,9.5,9.8
35037,Quay County,New Mexico,5.8,6.9,5.8,7.3,7,7.6,7.9,10,8.6,9.1,8.3,8.3,7.6,7.9,8.2,9.5,8.7,8.7
35041,Roosevelt County,New Mexico,6.5,6.5,6.8,6.8,6.6,6.5,6.8,8.6,9.3,11.1,10.3,9.5,9.1,8.7,8.5,8.4,7.6,8.4
35043,Sandoval County,New Mexico,5.3,5.6,6.2,6.6,6.7,6.2,6.6,7.5,7.5,7.4,7.7,6.9,7.2,6.7,8,7.9,7.3,8.7
35045,San Juan County,New Mexico,6.6,7.2,7,7.3,7.5,8.3,8.1,9,8.8,8.9,9.4,9.3,10.8,11.5,11.6,11.4,11.6,11.3
35047,San Miguel County,New Mexico,6,6.8,6.7,6.8,7.5,8.6,8,9.5,10,9.1,9.4,8.7,11.2,10.2,10.7,10,10.2,8.8
35049,Santa Fe County,New Mexico,4,4,4,4.4,4.3,4.3,4.5,4.7,4.8,4.9,4.7,4.9,5.2,5.3,5.9,5.5,5.4,5.9
35051,Sierra County,New Mexico,6,6.8,7.5,7.4,6.7,7.1,8,9,7.4,7.3,7.4,8,8.8,9.6,8.3,8.6,9.7,7.7
35053,Socorro County,New Mexico,8.1,8.1,9,9.1,8.2,9.5,8,8,10.3,10.7,9.5,9.7,9.6,10.5,9.4,9.3,8.8,10.3
35055,Taos County,New Mexico,4.8,5.7,6.1,6.1,6.3,6.3,6.9,7,7.1,6.7,7,7.6,6.9,6.4,6.4,6.9,7,7.5
35057,Torrance County,New Mexico,6.5,6.4,6.3,6.3,6.6,7.5,7.9,8.6,9.2,8.6,9.3,8.4,8.9,7.8,9.8,7.9,8.5,8.5
35059,Union County,New Mexico,6,6,6.7,6.8,7.1,7.8,8.5,8.1,7.8,7.1,9,9,9.2,8.8,8.2,8.5,9,7.9
35061,Valencia County,New Mexico,6.4,6.1,6.8,8.1,8.2,8,8,8.2,8.9,8.7,8.4,9.2,9.8,9.3,9.8,8.4,8.2,10.2
36001,Albany County,New York,5.2,6.7,6.6,7.8,7.1,5.7,7.2,7.9,8,8.4,8.4,7.8,7.6,8.1,8.3,7.9,7.8,9
36003,Allegany County,New York,6.9,6.1,6.9,7.1,7.8,7.3,7.7,8.2,8.4,7.7,7.1,6.8,9.2,8.5,9.2,8.7,9,10.1
36005,Bronx County,New York,9.6,8.7,9.2,9.9,8.9,10.8,10.2,11,11.3,12.2,13.1,12.7,14,11.8,13,12.1,11.7,11.8
36007,Broome County,New York,8,8.3,8.1,7.3,7.6,7.5,7.8,8.2,8.6,7.8,7.7,7,8.8,8.7,8.8,8.6,9.2,10.1
36009,Cattaraugus County,New York,5.3,4.9,6.2,6.7,9.1,8.1,8.8,9,8.3,7.8,7.2,6.7,10.5,10.2,11.2,11.3,11.2,10.8
36011,Cayuga County,New York,5.3,6,6.5,6.9,6.8,6.8,7.9,7.8,8.1,7.2,7.4,8.6,8.9,9.3,8.9,8.9,8,8.8
36013,Chautauqua County,New York,6.2,8.6,6.9,7.6,6.8,7.6,7.4,8.2,8,7.3,7.7,6.8,9.7,9.3,9.9,10,9.8,11.7
36015,Chemung County,New York,6,7.7,7.1,8.8,7.6,8.6,8.1,8.4,7.7,7.1,7.5,7.5,9.5,8.9,10.2,10.5,10.6,10
36017,Chenango County,New York,6.1,7.2,7.7,7.7,7.2,5.9,6.5,7.3,8.1,8,7.1,6.5,9,10,10.1,9.6,8.6,9.5
36019,Clinton County,New York,5.5,6.9,6.4,6.6,6.8,7,6.6,7.2,7.8,7.4,8.3,9.2,9.1,9.1,9.4,10.2,10.9,11.2
36021,Columbia County,New York,5.3,5.3,5.8,6.8,6.2,6.1,6.5,6.6,8,7,7.3,6.5,6.1,5.9,7.2,6.9,7.5,8.8
36023,Cortland County,New York,5.4,5.8,6.1,6.5,6.6,6.8,6.7,7.1,6.6,6.6,6.7,8.2,9.3,9,8.9,8.5,8.2,9
36025,Delaware County,New York,5.9,6.4,6.1,5.6,6.2,6.2,7.7,7.2,7.4,7.2,8,6.7,6.5,7.3,8.3,8,7.2,8.2
36027,Dutchess County,New York,6.2,5.9,5.9,6.8,7.8,7.4,9,7.8,8,7.3,7.6,6.9,7.7,7.5,8.2,7.8,7.2,8.4
36029,Erie County,New York,6.7,6.6,7.5,8.7,9.3,9.3,9,8.9,8.2,7.4,8.3,8.5,9,9.3,9.6,9.4,9.3,9.1
36031,Essex County,New York,5.6,6.3,6.5,6.6,7.3,7.2,8.3,8.6,8.3,8.6,7.7,8.2,8.2,7.6,7.8,8.5,8.9,8.4
36033,Franklin County,New York,6.2,7.3,7,7.8,7.2,7.5,7.6,8.6,9,7.6,6.4,7.1,11.1,10,11.3,11.2,11.6,12.4
36035,Fulton County,New York,5.3,5.4,5.7,6.4,6.7,6.9,7.7,7.7,8.8,7.4,7,8.3,8.6,9.5,11,11.4,9.5,9.7
36037,Genesee County,New York,5.8,6.3,7.4,6.8,6.8,8.4,8.2,9.3,7.9,7,6.8,7.1,10.7,9.7,10.2,9.6,9.5,9.4
36039,Greene County,New York,5.8,7.8,6.7,6.5,6.7,6.9,7.4,6.9,7,6.8,6.6,7.9,7.3,8.1,8.7,8.1,7.5,7.8
36041,Hamilton County,New York,6.8,6.6,7,7.7,7.7,8.3,8.5,8.7,8.8,7.8,7.4,7.9,7.4,7.8,8.8,8.6,8.4,7.9
36043,Herkimer County,New York,5.5,6.3,6.7,7.2,7.8,7,7.4,8.3,7.5,6.6,6.9,8.4,9.1,8.8,7.9,8.9,8.9,8.3
36045,Jefferson County,New York,6.9,6.7,6.4,6.6,7.6,7.7,8.4,8.3,8.2,9.7,8.6,9.6,11.8,10.9,10,9.9,9.6,9.7
36047,Kings County,New York,7.9,7.8,8,8.8,7.7,9,10.2,10.3,10.2,10.6,10.2,10,9.8,9.5,9.5,8.8,9.2,9.7
36049,Lewis County,New York,6,5.8,8.9,7.7,8,7.5,7.5,8.8,8.7,7.3,7.2,6.2,8.7,9,10.7,9.9,9.5,10.6
36051,Livingston County,New York,5.8,5.9,6.2,7.1,7.2,8.3,7.6,7.8,8.9,7.6,8.4,6.7,9.2,9.3,9.4,8.3,8,9.4
36053,Madison County,New York,6.2,6.4,6.6,6.1,6,6.6,6.5,6.8,8.1,7.5,7,7.5,8.6,8,8.5,7.6,8.1,8.4
36055,Monroe County,New York,6.6,7.9,7.2,7,7.5,8.5,8.9,8.4,8.3,9.1,8.6,7.8,7.5,8.1,7.7,8.6,7.9,9
36057,Montgomery County,New York,5.1,5.9,6.1,6.7,6.8,6.9,6.6,6.8,7.4,6.8,7,8.8,8.7,8.6,10.2,10.6,11,10.3
36059,Nassau County,New York,5.6,5.3,5.7,6.7,7.1,7.6,7,7.3,6.7,6.9,6.9,6.9,7.2,7.6,7.3,8.4,6.9,7.4
36061,New York County,New York,5.4,5.8,5.3,5.4,5.4,7.2,7.3,7.1,6.5,6.3,6.9,6.4,7.1,6.5,6.6,6.4,6.5,6.8
36063,Niagara County,New York,6.9,6.6,6.2,7.1,6.9,7.6,8.2,8.9,9.7,7,7.2,6.9,10.2,9.4,10.7,9.8,9.1,11.8
36065,Oneida County,New York,6.5,6.6,6.8,7.2,8.1,7.4,7.8,7.6,7.2,8.3,8.2,8.9,11,10.1,11.3,10.8,9.1,9.8
36067,Onondaga County,New York,6.8,6.4,6.2,7,7.2,7.4,8,8.9,8.6,8.1,7,7.3,9.5,8.9,9.1,7.9,8.7,9.8
36069,Ontario County,New York,5.8,6.3,5.9,7.1,6.5,7,7.1,6.6,6.4,5.5,5.4,6.7,8.3,8.5,7.7,7.5,7.1,7.2
36071,Orange County,New York,5.6,6,6.9,8.6,8.7,8.7,7.9,9.6,9.7,9.1,8.5,9.2,9.2,8.7,8.2,7.5,8.4,8.3
36073,Orleans County,New York,5.9,7,7.3,8.1,8.2,7,7.7,8.5,8.7,7.6,7.9,7.9,11.7,11,11.5,10.5,9.4,12.4
36075,Oswego County,New York,5.4,6.5,6.6,8,7.8,8.6,8.8,8.3,8,8,9.5,10.9,9.2,8.7,8.3,8.8,9.2,8.7
36077,Otsego County,New York,6.2,6,6.3,6.4,6.5,7.2,6.8,8,7.2,8.2,7.1,7.2,7.7,7.5,7,7.1,8.2,7.3
36079,Putnam County,New York,5.9,5.9,5.7,5.8,5.7,6.9,6,7.7,6.7,6.5,5.9,6.3,6.1,5.7,6.3,6.7,6.2,6.2
36081,Queens County,New York,7,7.5,7.3,7.7,8.7,8.8,9.1,9,9.7,10.7,10.3,10,10.2,10.2,10.5,11.2,10.7,10.7
36083,Rensselaer County,New York,7.2,7.1,6.9,7.2,6.5,7.8,7.6,8.5,7.4,7.9,7.5,7.5,7.4,7.8,8.9,8.5,8.2,9
36085,Richmond County,New York,6.5,6,6.6,7.2,7.9,8.5,8.4,9.6,9.2,8,8.7,8.9,9.2,9.5,9.9,9.6,8.7,10.6
36087,Rockland County,New York,6.4,6.3,6.3,6.5,7.9,8.9,7.9,9,8.4,8.5,8.2,8.2,6.3,7.5,7.6,7.8,7.9,8.3
36089,St. Lawrence County,New York,8,7.3,6.6,6.5,8.3,7.9,8.3,8.7,8.8,8.7,8.7,7.4,8.8,9.3,9.4,9.8,9.7,10.9
36091,Saratoga County,New York,5.3,6.6,6.2,7.4,6.7,7,6.9,6.9,7.1,6.7,7.1,7.9,7.5,7.3,7.5,7.7,6.7,6.8
36093,Schenectady County,New York,6,6.2,6.6,6.8,6.8,7.7,9,9.1,9.8,7.9,7.7,6.2,8.1,8.4,9.3,9.5,8.9,8.9
36095,Schoharie County,New York,5.5,6.2,6.2,6.4,7.8,7.7,6.9,6.6,7.1,6.3,6.5,6.8,9.4,8.7,8.7,8.8,7.9,8.9
36097,Schuyler County,New York,5.5,6.1,6,6.1,6.6,6.6,6.3,7.1,6.9,7.1,7,7.9,8.5,8.5,9.8,9.4,9.1,11
36099,Seneca County,New York,6.3,6.6,6.8,7.6,8.3,8.2,7.5,8.4,7.7,8.2,7.6,8.8,9.3,9.4,9.8,9.6,9.2,10.5
36101,Steuben County,New York,6.6,6.1,7.2,7.1,10,8.8,8.5,7.9,7.6,8.6,9.4,9.2,9.9,10.1,10.6,10.4,10,10.3
36103,Suffolk County,New York,4.9,5.5,7.1,6.9,7.5,7.5,6.7,7.2,6.4,7,8.2,7.3,7.5,7.2,8.1,7.5,7,7.8
36105,Sullivan County,New York,7,7.4,7.2,8.9,7.6,7.9,8.4,8.6,7.8,8.1,7.3,7.4,9.1,9.5,9.2,8.5,7.9,9.1
36107,Tioga County,New York,5.8,6.6,6.3,6.3,6,6.7,7.6,7.8,8,7.2,7.7,8,8.8,9.2,9,8.4,9.4,9.6
36109,Tompkins County,New York,5.8,6.1,6.2,6.1,5.9,6.1,6.4,7.2,7.8,6.7,6.9,7.2,6,5.8,6.5,6.9,6.6,7.1
36111,Ulster County,New York,5.2,6.4,7.3,6.7,6.9,6,7.5,8,8,7.9,7.2,5.8,6.4,6.8,7.9,7.6,7,7.6
36113,Warren County,New York,6.1,6.2,7.3,6.9,7.5,7.5,7.2,7.4,7.4,7.1,6.5,7.6,7,6.6,7.4,7.2,6.7,9
36115,Washington County,New York,5.9,5.9,6.3,6.2,7,7.2,8.6,7.1,7.1,7.8,9,8.1,9.9,9.7,10,8.9,8.2,9
36117,Wayne County,New York,5.5,6.5,6.7,7,8,7.7,7.6,7.8,7.1,7.6,8.4,8,8.8,9.1,10.8,9.9,8.7,10
36119,Westchester County,New York,5.3,4.8,6,5.8,6.4,6,6.6,7.2,6.4,7.4,7.1,6.8,6.3,6.9,7,6.9,6.6,7.2
36121,Wyoming County,New York,5.7,5.7,7.1,7.2,7.2,6.8,7.4,7,7.8,6.5,6.3,7.4,9.7,9.3,9.8,8.9,9,9.8
36123,Yates County,New York,6.7,6.8,6.8,7.9,7.5,7.1,7.9,7.3,7.5,6.9,7.5,8.7,10.7,10.2,10.7,11.1,10.7,9.1
37001,Alamance County,North Carolina,7.8,8.8,9.1,8.8,8.9,9.9,10.2,11.2,10.1,9.4,8.9,9.9,9.7,8.9,9,10.2,9.9,9.4
37003,Alexander County,North Carolina,6.9,6.8,7.9,8.2,8.1,8.2,8.5,8.2,8.4,8.6,7.7,7.7,8.1,9,9,8.6,8,7.8
37005,Alleghany County,North Carolina,6.6,6.5,7.5,8.1,8.3,8.1,8.1,7.8,7.9,7.4,8.3,7.8,8.5,7.8,7.7,7.6,8.2,8.2
37007,Anson County,North Carolina,8.6,8.6,9,8.7,9.2,9.3,10.6,10.3,10.9,11.3,11.7,10.5,10.3,8.9,8.8,9.5,9.4,8.3
37009,Ashe County,North Carolina,6.3,6.7,7.1,7,6.4,6.4,7.4,6.9,7.1,7.2,7.6,7.5,8.5,9,8.2,9,8.9,9
37011,Avery County,North Carolina,5.8,6.2,6.7,8.8,8,8.5,8.4,8.4,7.6,7.1,8.9,9.3,9.2,7.8,7.7,8.1,8,7.2
37013,Beaufort County,North Carolina,8.8,9,8.2,7.9,7.8,8.3,8.5,9.5,7.6,9.2,9.1,8.7,7.5,8.1,8.5,8.8,7.9,8.9
37015,Bertie County,North Carolina,10.7,11,11.4,10.3,11,10.9,11,10.7,10.8,9.2,8.9,9.6,12.2,11.6,12,10.8,10.9,10.4
37017,Bladen County,North Carolina,10.1,9.7,8.9,8.2,9,10,11.8,11.1,11,10.5,10.1,11,10.3,11,10.2,10.4,9,9.3
37019,Brunswick County,North Carolina,7,6.9,6.9,7,7.1,7.6,7.9,8,7.7,7.3,7.2,7.2,8,8.7,7.6,7.9,8.1,7.6
37021,Buncombe County,North Carolina,7,6.4,6.7,7.4,7,6.7,8.4,8.1,8.1,7.4,7.8,7.1,7.2,7.4,6.8,6.6,6.7,6.8
37023,Burke County,North Carolina,7,7.5,8.5,7.8,8.6,9.6,10.3,11.5,10.1,9,8.7,8.3,8.5,8.8,7.8,9,8.7,8.1
37025,Cabarrus County,North Carolina,7.3,7.9,8.4,9.5,8.8,9.3,9,8.5,8.7,8.7,7.7,8.3,8.7,8.7,8.8,8.6,9.1,9.2
37027,Caldwell County,North Carolina,7.5,7.8,9.1,8.6,8.2,8.5,8.9,8.8,10.8,10.7,9.6,10.1,9.4,10.5,12,13.3,11.4,10.5
37029,Camden County,North Carolina,7.9,7.8,7.9,7.8,7.5,7.4,7.4,8,7.3,7.3,7.4,7.4,8.2,7.7,7.6,7.2,7,7
37031,Carteret County,North Carolina,6.6,7.4,7.7,9.3,8.1,7.9,8,8.6,8.3,6.9,7,7.5,8.1,8.1,10.8,9.1,8.8,8
37033,Caswell County,North Carolina,7.2,8.1,9.1,10.1,10.6,10,9.6,9.5,9.9,8.8,9.7,9,8.8,8.4,8.3,8,8.1,8.5
37035,Catawba County,North Carolina,7.9,8.9,8.8,8.4,8.1,7.7,8,9.4,10,11.6,11,9.6,9.4,9.3,9.3,10.9,9.4,8.2
37037,Chatham County,North Carolina,5.3,6.5,8.2,8.1,7.5,7.6,7.5,7.3,8,8.3,8,7.8,8,7.2,8.1,7.6,7.8,8.2
37039,Cherokee County,North Carolina,7.2,7.8,7.9,8.2,8.5,9.3,9,9.9,9.2,8.8,7.8,7.3,8.7,8.3,8.7,8.2,9.9,9.9
37041,Chowan County,North Carolina,6.7,6.8,7.7,8.5,8.9,8.7,9,9.6,8.8,8.2,8.1,9.2,9.5,9.8,10.6,9.3,9,8.8
37043,Clay County,North Carolina,6.6,6.8,8.4,7.4,7.5,7.5,7.9,7.6,7.8,7.6,7.8,7.6,8.4,6.9,7.5,7.3,8,7.6
37045,Cleveland County,North Carolina,8,9.6,11.6,9.9,9.8,9.9,11.3,10.3,9.9,9.7,9.9,10.4,10.1,9.5,10.4,12.2,11.7,10.5
37047,Columbus County,North Carolina,7.7,8.9,9.9,10.2,10.7,10.1,10.3,10,10.7,11.8,13.7,11.6,13,11.9,10.9,9.8,11.1,10.2
37049,Craven County,North Carolina,8.7,7.7,7.5,8,8.5,9.2,9.6,9,7.8,8.8,8.8,11.7,11.8,10.3,9.7,9.8,10.2,10.4
37051,Cumberland County,North Carolina,10.3,9,9.8,11.3,12.1,13.4,12.7,12.4,11.7,11.8,12.8,11.5,12.8,11.3,11.5,11.9,12,12.4
37053,Currituck County,North Carolina,6.9,6.2,6.3,7,7.7,8.1,7.8,8.7,8,7,7.7,8.2,9.8,8,8.5,7.9,8.2,8.3
37055,Dare County,North Carolina,5.7,6.2,6.5,6.7,6.8,7.1,7.7,7.7,7.1,8.1,6.8,6.5,7.9,8.1,7.9,8.4,7.1,7.2
37057,Davidson County,North Carolina,7.5,9.5,8.7,10.1,8.9,9.4,8.7,10.1,9.5,9.7,9.2,9.4,11.8,11.7,11.4,10.8,8.4,9.7
37059,Davie County,North Carolina,6.8,7.5,8.5,7.8,7.6,7.5,8.3,9.3,8.7,8.5,7.8,8.5,9.3,8.9,7.9,8.1,7.9,7.8
37061,Duplin County,North Carolina,7.9,9.6,9.2,9.6,9.2,10.1,10.9,10.6,10,9.5,12.7,12.6,14,10.9,10.2,9.2,10.7,9.7
37063,Durham County,North Carolina,6.2,7.1,6.9,8.1,8.3,9.4,8.9,9.5,9.3,8.6,7.7,7.1,6.8,6.6,7,7.4,9.1,8.9
37065,Edgecombe County,North Carolina,10.7,10.5,12.1,11.2,11.6,10,10.1,10.4,11.5,11,12.5,11.7,11,10.6,10.5,11,10.3,9.8
37067,Forsyth County,North Carolina,6.4,8.3,7.7,7.1,7.2,7.7,8.6,9.2,8.7,9.3,10.5,9.9,9.8,9.1,9.9,10,8.7,9.3
37069,Franklin County,North Carolina,8.2,9,10.4,8.8,8.7,8,8.4,8.3,9.9,12.5,11.3,10.5,8,8.5,10.1,11.5,11.2,9.8
37071,Gaston County,North Carolina,10.3,9.2,10.1,10.6,8.8,9.1,9.5,12.8,12.4,12.3,11.3,9.9,10.3,8.8,9.2,9.6,8.9,8.6
37073,Gates County,North Carolina,8,9.8,11.4,10.8,10.7,10.2,9.8,10,9.5,8.2,9,8.8,9.2,9.4,10.5,9.4,9.4,9.4
37075,Graham County,North Carolina,6.5,6.9,7.1,7.3,8.2,8.2,8.4,8.5,8.5,7.8,8.1,7.9,7.5,7.6,7.9,7.9,7.8,8.7
37077,Granville County,North Carolina,7.6,8.2,8.9,8.6,9.7,9.9,9.6,11,10,10.4,9.3,8.9,8.9,8.5,9.6,9.3,8.2,8.3
37079,Greene County,North Carolina,9,8.5,9.9,10.2,10.2,9.6,9.6,9.6,9.5,8.9,9,9.1,8.8,9.8,9.1,9.3,9.1,8.8
37081,Guilford County,North Carolina,7.2,8.3,8.4,8.9,8.2,9.6,9.9,9,9,9,9.4,8.9,9.3,8.6,10.2,9.5,8.7,8.9
37083,Halifax County,North Carolina,8.1,9.8,11.3,12.7,12.4,11.2,11.3,11.5,11,10.3,9.8,10.6,12.6,12.7,11.6,10.7,11.3,11.8
37085,Harnett County,North Carolina,7.1,8.1,8.6,9.3,9,9.4,8.9,10.5,9.5,10.8,9.9,9.4,9.5,10.6,12.3,11,11.2,9.6
37087,Haywood County,North Carolina,6.4,6.5,7.1,7.9,9.2,8.6,8,7.6,7.9,8.1,7.7,7.8,9,8.1,8.4,8.9,10.8,9.1
37089,Henderson County,North Carolina,6.4,6.1,6.2,6.1,7.8,6.6,7.1,7.1,7.4,6.5,6,5.7,7.5,7.2,8.1,7.3,6.4,8.5
37091,Hertford County,North Carolina,10.9,13.8,13.9,12.7,11.4,10.6,10.4,10.5,10.3,10.6,10.9,12.6,13.9,13.1,13.3,11.7,10.7,10.6
37093,Hoke County,North Carolina,10.4,9.8,11,11.7,11.6,11.7,12.2,11.6,13.3,11.6,10.7,8.9,9.7,9.8,9.9,10.1,10.5,10.6
37095,Hyde County,North Carolina,7.7,8.4,8.6,8.8,9.7,9.9,9.9,10.4,10.1,8.5,8.2,8.7,10.5,9.7,9.8,8.8,9.2,8.9
37097,Iredell County,North Carolina,7.9,7.7,7.8,7.8,8,7.7,7.5,7.8,7.9,7.7,8.7,9.3,8.6,8.5,9.1,8.9,10.5,9.7
37099,Jackson County,North Carolina,7.6,7.3,7.5,7.9,9.7,9.6,10.3,11.5,10.2,9.3,8.1,7.4,7.9,6.7,8.2,7.5,9.1,8.7
37101,Johnston County,North Carolina,8.9,9.7,9.1,8.9,8.4,9.3,11.7,10.5,11.7,11.4,12.1,11.1,10,9.9,10.4,11.1,11.9,10.8
37103,Jones County,North Carolina,7.7,8.3,8.6,8.9,9.6,9.7,9.9,10.7,10.6,9.4,9.1,9.9,9.6,10.1,9.6,8.9,8.5,8.5
37105,Lee County,North Carolina,7.4,6.6,8.1,9.6,10.2,9.2,9.3,8.8,9.8,12.1,10.7,10.5,9.3,9.2,9,8.6,9.3,9.8
37107,Lenoir County,North Carolina,10.7,9.2,8.8,10.1,9.8,11.1,11.6,12.7,12.4,11.6,12.1,11.9,11.5,11.2,10,9,8.3,10.5
37109,Lincoln County,North Carolina,7.3,6.6,7.5,9.6,10.9,9.3,8.7,8.6,8.8,9.4,8.8,9.7,8.7,8.7,7.9,8.1,8.4,8
37111,Mcdowell County,North Carolina,8.4,8.1,9.9,9.2,8.9,10.6,11,10.2,11.1,10.3,10,9.9,10.2,9.4,8.9,8.6,10.2,8.7
37113,Macon County,North Carolina,6.6,6.7,6.3,6.6,7.3,7.7,7.3,7.6,7.5,7.7,8.1,8,7.5,8.6,10,8.7,9.1,8.5
37115,Madison County,North Carolina,6,6.8,7.6,7.6,7.3,6.9,8.7,8.3,7.8,7,7.6,7.8,7.5,7,7.6,7.3,8.5,8.5
37117,Martin County,North Carolina,10.2,9.5,10.8,9.6,10.1,10.2,9.9,10.4,11.2,10.8,10.1,9.5,9.3,9.6,10.4,10.9,9.7,9.4
37119,Mecklenburg County,North Carolina,7.1,7,7,7.5,7.7,7.8,8.9,9.1,8.9,8.7,9.1,8.8,8.6,9.4,8.2,8.6,8.5,9.9
37121,Mitchell County,North Carolina,7.5,7.9,8.1,9.6,10,9,7.8,9,9.4,8.2,7.8,8.1,8,8.6,8.7,8.6,7.6,7.4
37123,Montgomery County,North Carolina,6.3,7.8,8.6,8.7,8.9,8.7,10.1,9.6,10.3,9.2,8.4,7.8,8.6,9.1,9.7,9.1,8.9,8.8
37125,Moore County,North Carolina,6.2,6.9,8,7.4,6.5,5.9,7.2,8,8.3,7.2,6.6,7.6,7.2,7.3,6.4,7.5,6.9,6.9
37127,Nash County,North Carolina,8.3,9.1,9.3,10.6,10.1,9.9,10.6,9.3,9.7,9.3,10.9,11.1,10.7,10.2,11.9,11.1,10.9,11.2
37129,New Hanover County,North Carolina,6.5,6.6,7.4,8.1,8.9,10.2,10,8.9,8,6.8,7.5,7,7.9,6.1,6.7,6.9,7.2,8.1
37131,Northampton County,North Carolina,10.8,12.1,12.5,12.5,12.4,11,10,9.6,10.8,10.1,10.6,10.2,11,10.6,10.5,9.5,9.1,10.1
37133,Onslow County,North Carolina,8.1,9.7,9.2,9.9,9.2,9.8,9.5,10.6,10,9.5,8.5,8.6,9.1,10.8,10.4,10,9.6,10.7
37135,Orange County,North Carolina,6.1,6.3,7,6.5,6.1,5.6,6.1,6.8,7,6.6,7.3,6.4,6.4,6.8,6.6,7,6.6,7
37137,Pamlico County,North Carolina,6.7,6.9,8,8.2,8.5,8.3,8.4,8.8,9.4,8.8,9.2,8.3,9,8.6,8.6,9.3,8.2,7.4
37139,Pasquotank County,North Carolina,9.1,10,9.8,9.7,9.7,9.1,9.5,10,12.2,11.3,10.6,9.8,9.7,9.1,9.1,9.3,9.4,8.9
37141,Pender County,North Carolina,6.1,6.6,6.9,8.7,10.3,9.6,10.1,9,8.9,8.8,9.1,10,11.3,10.2,9.3,8.9,8.7,8.9
37143,Perquimans County,North Carolina,7,7.9,7.5,7.7,7.5,8,8.9,10.3,10.1,9,8.2,9.9,10.2,8.7,8.4,8.2,8.6,8.1
37145,Person County,North Carolina,8.7,7.7,8.4,8.4,9.4,10,9.6,9.9,9.1,9.7,9.4,8.9,8.4,8.1,8,8.7,8.1,8.2
37147,Pitt County,North Carolina,7.2,7.3,8.7,10,9.4,8.7,9.2,8.8,8.6,8.6,8.7,8.7,10.6,8,9.1,10,9.4,8.8
37149,Polk County,North Carolina,6.7,6.6,6.9,7,6.3,6.5,6.5,7.1,7.9,8,8,7.6,8.1,9.5,9.3,8.2,8.2,7.4
37151,Randolph County,North Carolina,6.4,5.7,6.8,8.2,9.4,8.9,9.5,9.1,9.6,11.2,11.3,10.2,8.3,8.3,9.5,9.1,10.1,10.7
37153,Richmond County,North Carolina,8.8,8.4,8,8.2,9,8.9,9.3,10.2,9.8,8.7,8.8,9.3,13,11.9,11.7,11,10.4,11.8
37155,Robeson County,North Carolina,11.2,11.9,11.1,11.4,12.2,12.1,13.5,15.4,14,14.8,14.7,14.1,14,14.7,13.4,15.2,13.7,13.5
37157,Rockingham County,North Carolina,7.4,8.2,10.1,9.5,10,9,9.3,9,11.9,10.2,10.8,9.6,9.8,8.1,10,10.4,11.1,9.3
37159,Rowan County,North Carolina,8,10.5,10.7,11.4,10.4,10.5,11.2,11,10.7,10.7,10.7,10.7,9.8,9.8,8.7,8.6,10.2,10.5
37161,Rutherford County,North Carolina,6.1,6.7,7.1,9.8,8.8,9.5,9.7,9.2,9.5,10.1,10.2,9.2,8.6,9.7,10.7,9.5,9.3,9.1
37163,Sampson County,North Carolina,8.7,9.2,9.8,8.8,10.1,10.3,9.9,10.4,9.7,11.3,11.2,11.4,9.4,10.6,11.8,12.6,11.1,14.4
37165,Scotland County,North Carolina,11.5,10.7,11.8,11.2,13,10.6,13.9,11.2,11.9,9.5,9.9,10.2,10.6,10.4,12.1,11.3,13.4,13.8
37167,Stanly County,North Carolina,7.5,8.1,8.5,8.6,8.1,8.9,8.5,9,9.4,8.6,9.6,9.6,9.8,8.7,7.9,8.1,10,9.2
37169,Stokes County,North Carolina,7,8.1,7.5,9,8.5,8.4,7.5,7.8,8.6,8.7,8.6,7.8,8,9,10.9,10.5,9.8,9.4
37171,Surry County,North Carolina,7.2,7.8,7.7,8.1,9.9,9.5,10.5,9.8,11.5,9.4,10.2,9.9,10.5,9.9,10,9.1,9.9,9.4
37173,Swain County,North Carolina,9,8.9,8.1,9.3,9.6,11.7,12.6,12.1,12.4,10.8,9.4,8.9,9,8.6,8.4,8.4,9.9,9.9
37175,Transylvania County,North Carolina,6.2,7.1,6.8,7.1,6.8,6.4,7,6.4,6.8,6.9,6.8,6.8,7.2,7.6,8.3,8.8,7.9,8.2
37177,Tyrrell County,North Carolina,7.8,7.6,8,8.8,9.2,9.1,9.6,9.8,9.5,8.4,8.4,8.8,8.8,8.5,8.9,8.8,8.5,8.5
37179,Union County,North Carolina,7.1,7.3,7.3,7.5,7.6,7.5,8,8.3,7.5,9.1,9.2,10.1,9.7,8.2,8.5,9.5,8.9,9.4
37181,Vance County,North Carolina,8.5,9.9,10.3,11.6,10,10.8,11.8,11,11,10.1,10.2,9.1,9.2,8.5,10.3,9.7,9.7,10
37183,Wake County,North Carolina,6.9,6.7,6.9,7,8.4,7.5,6.8,7.3,7.3,8.5,7.7,7.7,7.5,9.2,8.6,7.9,8,8.2
37185,Warren County,North Carolina,8.9,10.2,11.3,11.3,10.4,9.8,10.2,11.3,9.3,10,9.2,9.1,8.5,8.6,9,9,8.9,9.6
37187,Washington County,North Carolina,6.8,7,7.2,8.8,10.5,10.3,10,9.7,9.9,8.7,9.5,9.4,9.9,9.5,10.4,9.6,10.1,9.5
37189,Watauga County,North Carolina,5.3,6.4,6.6,6.3,6.2,6.1,9.8,8.7,7.8,6.9,7.3,7.4,6.4,7.2,6.8,8,6.8,6.6
37191,Wayne County,North Carolina,9,10.1,10.2,9.1,9.2,11,10.8,11.2,11.1,10.9,9.9,12.4,11.1,12.5,13.4,11.7,13,11.1
37193,Wilkes County,North Carolina,7.4,7.7,9.1,8.9,8.7,9.2,10.3,10,7.9,7.2,8.6,9.9,10.1,8.7,9.3,8.4,8.8,8.2
37195,Wilson County,North Carolina,10.6,9.5,10.4,10.7,10.6,10.6,10.3,11.6,9.8,10.1,9.3,10,9.2,10.1,9.6,10.5,9.4,8.7
37197,Yadkin County,North Carolina,6.4,6.7,8,8.6,10.6,9.6,8,7.8,7.6,7.4,7.6,7.8,7.8,8.4,9.5,9.5,10,8.2
37199,Yancey County,North Carolina,6.9,6.6,7.1,6.9,6.5,7.3,7.5,8.3,8.5,7.5,7.2,7.4,7.8,7.8,7.9,7.5,7.7,7.8
38001,Adams County,North Dakota,5.6,5.8,6.3,6.5,7.1,7.1,7.2,8.2,7.3,6.9,7.7,7.2,7.4,8.3,8.2,6.9,6.7,7.7
38003,Barnes County,North Dakota,4.7,6.1,6,6.4,6.3,6.7,6.9,5.9,6.6,7.5,7.9,7.2,6.2,7.1,7.3,9.3,8.7,8.5
38005,Benson County,North Dakota,7.5,8.2,8.5,9.3,9.2,9.5,9.9,9.5,8.7,9.8,10.1,9.5,9.4,9.7,9.1,10.2,10.2,10.9
38007,Billings County,North Dakota,6,6.1,6.5,6.4,6.5,6.9,6.9,7.3,7,6.7,5.8,6.1,6.2,6.3,6.2,7.4,7.2,7.6
38009,Bottineau County,North Dakota,5.4,4.9,5.1,5.4,7.4,7.3,7.5,7.4,7.4,6.7,7.4,6.9,7.8,6.6,7.6,7.3,7.8,7.9
38011,Bowman County,North Dakota,7,6.8,6.7,6,7.6,7.4,7.4,7.5,7.2,7.4,6.5,6.5,6.1,7.1,7.1,6.6,5.7,6.4
38013,Burke County,North Dakota,5.5,6.1,5.8,6.9,7,7.2,7.2,7.4,7,6.6,6.4,6.4,6.6,6.5,7.1,8,7.3,7.2
38015,Burleigh County,North Dakota,5.9,5.7,5.7,5.5,6,6.2,6.7,6.9,7.6,7.4,6.2,7.2,7.3,8.1,7.7,7.2,6.9,7.7
38017,Cass County,North Dakota,5.7,5.7,6.2,7.3,6.8,6.6,7.1,7.9,7.3,7.8,7.3,7.1,7.3,7.9,8.1,8.2,8.7,8.1
38019,Cavalier County,North Dakota,5.3,6.2,7.2,6.4,6.8,7,7.1,7.9,7.4,7.1,7.4,7.2,6.3,7.8,6.9,8.2,7.2,7.9
38021,Dickey County,North Dakota,5.9,6.7,6.7,7,7.5,7.2,7.2,7.6,8.7,8.6,8,7.8,8.8,7.9,8.3,7.9,6.9,7.4
38023,Divide County,North Dakota,5.6,5.9,5.6,6.5,6.3,6.6,6.8,6.2,6.5,6.9,7,7.2,6.7,5.9,6.3,7.5,7.6,7.9
38025,Dunn County,North Dakota,6.4,6.6,6.5,7.5,9.2,9.2,8.9,8.3,8.7,9.1,7,7.5,9.1,8.7,9.2,9,8,9.1
38027,Eddy County,North Dakota,6.2,6.2,7.6,7.4,8.4,8.2,8.6,8.2,9.2,8.4,9.4,9.8,9.1,7.9,7.6,7.6,8.5,8.6
38029,Emmons County,North Dakota,7.6,7,6.9,7.3,7.2,7.5,7.7,7.9,7.4,8.1,7.3,7.9,7,7.5,8.8,9.6,9,7.8
38031,Foster County,North Dakota,5.6,6,5.5,6.9,7.6,7.4,7.4,7.9,8.1,7.3,7.2,6.2,7.1,6.9,8,7.7,8,8.3
38033,Golden Valley County,North Dakota,5.5,5.9,5.6,6.5,6.4,6.7,7.1,7,6.7,6.4,6.3,7.3,6.3,7.4,6.8,7.2,7.4,7
38035,Grand Forks County,North Dakota,5.2,6.1,6.2,6.5,7.2,7.3,7,6.9,6.5,7.4,8,8.1,8.7,9,9.6,9.5,8.8,9.3
38037,Grant County,North Dakota,5.7,6.4,6.9,6.8,6.2,6.4,6.8,7.4,7,6.7,6.9,6.7,7.7,8.4,8,8.4,8.1,6.9
38039,Griggs County,North Dakota,5.3,5.6,5.9,5.7,6.4,6.7,7.1,7.7,7.7,6.8,6,6.8,6.8,7.3,7,7.5,6.7,6.9
38041,Hettinger County,North Dakota,5.9,6.3,6.3,7.9,7.8,7.9,8.1,8.4,8.1,6.6,7,6.6,8.1,7.2,8.3,8.5,7.7,8.2
38043,Kidder County,North Dakota,5.6,5.5,6.4,6,6.5,6.6,6.9,7.2,6.8,5.8,6.1,6.6,7.5,6.6,6.2,5.3,6.1,5.9
38045,Lamoure County,North Dakota,7.4,7.1,7.2,7.3,6.3,6.9,7.3,7.7,9.3,8.4,7.4,6.7,6.7,7.2,6.9,7.3,7.7,6.4
38047,Logan County,North Dakota,5.8,6.1,6.4,7.3,7.3,7.7,7.9,8.4,7.5,7.9,7.6,7.6,6.8,8.3,8.1,7.5,8.2,9.8
38049,Mchenry County,North Dakota,6.9,6.8,7.2,7.2,8.6,7.9,7.7,7.6,6.9,5.8,6.4,5.6,5.9,6.9,7,7.5,7.8,7.1
38051,Mcintosh County,North Dakota,6,6,6.6,7.3,6.9,7.4,7.7,6.8,7.7,6.6,6.9,6.5,6,6.7,7.8,8.9,9.7,9.4
38053,Mckenzie County,North Dakota,5.6,6.6,6.5,6.2,6.3,6.7,7.3,7.3,7,7.8,9.3,8.6,8,8,7.3,7.1,6.6,8.6
38055,Mclean County,North Dakota,6.2,6.6,6.9,6.8,6.5,6.7,6.9,8.4,7.6,6.9,8.3,9,7.7,7.2,7,7.3,8.3,8.6
38057,Mercer County,North Dakota,5.6,6.3,5.4,6.6,6.8,7.2,7.2,6.3,7.1,7.1,9.5,8.2,8.7,7,7.6,6.5,7.8,8.4
38059,Morton County,North Dakota,5.9,6.8,6.6,6.2,6.4,7.2,6.6,6.2,6.9,6.9,6.3,6.6,7.3,7.3,8.6,9,10.1,9.1
38061,Mountrail County,North Dakota,6.9,7.9,8,8.7,7.3,7.9,8.5,8.5,8.7,10,11.6,10.4,10.4,8.9,9.7,9.8,9.3,9.2
38063,Nelson County,North Dakota,6,5.9,7.3,6.6,7.3,6.8,7.2,7.7,7.2,7.1,8.5,8.4,8,7.1,7.5,8.3,9.5,9
38065,Oliver County,North Dakota,6.2,6.2,6.6,6.4,7.1,7,7.2,8.4,8.1,8,7.8,8.8,7.6,6.5,6.9,7,6.5,6.7
38067,Pembina County,North Dakota,6.4,6.3,6.4,6,6.9,6.9,7.2,7.3,9.5,8.3,7.8,7.6,8,9.4,10.3,8.5,7.4,7.8
38069,Pierce County,North Dakota,6.6,6.3,6.2,5.5,6.5,6.6,7.3,8,7.1,6.9,7.2,6.9,7.4,6.4,6.3,5.9,6.8,7.5
38071,Ramsey County,North Dakota,5.7,5,6.1,5.7,5.6,6,6.8,6,7.5,7.5,7.4,6.8,7.1,7.4,9,8.6,8.4,7.7
38073,Ransom County,North Dakota,5.8,5.7,6.8,7.9,7.7,7.4,7.2,8.3,8.2,7.8,7.2,8,8.2,9.2,9.2,9,8.1,7.8
38075,Renville County,North Dakota,6.3,6.7,7,7.2,6.6,6.6,6.9,7,8.1,7.6,7.8,6.3,6.9,7.3,7.7,7.1,6.5,7.6
38077,Richland County,North Dakota,5.1,5.5,5.4,5.8,5.7,6,5.9,7,7.3,7.2,6.9,6.7,7.4,7.6,8.6,7.8,8.2,8
38079,Rolette County,North Dakota,9.1,10.2,10.8,13,12.9,12.1,11.4,11.8,11.6,10.6,10.6,12.7,14.1,12,14.1,15.5,16.6,15.8
38081,Sargent County,North Dakota,5.1,5.1,5.5,6.4,7.2,7.2,7.3,7.6,7.3,6.7,6.8,6.6,8.5,7.4,8.4,7.3,8.1,7.9
38083,Sheridan County,North Dakota,5.9,6.1,6.5,6.9,7.2,7.4,8.1,8.8,8.5,8.3,7.2,6.9,6.8,7.1,8.2,9.2,9.5,8.3
38085,Sioux County,North Dakota,9.4,8.7,8.9,9.9,11.8,10.9,12.1,12,11.1,10.2,10.2,11.1,11.2,13.9,13.7,12.1,11.4,11.4
38087,Slope County,North Dakota,5.9,5.7,5.8,6,6.4,6.5,7.1,7.3,6.9,5.8,6.5,6.7,6.6,6.6,6.4,7.1,7.2,6.8
38089,Stark County,North Dakota,5,5.2,6.4,6.4,6.6,7.7,7.9,8.6,7.8,7.7,7.5,7.3,7,6.9,6.6,7.3,7.2,7.5
38091,Steele County,North Dakota,5.9,5.8,5.8,7.1,7.9,7.6,7.3,7.3,7.8,7.6,7.5,7.7,7.4,8.8,8.7,7.3,8.3,8.3
38093,Stutsman County,North Dakota,6.6,6.1,5.9,5.9,6.6,7.2,7.5,7,7.5,8,6.9,7.6,8,8.2,7.2,7,6.5,6.9
38095,Towner County,North Dakota,5.7,5.6,6.2,5.7,6.4,6.5,6.9,7,7.7,6.6,7.1,6.8,6.9,6.4,6.2,6.7,6.8,8
38097,Traill County,North Dakota,5.2,5.7,6.5,6.1,6,6.3,6.8,7.5,7.7,7.8,6.1,7.2,7.7,8.9,9.4,8.3,7.6,7.1
38099,Walsh County,North Dakota,5.8,6.3,6.6,7.4,6.9,7.1,7.4,8.8,9.6,7.4,6.5,6.3,7.7,8.2,8.7,7.5,7.6,8.9
38101,Ward County,North Dakota,6.3,6.7,6,6.5,6.4,8.6,8.1,8.7,8.2,7.8,8.3,8.5,8.7,8.7,8.6,9.1,8.6,9.1
38103,Wells County,North Dakota,6.5,6.7,5.3,5.7,5.9,7.2,7.8,7.8,9,8.5,6.7,7,6.3,7.5,8.8,7.8,8.4,7.3
38105,Williams County,North Dakota,6.2,5.2,5.7,6,7.8,6.7,7,7.8,7.7,8.5,8.2,8.5,7.7,8.9,9.5,8.3,7.5,7.6
39001,Adams County,Ohio,6.4,6.6,6.9,9.5,8.9,7.9,8,7.9,7.8,7.6,8,8.3,10.2,10.8,11.6,11.7,11,11.3
39003,Allen County,Ohio,5.6,5.8,6,9.6,8.6,8.6,7.7,9.6,11.3,9.9,10.1,10,9,10.3,10.4,11.1,11.4,11.8
39005,Ashland County,Ohio,5.9,5.8,6.7,7.1,7.9,7.7,8.2,7.5,7.6,6.8,6.8,7.1,6.6,7.8,7.6,7.1,8.3,7.7
39007,Ashtabula County,Ohio,6.1,7.4,7.4,7.9,6.9,7.5,8.4,9.1,9.7,9,9.7,10.5,9.8,9.5,9.2,10.1,9.2,9.4
39009,Athens County,Ohio,6.4,6.5,6.6,7.7,8.5,11.1,9.8,8.7,11.7,9.9,9.7,10.1,10.7,11.5,10.5,10.1,11,9.8
39011,Auglaize County,Ohio,5.8,6.1,6.3,7.4,6.4,7.1,7.7,8.2,7.8,6.7,8,9.2,8.2,8.3,8.2,7.9,9.2,11.4
39013,Belmont County,Ohio,5.7,7,6.3,8.2,8.4,7.5,8.4,9.9,10.7,11.9,11.3,9.7,9.8,10.3,11.3,10.4,10.1,10.9
39015,Brown County,Ohio,6.5,6,6.4,7.1,6.8,7.2,8.7,9.3,9.2,8.3,9.9,10.6,9.2,9,9.1,10.3,9.3,9
39017,Butler County,Ohio,6.4,7.1,6.7,7.9,9.9,9.5,10.4,8.3,10.4,10.1,9.7,8.7,10.1,9,9.3,9.6,9.4,10.4
39019,Carroll County,Ohio,6.1,6,6,6.8,7.3,7.4,6.7,7.6,9.2,8.4,7.2,7.4,7.4,8.9,8.8,8.8,9.5,9.3
39021,Champaign County,Ohio,5.6,6.6,7.1,7.4,6.8,7,7.1,7.5,8.2,7.7,9.4,8.5,8,8.2,8.3,9.6,8.2,7.7
39023,Clark County,Ohio,6.9,6.4,6.3,8,9,8.8,8.2,9.5,9.8,8.9,9.2,10,10.3,9.7,10.4,10,11.6,10.9
39025,Clermont County,Ohio,5.6,5.4,5.4,6.2,7.9,7.3,7.6,8.3,8.7,9.2,9.3,9.5,8.9,8,10.6,9.9,9.9,10.2
39027,Clinton County,Ohio,5.8,5.8,6.2,8.1,8.1,7.6,7.6,7.5,7,7.5,8,7.6,7.3,7.3,7.6,8.2,8.7,8.9
39029,Columbiana County,Ohio,5.7,6.5,6.5,6.6,8.1,8.6,9.8,8.5,7.9,7.1,8.9,7.7,9.3,8.9,10.4,10.7,11.1,9.8
39031,Coshocton County,Ohio,6.8,6.6,6.8,7,7.5,8.3,8.6,8.4,11.5,10.3,10.5,9.6,9.4,10,8.6,9.6,10.3,10
39033,Crawford County,Ohio,5.6,5.6,6,9,7.5,8.6,8.1,9.7,9.1,8.4,9.2,8.4,7.7,7.4,9,9.4,9.5,8.7
39035,Cuyahoga County,Ohio,8.5,8.1,8.3,8.6,8.9,9.3,9.1,8.8,9.9,9.4,9.8,9.8,9.3,9.4,9.6,9,9.5,9.9
39037,Darke County,Ohio,5.6,6.1,6.1,6.9,6.7,7.2,7.3,7.8,7.5,8.3,8.1,6.9,7.1,7.2,8.8,10.5,8.9,7.1
39039,Defiance County,Ohio,5.7,6.1,6,6.7,7.5,7.2,7.5,7.3,7.2,8,7.9,8,8.5,9.1,8.7,8.7,10,10.3
39041,Delaware County,Ohio,5.2,6,6.1,7.7,7.8,8.2,7.2,7.3,7.6,7.1,8,7.6,7.1,7.6,8.4,8.2,9,9.1
39043,Erie County,Ohio,5.7,5.9,6.4,7.2,8.4,7.4,7.8,7.4,7.7,7.7,7.8,8,8.7,9.2,9.4,10.2,9.1,8.1
39045,Fairfield County,Ohio,5.9,5.7,6.3,8.4,8,9.6,8.5,8.8,8,8.5,9,8.1,9.1,7.5,8.6,8.7,8.6,10.5
39047,Fayette County,Ohio,6.4,6.5,6.9,8.6,8.8,8.3,8.1,8.3,9.3,8.5,9.1,9.3,9.6,9.4,9.6,10.1,12.2,11.3
39049,Franklin County,Ohio,7,7.9,7.7,8.6,9.5,9.9,10,9.9,9.6,9.2,10.2,9.9,9.3,9.6,10.4,10.2,10.4,10.1
39051,Fulton County,Ohio,5.8,5.9,6,6.9,8.3,9,8.6,8.2,8,7.9,9.7,9.9,9.2,7.3,7.6,8.4,8.5,8.8
39053,Gallia County,Ohio,6.6,6.6,6.9,7.6,8.5,9.5,8.8,9.3,10.5,8.8,10.9,10.6,12,12.7,12.5,11.2,12.1,11.9
39055,Geauga County,Ohio,6.3,6.3,6.2,6.1,6.4,6.7,6.3,6.8,6.7,7,7.9,7.1,6.7,6.6,8.1,7.3,7.1,7.4
39057,Greene County,Ohio,6.2,5.6,6.9,7,7.2,8.3,7.6,8,7.6,8.9,8.1,8.5,8.7,9.9,9.9,9.3,8,9.3
39059,Guernsey County,Ohio,5.8,6.2,6.3,8.7,8.9,8,7.2,8.8,9.4,9.2,8.7,7.8,9,7.8,9.3,10.9,9.8,11.7
39061,Hamilton County,Ohio,8.7,8.4,7.4,8.4,8.4,8.5,9.2,10,10.7,9.3,9.3,9.2,9.8,10,11.1,9.8,10.3,10.7
39063,Hancock County,Ohio,5.9,7,6.6,5.8,5.8,6.3,6.8,7.7,8.7,8.6,8.5,8.6,9.6,8.4,8.8,8.8,9.3,8.6
39065,Hardin County,Ohio,5.5,5.7,6.1,6.5,7.8,7.9,7.4,7.3,6.6,6.9,7.1,7.3,10.2,10,10.4,10.7,9.5,7.8
39067,Harrison County,Ohio,5.6,5.8,5.9,6.2,8.6,8.4,8.9,8.3,8,8.7,8.3,8.1,7.6,9,9,7.8,8.3,10.1
39069,Henry County,Ohio,5.6,5.8,6.2,6.7,6.8,7.1,7,7.5,7.7,7.3,8.4,7.3,6.8,7.4,8,9,8.5,6.8
39071,Highland County,Ohio,6.5,7.4,7.5,8.8,7.8,7.4,8.4,9,9.1,7,8.1,9.3,9.7,10.4,11.8,10.8,10.2,10.3
39073,Hocking County,Ohio,6,6,6.2,7.1,7.8,8.5,8.1,7.6,8.2,9.5,10.3,10.5,10.6,8.6,9.3,8.5,7.6,9.2
39075,Holmes County,Ohio,6.1,6.2,6.7,8.3,7.5,7.7,7.9,8.1,7.6,7.5,7.4,8.1,8.8,8.2,7.4,6.9,8.1,7.7
39077,Huron County,Ohio,5.7,5.9,6.5,6,7,7.4,7.6,7.5,7.4,8.3,9.6,9.1,9.1,7.9,6.9,6.9,8.3,10.1
39079,Jackson County,Ohio,6.5,6.6,7,8.5,9.5,8.9,9,8.7,10,11.8,10.5,9.7,10.5,12.3,14.1,12.8,12.9,12.4
39081,Jefferson County,Ohio,6.5,6.4,6.3,9.2,8.7,10.6,10.5,11.4,10.3,11,11.5,10,11.7,10.1,10.7,9.5,11,10.5
39083,Knox County,Ohio,5.7,6.1,6,7.3,8.2,7.5,8.6,7.9,7.8,7.4,8.3,9.4,9.6,8.4,8.9,9.5,9.1,9.4
39085,Lake County,Ohio,6.1,7.1,7,7.2,9.1,8.7,9.4,8.1,8.8,7.8,7.6,7.7,7.4,7,8.1,8.5,9.2,8.8
39087,Lawrence County,Ohio,6.4,7.3,7.3,9.7,9.8,10,10.6,9.6,10.5,12.2,12.6,12.8,13.3,14.2,13.8,14.3,11.1,11.5
39089,Licking County,Ohio,5.9,5.8,6,9.3,10.3,10.1,10.6,9.6,9.5,8.9,8.4,8.9,9.1,9.3,9.1,11.1,11.9,11.8
39091,Logan County,Ohio,6,6.2,6.5,7.5,8.3,7.7,8.5,9,9.3,7.4,8.6,7.1,6.9,6.6,8.1,7.3,7.6,8.9
39093,Lorain County,Ohio,7.5,7.6,7.7,7.6,7.7,9.2,9.5,8.6,9.5,9.6,8.7,9.5,9.2,9.2,11.5,11.4,10.3,9.4
39095,Lucas County,Ohio,7.7,9.2,9.1,9.1,10.2,9.3,9.9,9.1,10.7,9.6,10.5,9.9,10,11.4,10.2,11.2,11.1,11.3
39097,Madison County,Ohio,5.7,6,6,7.1,7.5,10.1,8.8,7.7,6.4,7,7.8,7.7,7.9,7.9,9.4,10.5,9,9
39099,Mahoning County,Ohio,8.3,8.7,9.6,9.6,8.3,8.6,9.3,9.2,10.1,9.3,8.9,9.9,9.7,9.8,11.6,11.8,11.4,11.2
39101,Marion County,Ohio,6,6.7,7.3,9.2,9.2,8.8,8.3,8.9,9.4,8.5,9.9,11.5,10.9,10.4,9.8,10.2,11.4,11.9
39103,Medina County,Ohio,5.6,6.6,6,6.1,5.7,6.8,7.9,9.3,7.5,6.7,7.2,8.1,7.4,7.9,8.1,8.8,8.3,7.3
39105,Meigs County,Ohio,6.5,7,6.8,6.9,7.1,8.1,8.5,9.8,10.1,11.7,12.9,9.6,10,12,13.2,13.4,11.7,11.4
39107,Mercer County,Ohio,5.5,6,5.9,7,7.1,7.6,7.6,7.7,6.1,7.5,7.9,8.3,8.5,8.4,8.9,8.3,7.6,8
39109,Miami County,Ohio,5.7,5.9,5.7,7.6,7.8,8.7,8.3,7,8.5,7.5,9.1,8,9.4,9,7.4,9,7.9,7.7
39111,Monroe County,Ohio,6.3,6.8,6.9,7.7,8.9,8.3,7.9,7.8,8.7,10.7,9.8,9.9,9.8,9.2,9.7,7.7,8.8,10.2
39113,Montgomery County,Ohio,9.2,8.7,8.7,8.8,9.9,10.6,10.4,10.8,11.2,10.3,10.9,10.8,10.6,10.4,10.9,10.8,11.1,11.3
39115,Morgan County,Ohio,6.4,7,7.1,7.9,8,8.5,8.5,9.8,10.7,10.1,9,7.9,9,11.5,10.4,8.9,7.9,8.1
39117,Morrow County,Ohio,5.6,6.2,6.4,7.3,6.7,6.7,7.2,8.9,7.8,8.1,8.9,8.6,9.3,9.8,10.7,10.5,8.1,8.8
39119,Muskingum County,Ohio,5.6,6.1,6.4,7.1,9.2,9.4,8.6,7.8,9.5,9.6,10,9.8,10.3,11.8,10.1,9.5,9.9,11.6
39121,Noble County,Ohio,6.7,6.7,7.2,7.4,7.7,8.3,7.9,7.9,8.5,8.6,8,8.2,8.6,7.8,8.9,9.1,8.8,9.3
39123,Ottawa County,Ohio,5.7,5.8,5.6,5.7,6.5,6.9,7.5,7.1,7.5,6.5,6.2,8.4,8.5,8.4,7.7,7,7,8.2
39125,Paulding County,Ohio,5.8,5.8,6.2,7,6.5,6.9,6.4,6.8,7,7.7,8.2,7.3,7.3,7.3,8.5,10.5,8.6,8.9
39127,Perry County,Ohio,6.9,7,7.1,8,7.9,8.3,9.3,8.3,9.6,9.1,10,9.5,10.1,8.4,7.8,8.5,8.3,9.7
39129,Pickaway County,Ohio,6,6.2,6.1,9.1,10,8.9,8.6,7.9,9.1,7.8,8.7,8.5,9.2,9.2,9.2,8.5,8.7,10.1
39131,Pike County,Ohio,6.6,6.7,7.1,9.1,7.9,8.8,9.4,10.3,11.4,9,8.6,10,9.9,11.2,12.6,15.7,13.7,11.2
39133,Portage County,Ohio,6.4,5.9,6.2,7.9,8.1,6.5,7.5,7.3,7,7.3,7.5,8.2,8.9,9.3,8.2,8.9,7.9,8.5
39135,Preble County,Ohio,5.8,5.8,5.8,7.2,7.4,7.5,7.3,7.4,7,7.5,8.6,8.5,8.6,8.1,7.3,8.5,10,10
39137,Putnam County,Ohio,5.7,5.7,5.9,7.6,8.1,7,6.3,7.3,7.5,6.6,6.5,6.1,8.2,7.5,6.9,6.6,7.9,8.7
39139,Richland County,Ohio,5.7,5.9,6.6,7.3,8,8,7.7,7.6,8.9,9.8,8.4,7.5,9.7,10,10.7,10.3,10.6,10.7
39141,Ross County,Ohio,7.5,7.8,7.6,7.5,7.9,8.2,8.8,9.2,10.1,9.9,10.7,9.7,10.6,11.2,12.5,11.8,11,10.9
39143,Sandusky County,Ohio,5.7,6.6,7,6.4,7.2,8.1,8.3,8,9,8.2,9.2,7.5,10,9.3,9,9.6,9.2,10.2
39145,Scioto County,Ohio,6.8,6.2,6.8,7.1,8.1,9.1,9.1,8.9,9.8,9.1,13.5,13.9,12.4,12,12.3,12.5,12.9,13.1
39147,Seneca County,Ohio,5.6,6.2,6,5.6,6.9,6.7,6.8,7.1,8.2,9.9,9.3,10.3,9.3,8.6,10.8,10.8,10.3,9.6
39149,Shelby County,Ohio,5.7,6.1,6.1,6.2,7,6.9,7.6,7,8.1,6.6,7,7.5,8,7.7,6.9,6.7,7,8.2
39151,Stark County,Ohio,6.2,7.6,7.2,9.2,9.3,9.7,9.1,9.1,10.1,9.9,9.8,9.3,9.7,9.6,10.2,9.5,9.6,9.9
39153,Summit County,Ohio,7.5,7.8,8.9,9.9,9.2,9.3,9.3,8.4,8.1,8.4,8.6,9.1,8,9.5,10.2,9.5,9.5,9.5
39155,Trumbull County,Ohio,5.9,6.2,6.3,6.3,7.6,7.9,7,8.5,8.7,8.9,8.5,8.6,9.3,10.7,9.1,9.7,10.5,11.1
39157,Tuscarawas County,Ohio,5.9,6.7,6.7,7,9,7.9,7.3,6.2,6.7,8.6,9.9,10.4,9.6,8.8,9,9.5,8.3,8.9
39159,Union County,Ohio,5.8,6.6,6.4,7.1,6.2,7.5,7.5,8.2,9.5,7.6,7.5,6.9,7.6,8.1,7.5,7.9,8.2,8.5
39161,Van Wert County,Ohio,5.8,6.2,6,5.9,6.3,7.3,7.4,7.6,9.4,9.4,9.8,8.1,8.8,8.7,9,10.9,10.6,9.7
39163,Vinton County,Ohio,6.4,6.6,7,8,8,8.1,8.4,8.2,9.9,9.9,13.1,10.7,9.7,9.6,7.9,12.4,13,13.1
39165,Warren County,Ohio,6.2,6.1,6.3,7.5,8.2,7.8,7.6,6.8,7.9,7.5,7.6,7.9,9.3,8.4,8.6,8.6,7.8,8
39167,Washington County,Ohio,6.7,7.4,7.8,10.8,10.3,8.9,8.5,8.7,8.9,9.6,11,10.6,10.7,11.3,11.5,11.8,9.3,10.6
39169,Wayne County,Ohio,6.9,7.3,7.5,8,7.9,8.4,7.5,8.2,8.6,8.9,9.4,9.1,9.7,9.4,8.2,8.5,8.5,9
39171,Williams County,Ohio,5.5,6.3,6.3,7.2,7.3,6.4,7.4,9,9.8,9.8,9,8.8,8.6,9.5,10.3,11,10,8.5
39173,Wood County,Ohio,5.6,6.1,6.4,8.6,7.1,8.1,7.4,9,9.7,9.9,9,8.2,9.1,9.7,10.5,11.3,10.3,10.1
39175,Wyandot County,Ohio,5.5,6,6.4,7,7.5,7.5,7.6,7.3,8.7,8,7.5,7.3,7.7,9.5,9.2,10.3,9.5,7.6
40001,Adair County,Oklahoma,8.1,10.1,9.1,10.4,11.7,9.9,10.7,10.9,10.8,8.9,9.6,10.8,13.2,11.7,10.8,10.6,11.6,10.6
40003,Alfalfa County,Oklahoma,7.1,8.1,8.3,8.4,8.4,8.6,8.9,10.1,9.7,8,9.2,8.2,8,8.2,8.7,8.8,8.4,8
40005,Atoka County,Oklahoma,6.9,7.3,8.3,9.1,9.4,10.7,10.4,10.1,9.7,8.5,9.1,9.7,10.1,8.7,9.1,7.6,7.9,7.9
40007,Beaver County,Oklahoma,6.4,7,7.1,7.7,7.2,7.6,7.8,8.2,8.3,7.7,8.1,8.1,8.4,8,8.2,7.8,7.7,7.2
40009,Beckham County,Oklahoma,8.1,7.5,6.8,8.5,8,9,8.9,8.2,8.2,7.1,7.9,9.2,10.2,10.6,9.8,8.3,8.6,8.5
40011,Blaine County,Oklahoma,7.2,7.1,7.9,7.8,8,7.7,7.7,8.4,9.7,10.1,9,8.9,8.9,10.3,9.4,9.4,10.4,9.5
40013,Bryan County,Oklahoma,8.5,9.7,8.4,8.3,9,9,9.4,10.1,9,8.9,9.1,10.5,8.9,11.5,10.6,9.9,8.6,12.2
40015,Caddo County,Oklahoma,7.3,8.4,9.5,9.1,10.2,9.4,8.8,8.2,9.3,8.9,9.9,10.5,9,9.2,11.2,9.9,11.2,11.7
40017,Canadian County,Oklahoma,5.3,6.6,7.4,8.1,9.5,9.7,9.7,9,10.6,10.2,10.9,9.9,10.3,9.8,9.5,9.9,10.2,9
40019,Carter County,Oklahoma,6.1,7.7,7.9,8.2,7.7,7.5,8.8,10.5,10.5,10.6,10.1,9.2,9.5,9.5,11.5,12.4,10.4,9.4
40021,Cherokee County,Oklahoma,8.4,8.4,8.4,10.2,10.2,10.3,10.2,9.7,10.6,11.2,11.7,11.5,13.3,12.3,11.9,10.7,11.7,12
40023,Choctaw County,Oklahoma,8.5,8.1,7.8,8.3,9.2,9.4,10.2,11.3,11,11.7,10.6,10.1,10.6,10.1,12.3,10.8,10.7,10.5
40025,Cimarron County,Oklahoma,6.7,6.6,7.5,7.4,7.5,7.6,7.9,8.3,7.5,6.8,7.6,7.6,8.1,7.8,7.9,7.7,7.6,7.2
40027,Cleveland County,Oklahoma,5.5,6,7,7.3,9.4,8.9,8.1,8.6,9.3,9.7,9.9,10.1,10.2,9.6,9.5,9.3,9.3,9.2
40029,Coal County,Oklahoma,7.4,7.7,7.8,8.9,8.3,8.9,8.9,10.3,9.1,8.1,8.7,10,9.5,9.1,9.4,10.1,9.7,9
40031,Comanche County,Oklahoma,7.8,8.6,9.1,9.1,8.1,9.2,9.5,11.4,11.1,10.5,11.1,10.2,10.3,9.9,12.3,10.8,12.3,13.2
40033,Cotton County,Oklahoma,7.5,7.5,8.1,9.1,8.5,8.4,8.9,10.1,11.2,9.2,10,8.7,8.7,8.4,8.7,8.9,8.5,8.1
40035,Craig County,Oklahoma,8,8.1,8,9.5,9.6,10.5,10,10.6,9.5,9.3,8.4,8.2,7.7,9.8,9.6,9.6,9.4,8.8
40037,Creek County,Oklahoma,6.9,7.3,7.7,8.3,8.3,9,9.6,9.1,9.6,10.4,11.7,11.8,11,10.5,9.8,8.6,8.8,10.6
40039,Custer County,Oklahoma,8.1,8.3,8.2,9.1,8.6,9.6,8.8,9.1,10.3,9.9,11.1,11.5,9.7,9,9.2,9.4,9.5,11.7
40041,Delaware County,Oklahoma,7.9,9.2,9.5,9.6,9.2,10.3,11.3,12.2,10.6,11.1,9.8,9.4,9.8,9,11.2,10.4,9.9,9.1
40043,Dewey County,Oklahoma,6.1,7.1,6.8,7.7,8,8.3,8.4,9.9,9.5,9.3,9,9.1,8.6,8.6,9.7,9.2,9,8.6
40045,Ellis County,Oklahoma,6.2,6.3,6.7,7.8,7.6,7.7,7.8,7.9,7.6,8.6,8.2,8.1,8.3,8.2,7.8,7.9,7.9,8.6
40047,Garfield County,Oklahoma,6.2,7.8,7.6,8.7,8,7.9,7.7,9.2,8.5,7.9,8.3,8.3,8.5,8.2,8.7,8.7,9.1,8.9
40049,Garvin County,Oklahoma,7.3,6.9,8.4,7.9,8.9,8.2,8.7,9.5,9.3,10.9,9.5,8.8,9.9,10.1,9.5,9.5,9,9.6
40051,Grady County,Oklahoma,6.5,6.5,8,7.3,7.5,7.1,7.4,8.3,8.8,8.9,10,10,9.3,9.2,8.6,10.3,9.5,9.2
40053,Grant County,Oklahoma,6.8,7,7,7.9,8.1,8.5,8.6,8.7,8.7,8.9,8.2,8.8,8.8,9.4,9.1,9.6,9.3,9.7
40055,Greer County,Oklahoma,6.9,6.9,6.9,7.9,7.7,8.2,8,8.8,8.9,9.2,8.3,8.9,8.9,8.9,8.7,8.1,8.1,8.7
40057,Harmon County,Oklahoma,6.8,7.8,7.8,9,8.1,8.2,8.2,8.6,8.2,7.1,7.8,7.7,7.6,7.8,8.1,7.8,7.8,7.8
40059,Harper County,Oklahoma,6.1,6.4,7.6,8,9,8.2,8.2,8.2,8.5,7.4,8,8,7.6,7.5,7.4,8.1,7.8,8.1
40061,Haskell County,Oklahoma,6.6,6.7,7.7,8.8,8.9,8.8,9.1,9.2,12.3,12.2,13,10.5,9.9,9.1,8.4,8.3,8.7,9.8
40063,Hughes County,Oklahoma,7,7.3,8.1,8.1,9.1,9.4,9.4,9.3,10.7,10.7,11.4,11.2,11.2,10.9,11,10.6,9.7,9.3
40065,Jackson County,Oklahoma,8.4,7.9,7.5,9.4,9.7,11.2,10.3,9.6,9.7,9.6,10.4,10.1,9.6,8.9,8.5,9.1,10.2,9.6
40067,Jefferson County,Oklahoma,7.2,6.9,7.4,7.5,8.8,8.7,9,8.9,9,7.8,9.3,8.4,8.3,8.3,9.5,9.3,9.2,8.8
40069,Johnston County,Oklahoma,6.4,7.8,7.3,8.1,7.5,8.2,8.5,9.4,9.4,8.6,9.5,8.9,9.7,8.7,9.1,8.9,8.8,8.3
40071,Kay County,Oklahoma,8.5,9.6,8.3,7.7,7.8,9.5,11.1,10.8,9.7,8.9,9.2,10.2,9.4,11.2,9.9,10.1,9.7,9.1
40073,Kingfisher County,Oklahoma,6.2,6,6.4,8.2,8.5,9,9.1,8,8.6,8.7,9.3,8.9,10,10.5,9.4,9.8,9.5,8.5
40075,Kiowa County,Oklahoma,7.8,8.3,8.1,7.7,7.8,8,8.3,10.4,9.5,9.3,9.3,8.1,10.6,9.7,9.6,9.2,8.7,8.9
40077,Latimer County,Oklahoma,7.6,8.6,8.5,9.5,9.2,9.3,9.2,9.6,10,10.8,10.7,11.2,10.5,9.1,8.9,10.4,10.2,10.7
40079,Le Flore County,Oklahoma,7.8,9,10.7,10.3,10.5,9.6,9.4,11.2,11.9,12.3,11,10.9,11,12.6,11.1,11.3,11.4,12.1
40081,Lincoln County,Oklahoma,6.3,8.2,8.3,9.7,8.7,8.9,9.9,8.6,9.9,10.2,10.3,10.4,10.3,10.9,9.1,9.9,9.7,9.3
40083,Logan County,Oklahoma,6.7,6.1,7.1,9.2,9.1,9.2,10.1,10.8,11,9.9,9.3,9.5,9.5,9.7,9,10.3,10.1,8.5
40085,Love County,Oklahoma,6.6,6.9,8,7.9,8.8,8.4,8.6,8.2,8.5,8.7,10.5,10.1,9.1,7.5,8.6,8.2,8.1,9
40087,Mcclain County,Oklahoma,5.8,6.8,7.1,6.9,6.5,8.9,9,8.6,8.7,7.7,7.7,7,8.2,9.2,9,8,7.1,8.5
40089,Mccurtain County,Oklahoma,6.9,7.5,7.9,9.5,8.9,9.8,9.7,9.6,10,10.5,10.5,10.7,11.7,11.2,10.9,11.4,10.4,11.5
40091,Mcintosh County,Oklahoma,7.7,8.2,8.3,8.5,8,7.8,9.1,11.3,10.2,8.7,9.3,9.1,11.2,9.6,11.4,10.3,10.2,11.3
40093,Major County,Oklahoma,5.2,5.9,6.4,5.9,6.2,6.5,7,7.7,7.9,6.7,6.9,6.7,6.5,7.4,8.2,7.8,7.3,6.9
40095,Marshall County,Oklahoma,6.9,7.3,8.2,9.5,8.1,7.9,8.9,10,9.4,8.1,9.4,10.2,11.1,9.5,10.5,9.9,9.6,8.5
40097,Mayes County,Oklahoma,6.1,9.3,9.4,10.1,9.2,9.7,11.2,12,11.6,9.7,10.6,8.1,10,9.3,11.4,11.5,13.9,12
40099,Murray County,Oklahoma,7.5,7.5,8.7,8.5,10.3,9.5,9.5,9.4,10.4,8.8,9.2,9.8,9.7,9.6,10,8.6,9.8,9.2
40101,Muskogee County,Oklahoma,9.1,8.6,9.4,11.1,10.4,11.4,10,12,11,11.2,11.2,10.7,10.3,11.2,12.2,11.8,12.1,12.4
40103,Noble County,Oklahoma,6,6.6,6.9,7.1,7,7.2,7.3,7.7,7.6,7.6,7.5,8,8.1,7.3,8,8.7,8.1,7.6
40105,Nowata County,Oklahoma,7.3,6.8,7,7.8,8.9,8.8,8.9,9,9.5,9.6,9.2,8.5,8,8.1,8.3,9.4,8.8,8.1
40107,Okfuskee County,Oklahoma,8.2,9.2,9.8,10.8,9.9,9.8,9.4,10.3,9.8,8.2,9.3,9.8,10.5,10.4,9.4,10.6,10.2,9.2
40109,Oklahoma County,Oklahoma,6.8,7.6,8.8,8.8,9.5,9.7,9.8,10,9.8,9.7,9.7,10.1,9.9,10.8,11,10.7,10.8,11.8
40111,Okmulgee County,Oklahoma,9,9.5,8,9,7.5,8.4,9.7,9.8,9.3,8.7,9.7,10.7,9.4,9.3,9.2,9.2,10.2,11.6
40113,Osage County,Oklahoma,8.8,8.4,9,8.5,9.1,10.1,8.8,10.6,10.3,10.1,8.2,8.6,10,8.2,8.3,9.6,10.4,9.7
40115,Ottawa County,Oklahoma,8.8,8.6,9.2,10.4,11.1,9.4,10.3,9.8,10.6,9.7,13.4,12.3,11.9,11.4,10.3,10.4,10.2,12.8
40117,Pawnee County,Oklahoma,7.1,7.5,7.9,8.9,9.8,11.2,11.1,10.6,10.3,9.7,9,7.7,8.6,10.5,9.8,9.5,8,7.5
40119,Payne County,Oklahoma,7.1,7.2,6.9,8.9,9.3,9.9,8.7,8.7,7.2,6.3,7.4,7.5,9,10,9.6,9.6,9.4,8.2
40121,Pittsburg County,Oklahoma,7.8,9.3,9.1,9.1,8.5,10.3,11.3,10.8,12.2,9.4,10.2,10.2,10.5,10.5,11,9.7,9,10
40123,Pontotoc County,Oklahoma,6.7,8.1,8.3,8.8,8.8,9.8,10.1,8.3,8.8,8.7,9.8,10.2,9.7,10.8,9.6,11.5,11.3,12
40125,Pottawatomie County,Oklahoma,7.7,9.1,8.7,8.8,8,9.3,9,10.3,11.8,10.7,11.4,9.7,10.5,11.7,11.7,12.6,11.2,10.2
40127,Pushmataha County,Oklahoma,6.5,7.4,8.8,9.1,9.6,9.2,9.1,9.8,11.5,9.3,11.3,11.2,10.4,8.7,8.1,9.4,9.1,9
40129,Roger Mills County,Oklahoma,6.5,7.6,7.6,7.9,7.7,8,8.1,8.5,8.7,7.5,8.1,9.8,9.5,8.4,7.8,7.2,7.8,8
40131,Rogers County,Oklahoma,7.5,7.2,7.6,7.7,9.1,9.2,9.5,8.6,8.4,8.2,8.7,9.6,11.7,9.2,8.2,9.6,9.1,8.3
40133,Seminole County,Oklahoma,8,7.9,8.7,8.4,7.9,9.3,10,10,10.4,8.7,10.8,12.5,13.6,11.3,10.8,10.2,10.8,10.4
40135,Sequoyah County,Oklahoma,6.7,8.1,8.8,10,9.4,11.4,12.4,11.1,10.2,9.9,10.2,11.5,10.2,9.9,9.2,10.4,11.4,10.9
40137,Stephens County,Oklahoma,7.1,7.9,8.6,10.1,8.5,8.6,8.5,9.4,10.5,10.7,10.9,10,10,10.6,11.6,10,9.5,11.3
40139,Texas County,Oklahoma,6.9,6.3,6.3,6.6,6.6,7.1,7.9,7.3,7.8,7.3,7.7,7.6,8.3,8.5,8.6,8.8,9.6,9.9
40141,Tillman County,Oklahoma,8.2,8,7.4,9.2,9.9,9.8,9.2,8.7,9.3,9.9,9,9.2,9.6,9.6,9.1,9.5,8.9,8.2
40143,Tulsa County,Oklahoma,7.3,7.5,8.8,8.8,8.8,9.2,9.5,9.7,9.6,9.7,9.9,9.6,9.2,9.6,10.4,10.4,9.8,10.4
40145,Wagoner County,Oklahoma,6.8,8.6,10.2,10,10,9.8,11.2,11.4,12.3,9.4,8.3,8.7,9.8,11.4,12.4,12.9,12.5,10.7
40147,Washington County,Oklahoma,9.7,8.1,8.2,7.5,7,7.7,8,9.2,10.7,11.1,10.7,9.8,9.3,12.1,10.9,9,8.5,11
40149,Washita County,Oklahoma,5.9,7,6.9,7.6,7.9,8,8.1,8.2,8.6,8.2,8.3,8.2,7.9,7.9,9.1,8.5,11.1,10.3
40151,Woods County,Oklahoma,6.3,7.6,7,8,8,8.3,8.7,9.6,9.3,8.3,10.6,9.8,9.5,10.1,9,8.4,9.1,8.8
40153,Woodward County,Oklahoma,6.1,7.2,6.9,7.3,7.2,8.1,7.6,7.4,8.1,7.8,8.3,6.6,7.5,8.8,9.6,9.4,8.6,9.6
41001,Baker County,Oregon,6.2,5.5,7,7.9,7.3,8.9,8,8.3,7.5,9.3,9,8.6,8,8.4,9.4,10.3,8.1,7.6
41003,Benton County,Oregon,5.4,4.8,4.8,5.3,6.4,6.5,6.2,6.2,6.1,6.7,7.4,7,6.4,5.6,5.4,5.3,6.4,5.5
41005,Clackamas County,Oregon,5.1,5.8,5.4,6.2,6.9,7.4,7.9,7.1,7.5,8.2,8.1,7.1,7.2,7.2,7.7,7.5,7.6,7.2
41007,Clatsop County,Oregon,6.6,6.7,7.7,7.8,7.8,7.3,8,8.5,8.6,8.8,8.6,8.1,7.4,7.6,8.3,8.4,7.6,7.6
41009,Columbia County,Oregon,6.4,6.4,7.3,7.3,7,7,7.8,8.3,8.5,7.7,8.3,7.8,8.5,8.3,9.4,9.6,8.7,9
41011,Coos County,Oregon,7.1,7.9,7.1,8.7,8.6,9.1,7.3,7.4,8.8,8,9.8,9.6,9.3,8.5,10.4,9.9,8.9,8.8
41013,Crook County,Oregon,5.8,5.7,6.2,6.4,7.7,7.8,7.2,7.2,7.9,8,8.6,9.1,8.1,8.8,9.6,8.1,7.8,7.8
41015,Curry County,Oregon,7,6.9,6.7,7.4,7.3,6.9,8.2,7.9,8.2,8.3,8.1,7.9,7.9,7.8,8,9.2,8.3,8.2
41017,Deschutes County,Oregon,5.7,6.3,5.8,5.4,5.5,6.3,6.2,6.7,5.8,7.1,5.9,6.7,6.3,6.8,7,7.3,8.1,6
41019,Douglas County,Oregon,6.6,7.2,7,8.3,8.9,9.1,9.9,10.4,9.5,8.9,8.5,9.8,10,9.8,9.3,9.1,8,8.5
41021,Gilliam County,Oregon,5.9,6.1,6,6.4,6.6,6.9,7.2,7.2,7.2,6.8,6.7,6.6,7.2,7.2,7,6.8,6.8,7.1
41023,Grant County,Oregon,6.2,6.6,6.8,7.5,8.2,8.3,8.2,8.4,8.4,7.2,8.2,9,8.5,7.4,7.3,7.9,8.3,7.5
41025,Harney County,Oregon,6,7.6,7.5,8.2,7.8,7.9,8,8.8,9,7.8,7.6,7.7,8,7.3,8.1,8.1,8.1,8.2
41027,Hood River County,Oregon,5.7,6.5,6.4,6.5,6.6,7.2,7.5,7.5,7.3,6.5,7.2,6.8,8.2,7.6,7.5,6.5,6.9,7.6
41029,Jackson County,Oregon,6.3,6.2,6.7,6.1,6.8,6.3,6.1,7.8,7.7,7.2,6.5,7.2,7.7,7.6,8.5,8.6,7.5,7.3
41031,Jefferson County,Oregon,7,8.1,7.5,7.5,7,7.9,7.9,7.7,7.7,7.9,9,8.9,9.1,9.1,9,8.7,8.4,8.7
41033,Josephine County,Oregon,5.8,7,7.5,6.8,6.4,7.2,8.5,7.7,7.5,6.1,6.4,8.1,8.6,7.5,8.7,8.5,8.1,7.1
41035,Klamath County,Oregon,4.6,7.1,7,7.3,7,7,7,7.9,8.1,7.8,8.3,8.3,8.2,8.4,7.4,6.6,7.1,7.4
41037,Lake County,Oregon,5.9,7.9,7.4,7.6,7.8,8,8,8,7.9,8.1,9,9.3,8.8,8.4,7.9,9,8.4,7.7
41039,Lane County,Oregon,5.5,6.7,6.6,6.3,5.7,6.5,7.3,7.6,7.7,7.2,6.6,7.8,7.7,7.2,8.1,7.5,7.6,8.4
41041,Lincoln County,Oregon,4.9,5.5,7.1,8.3,6.7,7.7,7.6,9.4,8.6,9.4,8.5,8.3,8.9,8.5,7.7,7.2,7.7,7.5
41043,Linn County,Oregon,7.1,7.9,8.6,8.5,7.8,7.1,7.4,8,8.5,7.8,10,9.4,9.5,8.3,8.1,9.6,9.2,9
41045,Malheur County,Oregon,6.4,6.3,6.7,6.5,6.7,7.4,7.8,8.6,8.2,7.7,7.6,8.4,8,8,9.3,9,9.3,7.8
41047,Marion County,Oregon,7.4,6.5,7.7,7.4,7.7,7.8,8.2,8.1,9.4,9.1,9,8.1,7.8,9.9,10.4,10.5,9.5,10.8
41049,Morrow County,Oregon,6.1,6.2,7.4,8.4,7.9,8.1,7.9,7.5,7.6,7.3,8.7,7.9,9.3,8.8,8.1,8.4,10,9
41051,Multnomah County,Oregon,6.8,6.9,6.6,7,6.9,7,7.5,7.8,7.7,7.6,7.9,8.2,8,7.8,7.9,7.1,7.8,7.5
41053,Polk County,Oregon,5.8,7,6.5,7.1,6.7,6.8,7.8,8.8,7.9,8.3,7.6,8.3,9.1,8.1,7.9,8.1,9,7.9
41055,Sherman County,Oregon,6.2,6.5,7,7.6,7.6,7.8,7.9,8.1,7.9,7.3,7.4,7.6,7.5,7.4,7.6,8.7,8.2,7.6
41057,Tillamook County,Oregon,5.7,5.2,5.2,5.3,6.4,6.9,7,7.2,6.3,6.7,9.2,7.6,7.3,6.8,7.1,6.1,6.2,7.2
41059,Umatilla County,Oregon,6.6,6.9,7.2,7.2,7.8,9,8.8,9.8,10.8,9.2,8.7,9.6,10.3,9.4,9.8,8.5,9.5,10.4
41061,Union County,Oregon,5.6,6.5,6.8,6.3,5.8,7.2,7,7.8,6.5,6.9,6.7,7.4,6.7,7.1,9.2,7.9,9,8.8
41063,Wallowa County,Oregon,5.4,5.4,5.4,6,6.6,6.7,7.1,7.2,6.6,7.3,7.1,7,6.5,7.4,7.5,7.1,7.2,8.1
41065,Wasco County,Oregon,7.5,7.1,6.6,7.3,7.4,6.9,8.4,8.6,9,8.7,8.6,7.9,7.3,6.9,7.8,7.9,8.5,9
41067,Washington County,Oregon,5.4,5.9,6.2,7,6.4,6,5.8,6.7,7.9,7.9,7.7,8.3,7.2,7.4,8.5,7.8,7.9,7.9
41069,Wheeler County,Oregon,6.5,7,7.1,7.4,7.5,7.8,7.9,8.1,7.9,7.1,7.7,7.9,7.8,7.7,7.7,7.7,7.9,7.7
41071,Yamhill County,Oregon,5.7,6.8,6.8,6.8,7.1,7.4,5.8,7.2,7.5,7.5,8.5,7.5,10.3,8.6,10.3,8,7.1,8.5
42001,Adams County,Pennsylvania,7.3,5.8,6.6,5.9,6.1,6.9,8.6,8.8,9.1,8.7,8.6,6.8,7.4,7.7,9.5,9.1,7.4,9
42003,Allegheny County,Pennsylvania,7,7.4,6.9,7.1,7.4,8.1,8.4,7.6,7.8,7.9,8.5,8.7,8.3,7.8,7.9,8,8.1,7.6
42005,Armstrong County,Pennsylvania,8,6.7,7.6,8.1,8,7.7,7.7,8.4,8.9,9,8.4,7.8,7.4,7.8,10,10.4,8.4,7.5
42007,Beaver County,Pennsylvania,6.2,7.7,7.5,7.4,7.6,7.7,8.7,8.2,9.1,7.7,8.9,7.5,8.6,8.7,7.3,7.9,7.7,8
42009,Bedford County,Pennsylvania,6.7,7.1,6.9,6.3,6,6.5,8.8,8.8,10,9,9.1,8,7.9,7,8.4,7.8,7.7,7.6
42011,Berks County,Pennsylvania,5.8,7.2,7.2,6,6,6.6,7.2,7.6,8.6,8.7,8.8,9.1,9.3,8.7,7.2,6.7,7.1,9.1
42013,Blair County,Pennsylvania,7,7.7,8,7.2,7.7,7.8,7.8,7.8,8.3,7.6,9.4,9.8,8.8,7.9,6.7,8.4,8.8,8.4
42015,Bradford County,Pennsylvania,5.9,5.9,7.1,7.7,7.7,6.9,7.3,7.3,8.7,8.5,8.2,6.5,7.9,8.9,8.6,8.3,8.1,8.4
42017,Bucks County,Pennsylvania,6.9,6.1,6.3,6.6,7.3,7.6,7.6,7.8,7.5,7.4,7.6,7.3,8.1,7,9,9.5,7.3,6.8
42019,Butler County,Pennsylvania,5.9,6.1,6.2,6.5,6.4,7.3,8.1,7.8,8.4,6.5,9.1,7.7,8,7,7.4,6.6,7.9,6.7
42021,Cambria County,Pennsylvania,7.1,6.2,7.5,6.8,9.4,9.4,10.8,9.5,9.6,9.6,9.6,9,9.5,8.7,9.4,8.3,7.8,9.2
42023,Cameron County,Pennsylvania,5.4,5.9,6,6.3,6.4,6.7,6.8,8.1,7,6.5,6.3,6.4,7.1,6.8,6.8,6.8,7,8.2
42025,Carbon County,Pennsylvania,7.6,6.1,6.8,6.8,7.1,7.2,8.8,8.1,7.9,6.7,7.3,7.7,7.7,6.7,6.8,7.4,7.7,7.6
42027,Centre County,Pennsylvania,5.6,6.1,5.6,6.2,7.5,8.6,6.5,7.3,7.6,7.1,7.5,7.2,6.3,8.2,8.2,7.9,7.3,6.6
42029,Chester County,Pennsylvania,5.2,5.5,6.2,6.2,6.3,6.7,6.8,6.7,6.9,6.3,6.3,6.7,7.3,6.8,6.9,6.1,7.1,6.3
42031,Clarion County,Pennsylvania,6.1,6.7,6.1,5.8,7.3,8.1,8.7,8.9,8.5,8.7,9.3,9.5,9.4,8.3,7.8,7.2,7.9,8.6
42033,Clearfield County,Pennsylvania,6.8,6.9,6.6,7,8.6,6.9,7.5,7.7,10.1,8.9,9.9,7.9,7.7,8.1,9.7,9.1,7.9,7.4
42035,Clinton County,Pennsylvania,5.6,6,7,6.5,6.4,6.3,6.6,7,7.5,8.2,8.4,8.7,7.2,7.1,7.9,7.6,7.7,7.6
42037,Columbia County,Pennsylvania,6,6.2,6.1,6.8,6.6,7.1,7.8,9.2,9.6,9.2,9.1,8.7,8.9,8.1,8.5,8.1,7.3,7
42039,Crawford County,Pennsylvania,6.4,6.4,6.8,7.8,8,9.5,8.9,9.3,8.6,8.7,8.7,8.7,9.7,8.3,8.7,7.7,7,7
42041,Cumberland County,Pennsylvania,5.9,6.1,7.4,7.2,8.5,8.3,7.6,7.6,7.8,7.3,7.2,7.3,7.7,8.4,9.3,9.1,8.2,8.1
42043,Dauphin County,Pennsylvania,6.4,7.9,7.6,7.6,7.9,7.3,9.3,10.1,10.4,9.5,10.2,8.5,8.7,9.2,7.8,7.1,7.4,8.5
42045,Delaware County,Pennsylvania,6.1,6.6,6,6.8,7.4,8.1,8.1,7.4,6.5,7.4,7.9,9,7.7,7.9,7.9,8,9.1,9.4
42047,Elk County,Pennsylvania,6.9,7.3,6.1,7.2,6,6.8,9.4,8.9,8.2,7.2,6.8,7.1,7.5,6.7,8.4,8.2,7.6,7.4
42049,Erie County,Pennsylvania,5.8,7,7.7,8,7.9,7.8,8.5,9.1,9.2,10.3,9.9,9.3,8.4,7.8,7.7,6.9,8.3,9.2
42051,Fayette County,Pennsylvania,7.1,10.1,9.6,9.6,10.4,10.7,10.5,10.3,10.9,11.1,12.4,11.5,10,8.6,8.7,8.6,9,7.9
42053,Forest County,Pennsylvania,7.1,7.3,7.6,8.1,8.4,8.6,9,10.1,9.2,9.1,8.6,8.4,8.5,8.2,8.5,8.4,8.3,8.2
42055,Franklin County,Pennsylvania,6.2,6,6.3,7.4,6.2,7.1,8.5,8,7,8.3,8.8,9,8.3,8.6,8.7,8.1,7.6,7.4
42057,Fulton County,Pennsylvania,6,6,6.4,7,6.5,7.1,7.2,7,8.1,7,7.1,6.5,6.9,7.9,7.8,8,7.2,6.8
42059,Greene County,Pennsylvania,6.8,6.5,7.7,8.2,9.2,8.1,8,7.4,8.9,9.7,10.1,8.6,8.1,6.9,8.9,9.6,9.8,9.9
42061,Huntingdon County,Pennsylvania,6,7.6,8,8.3,8.6,7.5,7.7,7.5,8.5,8.1,8.3,7.9,8.8,8.5,8.6,7.1,6.9,8.4
42063,Indiana County,Pennsylvania,5.6,6.7,7.2,7.5,7,7,7.7,8.3,7.9,6.5,7.3,7.4,7.4,7.4,8,7.2,7.1,7.8
42065,Jefferson County,Pennsylvania,5.4,5.9,6.6,7,7.1,7.1,10,9.3,9.3,7.8,7.3,7.9,8.1,8.5,9.7,8.8,9.8,10
42067,Juniata County,Pennsylvania,6.7,6.2,6.4,7.7,8.1,8.7,8.6,9.3,9,9.7,8.6,7.8,7.3,8,7.7,7.9,8,7.7
42069,Lackawanna County,Pennsylvania,7.1,7.3,6.9,8,7,7.5,8.1,9.5,10.2,8.7,8.7,8,8.1,8.2,7.5,8.2,7.9,9.1
42071,Lancaster County,Pennsylvania,6.1,7.3,8.2,7.9,6.9,6.8,9,8.2,8.3,7.5,8.3,8.4,8.2,8.5,9.1,9.5,9.1,6.8
42073,Lawrence County,Pennsylvania,6.3,5.9,6.3,6.3,8.3,7.9,8,7.2,8.2,8.3,8.3,7.2,7.1,9,8.4,8.1,8.8,7.9
42075,Lebanon County,Pennsylvania,6.1,6.9,6.5,6.4,6.5,9,7.8,8,8.1,8.1,7.1,7,7,8.3,9,9,9.4,9.5
42077,Lehigh County,Pennsylvania,6.3,6,6.9,6.9,7.4,8,8.6,8.6,9.2,9.3,9.1,9.8,10,9.4,8,8.6,9.4,9.6
42079,Luzerne County,Pennsylvania,6.9,7.7,7.9,7.9,8.1,8.2,8.6,9,9.5,9.1,9.2,7.9,9.5,7.9,8.5,7.8,10,11.3
42081,Lycoming County,Pennsylvania,6.6,7.6,7.4,8,6.4,6.8,8.6,8.6,7.5,8.5,9.1,9.5,8.9,8.5,8.4,7.8,7.5,7.4
42083,Mckean County,Pennsylvania,6.6,6.5,6.3,6.4,6.7,7.4,8.5,7.6,7.8,6.2,8,7.5,9.2,8.2,7.7,8,7.6,6.9
42085,Mercer County,Pennsylvania,7,6.2,8.1,7.4,7.7,8.2,9.4,8.6,8.9,9.6,9,9.3,8.3,9.4,9.2,8.5,6.3,7.4
42087,Mifflin County,Pennsylvania,6.2,7.1,6.7,7.3,7.8,7.2,9.6,8.5,8.9,9.5,8.9,9.9,10.4,10.5,9.8,9.1,8.7,7.7
42089,Monroe County,Pennsylvania,6.1,7.4,7.1,6.1,6.6,6.8,8.5,7.7,7.5,8.6,9.3,8.7,8.3,7,9,8.2,8.3,8.7
42091,Montgomery County,Pennsylvania,5.2,4.8,5.6,6,7.1,6.2,7.1,5.9,6.4,5.9,5.9,6.1,6.7,6.7,6.6,7.8,7.6,6.8
42093,Montour County,Pennsylvania,5.6,6,6.3,6.6,6.9,7.8,8.5,8.9,9.6,7.8,8.3,7.4,7.7,7.1,6.7,7.5,8,7.2
42095,Northampton County,Pennsylvania,6.3,6.4,6.7,7.8,7.2,7,6.7,8.2,8.5,8.2,9.7,9.6,8.6,8.8,8,8.1,8.8,9.5
42097,Northumberland County,Pennsylvania,6.3,5.7,7.2,6.3,7.1,7.7,7.1,8.4,9.5,8.9,8.6,8.6,8.8,9,8.9,8.4,7.4,7.6
42099,Perry County,Pennsylvania,5.7,6,6.8,7.1,8.7,8.3,7.7,7.9,8.1,7.9,7.8,7.9,7.1,6.8,7.3,8.5,8.5,8.9
42101,Philadelphia County,Pennsylvania,8.8,8.8,9.2,9.5,10.2,10.6,11.5,11.6,11.9,11,11.3,10.8,10.8,11,11.6,11.7,11.4,11
42103,Pike County,Pennsylvania,5.8,7.1,6.3,6.9,6.7,6.8,7.5,7.8,8.3,8,7.7,8.7,7.9,8,7.1,8.2,7.5,7.4
42105,Potter County,Pennsylvania,6.5,6.4,6.6,7.2,7.6,8.3,8.8,8.5,8.5,8,7.8,7.7,8,7.7,8.1,7.6,8.8,9.1
42107,Schuylkill County,Pennsylvania,5.9,6.9,8.2,7.6,8.1,7.6,7.8,8.2,7.9,8.3,8.1,8.2,8.8,8.5,9,7.8,7.5,7.5
42109,Snyder County,Pennsylvania,6.8,6.7,7.3,7.2,7.6,8.7,9.7,10,8.2,8,8.6,7.9,7.4,7.6,8.5,8.9,8.4,7.8
42111,Somerset County,Pennsylvania,5.3,6,5.6,6.5,7.7,7.1,8.3,8.2,8.2,8.9,9.1,8.7,8.5,7.8,7.7,8.1,7.9,9.9
42113,Sullivan County,Pennsylvania,5.7,5.9,6.1,6.4,6.9,7,7.2,7.2,8.5,7.8,7.1,6.3,7.6,7.2,7,6.8,6.9,7.2
42115,Susquehanna County,Pennsylvania,6.2,6,6.2,6.6,6.5,6.7,9.7,9.3,8,6.7,6.8,6.7,7.8,7.2,7.8,7.4,7.8,7.4
42117,Tioga County,Pennsylvania,6.4,8.7,8.5,7.9,8.5,7.8,8.1,7.4,8.4,8.3,9,8.5,8.5,8.2,8,7.5,6.9,8
42119,Union County,Pennsylvania,5.8,6.1,5.9,6.1,6.8,6.7,7.9,9.2,8.8,7.8,8.5,7.6,8.1,8.2,7.2,6.5,8.6,8.3
42121,Venango County,Pennsylvania,5.8,6.8,7.5,7.3,7,7.1,7.3,8.1,8.7,9.6,9.4,9.2,9.6,9.9,9.6,11.3,9.9,7.8
42123,Warren County,Pennsylvania,5.7,6.7,6.6,6.8,7.8,8.1,8.2,8.6,9,7.8,9.2,8.7,8.4,6.7,6.7,7.6,7.8,7.1
42125,Washington County,Pennsylvania,7.2,6.5,6.3,7.6,7.9,8.7,8.6,8.7,9.2,10,9,8.8,8,9.1,9.2,8.1,8.1,8.2
42127,Wayne County,Pennsylvania,6.2,6.6,6.8,6.8,7.9,7.1,7.3,8.4,8.5,7.7,9.1,8.1,7.3,7.3,7.1,8.5,8.2,7.9
42129,Westmoreland County,Pennsylvania,7.8,8.4,7.9,7.1,6.7,7.9,8.3,8.3,8.4,8.9,9.3,9,9.5,8.5,8.3,7.9,8.7,7.8
42131,Wyoming County,Pennsylvania,6,5.8,6.9,6.9,7.5,7,6.3,6.3,7.1,7.1,7,7.5,7.5,7.3,7.7,8.5,8.8,8.4
42133,York County,Pennsylvania,5.7,5.4,6.5,6.9,7.7,8.1,8.5,8.4,9,8.2,10.3,9,10,8.8,9.2,6.9,7.5,8.5
44001,Bristol County,Rhode Island,5.4,5.7,6,6.1,6.7,5.3,4.8,5.5,6.2,6.9,6.6,6.8,6.7,6.4,6,6.8,7.5,6.5
44003,Kent County,Rhode Island,6.4,6.5,6.8,7.2,7.4,7.9,7.8,7.4,8.3,7.8,8,7.9,8.3,8.1,8.7,8.6,8.2,7.8
44005,Newport County,Rhode Island,5.5,5.1,5.8,6.4,5.5,6,6.4,6.5,6.8,6.4,6.7,5.9,6.4,6.4,6.8,6.8,6.6,6.1
44007,Providence County,Rhode Island,7.2,7.2,7.5,7.8,7.8,7.9,8.5,8.5,8.8,8.9,9.1,8.9,9.1,9.2,9.8,9.7,9.7,9.8
44009,Washington County,Rhode Island,5.2,5,5.6,5.3,6,5.9,5.5,5.9,6.5,7,7.2,6.6,6.9,6.2,6.9,6.8,7.2,6.6
45001,Abbeville County,South Carolina,7.5,7.4,9.8,11.8,10.5,10.8,11.1,10.5,10.6,11.3,14.2,12.8,11.5,11.9,12.1,11.7,10.5,9.8
45003,Aiken County,South Carolina,9.2,9.3,9.3,9,9.2,9.6,9.9,9.4,10.2,10.2,10.6,11.2,10.4,11.4,10.6,11.2,11.4,11.7
45005,Allendale County,South Carolina,9.1,8.5,10.3,10.8,11.3,11.2,11.2,11.6,14.4,14,15.9,12.5,13.1,12.2,14.3,13.4,12.7,12
45007,Anderson County,South Carolina,9.8,9.3,9.6,9.5,10.4,10,9.5,9.6,10.3,10.7,11,11,12.4,11.4,12.5,11.9,11.6,11.3
45009,Bamberg County,South Carolina,7.5,7.8,9.4,12.4,11.6,11.6,10.9,12.9,12.2,14.2,11.6,12.1,14.1,12.8,12.8,11.5,9.8,10.4
45011,Barnwell County,South Carolina,7.9,8.5,9.9,11.6,12.1,10.2,10.9,12.1,11.6,13.4,14.8,13.5,13.4,12.7,13.7,13.4,11.8,13.8
45013,Beaufort County,South Carolina,6.8,6.5,6.7,6.5,6.3,6.5,6.8,7.7,7.4,7.5,8.1,8,7.1,7.1,6.3,7.3,7.1,5.6
45015,Berkeley County,South Carolina,8.9,10.1,9.5,10.5,11.6,12.3,11.6,11,13.1,13,12,11.1,10.9,12,12.9,12.7,12.4,12
45017,Calhoun County,South Carolina,7,8.8,9.5,9.5,9.6,10.4,11.6,11.5,14.2,12.9,11.7,11.1,10,10.7,9.9,10.1,9.1,9.7
45019,Charleston County,South Carolina,8.1,8.3,7.8,7.3,8.1,8.4,9.6,10.1,9.6,10.3,10.2,9.3,9.6,10.1,10,9,8.9,9
45021,Cherokee County,South Carolina,8.9,9.2,8.8,10.3,10.1,9.7,9.8,9.9,10.5,11.6,11.1,10.4,12.2,11.6,10.9,9.1,8.8,12.4
45023,Chester County,South Carolina,6.6,8.7,9.6,10.9,10.4,9.4,9.3,10.9,10.1,9.2,10.3,10.6,11.5,12.7,13.2,14,13.1,10.8
45025,Chesterfield County,South Carolina,7.5,8.1,8.2,10,10.7,9.8,9.8,9.9,11,13.7,10.5,12.9,13.8,12.1,13.8,12.1,12.8,11
45027,Clarendon County,South Carolina,8.2,9.3,10.1,10.7,10.7,11.8,12.8,13.3,12.8,12.4,13.4,11.9,13.5,11.9,11.4,12.2,11.4,10.4
45029,Colleton County,South Carolina,8.6,10.5,9.7,11.2,10.4,11.2,11.5,14.4,13.9,14.4,12.1,11.6,12.2,11,12.5,12.1,12.9,12.5
45031,Darlington County,South Carolina,7.7,9.6,10.5,11.7,10.7,11,12.8,11.6,12.6,11.4,11,10.1,11.5,13,13.2,12.9,12.4,12.3
45033,Dillon County,South Carolina,8.9,9.8,10.2,11.2,11,10.3,10.9,11.8,11.5,13.2,13.4,17.8,17.2,15,12.7,11.5,10.5,12.7
45035,Dorchester County,South Carolina,7.5,7.4,8.7,8.5,8,9.2,9.2,8.1,8.7,8.6,9.1,8.4,9.5,8.9,10.7,10.5,9.8,11.2
45037,Edgefield County,South Carolina,7.2,8,8.1,9.3,8.3,8.7,9.3,10.7,10.8,11.5,11.8,11.9,11.4,12.8,11.2,9.8,8.7,10.9
45039,Fairfield County,South Carolina,9.1,9.7,9.5,10.6,10.8,12.1,13.2,12.4,13.8,12.4,12.9,10.4,10.8,12,12.5,12.4,11.3,10.2
45041,Florence County,South Carolina,8,10,10.8,10.7,10.8,10.2,11.1,12.1,11.3,12.9,11.8,12,12.9,13.4,13.3,12.5,13,13.5
45043,Georgetown County,South Carolina,6.2,7.2,8.2,7.9,10.4,10.3,9.5,10.4,10.7,11,10.6,9.3,10.5,11,12.5,13,12.1,9.6
45045,Greenville County,South Carolina,7,7.5,7.4,7.5,7.9,8.3,9.2,10.1,9.6,10,9.5,9.6,9.9,9.6,9.6,10.3,9.9,9
45047,Greenwood County,South Carolina,8,9.6,8.6,9.5,9.7,9.7,8.8,9,9,10.8,11.2,11.5,10.8,10.8,10.7,11.8,11.8,12.8
45049,Hampton County,South Carolina,8.7,9.8,10.8,11.4,12.5,13.2,13.5,14.2,13.8,12.9,10.7,11.5,11.6,12.6,12.8,12.9,10.7,12
45051,Horry County,South Carolina,7.3,8.3,8.5,8.2,8.7,9.3,9.9,9.5,9.4,8.7,9.3,9.2,9.1,9.6,10.8,10.6,10,10.7
45053,Jasper County,South Carolina,7.7,7.8,10.9,10.8,12.9,11.7,11.4,11.6,11.5,11.6,12.5,12.6,12.7,12.3,12.4,11.9,10.1,9.6
45055,Kershaw County,South Carolina,7.1,9.3,9.7,10.7,9.1,9.3,8.3,9.9,9.2,9.3,9.4,10.6,10.2,9.6,12,11.7,11.8,11.6
45057,Lancaster County,South Carolina,7.3,9.7,10.8,10.5,11.2,9.6,9.3,10.8,9.9,8.8,9.2,10.6,11.1,12.5,11.5,11.9,10.3,9.8
45059,Laurens County,South Carolina,7.5,9.1,9.7,11.1,9.8,10,11.2,12.1,11.8,11.8,12.5,11.2,10.7,9.8,13.4,12.5,12.6,14.4
45061,Lee County,South Carolina,9.5,9.4,9.2,11.9,12.6,11.1,11.3,11.9,12.1,13.1,13.8,13.6,12.9,13.4,12.3,10.7,9.8,8.9
45063,Lexington County,South Carolina,7.1,7.6,8.7,7.5,6.9,7.8,8.3,10.2,8.9,8.4,8.6,9,9.5,10.2,9.6,10,9.9,10.2
45065,Mccormick County,South Carolina,7.7,8.7,8.9,9.3,10.3,10.1,10.5,9.9,11.4,12.6,11.4,10,10.1,11.3,11,11.9,11.5,10.1
45067,Marion County,South Carolina,9.1,10.2,10.1,11.5,12.5,11.6,11.9,13.3,13.4,12.5,14,13.1,15.5,14.8,12.8,12.4,10.6,10.6
45069,Marlboro County,South Carolina,7.7,8.4,10,11.6,11.3,12.6,12,12.9,13.2,13,12.6,12.6,12.8,13.8,13.9,13.9,12.8,12.9
45071,Newberry County,South Carolina,8,8.3,8.7,8.3,7.8,8.7,9.1,10.2,10.9,10.7,11.8,12,10.5,11.8,12.4,11.4,10.5,11.1
45073,Oconee County,South Carolina,6.8,6.9,7.7,8.3,9.2,9.4,8.6,9.8,9.1,8.7,8.7,8.5,9.1,9.7,10.2,10.2,8.6,10.6
45075,Orangeburg County,South Carolina,8.7,10.7,11.8,12.4,12.1,12.3,13.9,13.8,13,13.3,11.6,12.5,12.8,14.8,14,14.3,14.6,14.6
45077,Pickens County,South Carolina,6.1,7.1,6.4,7.7,8.3,8.1,7.9,7.9,9,9.3,9.5,9,9.5,9,9.4,9.1,9.2,8.4
45079,Richland County,South Carolina,8.3,8.9,8.2,8.6,11,10.8,11.1,11.5,11.6,10.4,11.5,10.2,11.6,11.1,10.8,9.7,9.5,11.2
45081,Saluda County,South Carolina,6.6,6.9,7.8,8,8.6,9.4,10.2,9.9,10.8,9.8,8.9,10.9,12.2,10.4,11.2,9.7,10.3,10.7
45083,Spartanburg County,South Carolina,8.6,9,9.1,9.3,9.3,9.2,9.2,11.4,10.6,11.8,11.1,11,11.2,10.3,11.2,11.2,11.3,12
45085,Sumter County,South Carolina,9.9,9.4,10.3,11.5,11.3,11.4,12.9,12.5,13.2,12.3,11.9,11.2,11.2,11.8,11.9,12.1,13.1,14.1
45087,Union County,South Carolina,10.1,11.2,9.9,8.9,9.7,9,11.1,11.4,11.1,9.9,11.3,10.3,11.2,9.3,10.6,11.2,10.6,11.1
45089,Williamsburg County,South Carolina,9.2,8.8,9.3,11.2,10.9,12.8,13.3,15.5,13.7,14,14.4,15.6,17.4,17.5,17.2,16.6,16.4,17.9
45091,York County,South Carolina,7.2,7.6,7.8,7.9,7.3,8,8.4,8.3,8.3,9.9,10.7,10.2,9.6,9.9,9.6,9.4,10.2,10.4
46003,Aurora County,South Dakota,6.6,7.2,7,7.8,7.8,7.8,7.9,8.2,8.2,6.8,7.3,9.6,9.9,9.3,8.5,8.9,8.2,8.6
46005,Beadle County,South Dakota,7,5.9,6.6,6.8,6.6,6.7,6,6.7,7.9,7.6,7.8,7.8,7.4,7.4,7.5,8.1,8.5,8.3
46007,Bennett County,South Dakota,6.7,8.5,8.3,9.5,8.8,9.2,9.8,10.9,10.8,12.1,11.4,10.6,9.8,11.5,11.3,11.9,12.7,13.3
46009,Bon Homme County,South Dakota,5.9,5.9,5.6,5.7,6.7,6.9,7.5,7.2,7.2,6.6,7.3,7,7.6,8.1,7.9,7.7,7.7,7.3
46011,Brookings County,South Dakota,5.2,5.5,4.5,6.3,5.3,6.4,6.1,6.9,6.2,6.8,6.7,6.1,6.6,7.4,7.7,7.6,7.5,8.5
46013,Brown County,South Dakota,6.9,5.7,5.1,5.4,6.1,6.4,6.9,6.9,7,7.6,7,7.2,7.6,8.3,9.4,7.9,8.2,9.5
46015,Brule County,South Dakota,6.7,8.6,8.4,7,6.4,6.8,7.7,8.1,8.3,8.8,7.8,7.6,7.2,7.4,7.9,7.8,7.7,8.8
46017,Buffalo County,South Dakota,8.5,9.9,10,12.5,13.4,12,11.9,13.4,12.8,13.2,12.8,14.2,11.5,12.8,12.2,11.4,12.7,13.5
46019,Butte County,South Dakota,6.7,7,8.2,7.7,8.3,7.9,8.2,8,7.4,6.7,6.9,7.4,7.3,8.5,8.5,7.8,7,6.8
46021,Campbell County,South Dakota,5.7,5.6,5.5,6.3,7,7,7.3,7.2,7,6.5,6.5,6.6,6.5,6.4,6.4,6.3,6.6,6.4
46023,Charles Mix County,South Dakota,8.3,8.7,9,7.9,8,8,8.6,9.6,8.8,8.6,8.4,8.3,8.2,8.1,8.8,8.9,8.5,8.1
46025,Clark County,South Dakota,6.2,5.9,6,6.4,6.6,6.9,7,7.3,7,6.7,8,7.2,7.6,7.3,7.3,7.9,6.9,7.6
46027,Clay County,South Dakota,5.2,5.8,6.1,6.3,5.8,6.1,6.2,7.1,8.3,7.5,7.3,6.4,6.5,7.5,8,7.8,7.6,7.1
46029,Codington County,South Dakota,5.8,5.3,5.2,5.6,5.5,5.4,6.7,7,7.3,7.2,6.8,6.7,7.3,8.1,8.3,8.5,8.1,8.7
46031,Corson County,South Dakota,9.1,10.1,10.9,12.4,11.6,11,10.9,13.5,13.6,12.5,11,11.5,13.6,15,14.4,14.7,13,12.7
46033,Custer County,South Dakota,5.6,5,5.1,5.4,5.8,6.2,7,6.9,6.8,6.8,6.4,7.1,6.8,8.1,7.4,9.1,6.9,6.8
46035,Davison County,South Dakota,6.6,6.6,6.4,6.5,6.3,6,7.3,7.4,7.2,8.4,8,7,6.3,6.9,7.9,7.6,7.3,8
46037,Day County,South Dakota,5,5.4,6.1,7.3,6.6,7,7,7.3,7.9,7.7,6.4,7.4,6.2,7.3,6.8,6.6,6.4,7.1
46039,Deuel County,South Dakota,5.8,5.7,5.7,5.6,6.6,6.9,7.2,7.1,7,6.9,8.7,7.4,8.1,6.9,7,6.5,6,7.1
46041,Dewey County,South Dakota,9.8,9.1,10.7,13.2,13.2,12.3,11.6,13.7,13.3,13.1,13.5,12.9,13.4,15.6,15.3,16.1,14.9,14
46043,Douglas County,South Dakota,5.1,5.6,6.6,7.3,7.4,7.2,7.3,7.4,7.2,6.8,6.9,6.5,6.8,7.2,7.4,6.9,6.7,6.9
46045,Edmunds County,South Dakota,6.2,6.1,6.8,6.1,6.2,6.5,6.9,6.7,6.3,6.1,6.5,6.8,7,7.2,6.8,6.5,6.4,6
46047,Fall River County,South Dakota,7.4,6.7,6.8,6.2,6.9,6.9,7.3,8.2,7.2,6.2,6.9,6.1,7.8,7.4,8.9,8,6.9,8.3
46049,Faulk County,South Dakota,5.6,5.6,5.7,5.8,6.4,6.8,7.2,7.5,7.3,6.6,6.4,6.4,6.6,6.9,7.3,6.9,5.9,5.9
46051,Grant County,South Dakota,5.8,5.7,6.7,7,8.7,8,7.8,8,7.1,6.2,6.3,6.9,6.9,6.4,6.5,6.9,6.5,7
46053,Gregory County,South Dakota,5.3,6.1,6.4,7.6,8.3,8,7.7,7.5,7.3,6.6,6.5,6.2,6.4,7.4,6.9,8.4,7.4,6.5
46055,Haakon County,South Dakota,6.6,7.4,6.7,8.1,7.5,8.3,8.6,9,8.7,8,7.9,7.4,7.7,7.3,7.4,8.4,8.6,8.2
46057,Hamlin County,South Dakota,5.4,6,6.8,6.6,7.2,7.1,7.2,7.1,6.9,6.7,7.8,7.8,6.5,7.6,7.6,8.4,8,7.2
46059,Hand County,South Dakota,5.2,6,6,7.2,7.4,7.3,7.2,7.5,7.5,7.7,6.9,6.5,6,6.4,7,6.9,7,6.8
46061,Hanson County,South Dakota,5.2,5.6,6.1,6.3,6.5,6.7,6.9,7.4,7.1,6.4,7,8.4,7.9,7.1,6.8,7.8,7.1,6.7
46063,Harding County,South Dakota,6.3,6.9,6.8,7.2,6.9,7.4,7.7,8.3,7.9,7.2,7.4,7.6,7.8,7.5,7.2,7.4,7.2,7.3
46065,Hughes County,South Dakota,6.7,6.3,6.6,6.9,7.4,8.1,8.3,7.9,7.9,8.1,7.9,7.3,6.9,7.2,8.2,7.3,6.8,7
46067,Hutchinson County,South Dakota,6.3,6,6.3,6.4,6.7,7.1,7.6,8,7.8,7.9,8,6.8,7.6,7.7,8,7.3,7,7.1
46069,Hyde County,South Dakota,5.7,7,6.7,6.5,7.1,7.3,7.3,7.4,7.1,7.5,7.1,7.3,6.7,6.7,6.8,7.6,7.1,6.3
46071,Jackson County,South Dakota,7.8,9.9,8.5,10.1,10,9.9,10.3,9.5,9.1,8.9,8.8,8.9,8.7,10.3,11,10.2,11,11.9
46073,Jerauld County,South Dakota,6.4,5.8,5.9,6,5.9,6.8,7.4,8.1,8,7.2,7.2,7.3,7.2,7.5,7.9,7.8,7.9,7.7
46075,Jones County,South Dakota,5.7,5.9,6.6,6.1,6.4,6.5,6.9,7.3,7.2,6.4,7.1,6.7,6.7,6.4,6.6,6.7,7,7
46077,Kingsbury County,South Dakota,5.8,5.9,6.5,6.2,5.2,5.8,6.5,8,7.2,6.8,7.3,6.6,7,7.3,8.3,7.4,7.5,7.8
46079,Lake County,South Dakota,4.9,5.3,5.9,6.4,6,6.4,6.6,7.9,7.1,6.1,6.7,7,6.6,7.1,7.1,7.5,6.9,6.8
46081,Lawrence County,South Dakota,5.6,6.4,6.3,5.9,5.2,5.5,5.8,6.8,6,6.3,6.1,6.8,7,7.1,6.5,6.2,5.7,6.2
46083,Lincoln County,South Dakota,5.7,5.6,4.8,5.8,6,6.6,5.7,6.8,6.1,6.6,6.8,6.5,7.6,8.2,8.4,7.3,7.4,8.3
46085,Lyman County,South Dakota,6.8,6.6,7.6,7.9,9,8.9,9.3,10,9.2,8.1,8.1,8,8.9,9,9.2,9.3,9.2,9.7
46087,Mccook County,South Dakota,6.2,6.7,6.5,7,6.7,7.2,7.8,8.5,8,7.6,7.1,7.2,7.7,7.8,8.3,8.4,8.8,9.1
46089,Mcpherson County,South Dakota,7.1,7.8,8.3,7.7,7.2,7.4,7.9,8.2,8,8.5,8,8.4,7.6,7.7,8.2,8,7.1,6.8
46091,Marshall County,South Dakota,6.2,5.5,5.5,5.7,7.4,7.3,7.8,7.2,7.2,6.6,6.7,6.5,7,6.8,6.5,6.5,6,6.3
46093,Meade County,South Dakota,5.7,6,5.8,5.8,5.5,7.4,8.3,8.2,7.6,7.5,8.1,7.4,7.2,7.5,7.4,7.7,7.2,6.8
46095,Mellette County,South Dakota,9.3,8.7,8,9.1,9.6,9.6,10.1,9,8.9,8.8,10,9.6,9.7,9.3,8.8,10.5,11.1,10.2
46097,Miner County,South Dakota,6,6,6.4,6.9,7.2,7,7,7.3,7.2,6.4,7.4,6.9,7.1,6.7,7,7,7.4,7
46099,Minnehaha County,South Dakota,5.5,6.2,6.6,6.3,6.6,6.8,6.7,8.3,7.8,8,7.3,8.1,7.7,7.7,7.9,8.3,7.5,7.9
46101,Moody County,South Dakota,6.6,7.3,6.6,7,6.6,7,7.2,8,8,6.9,9,8,7.6,7.5,6.8,6.6,6.6,7.1
46102,Oglala Lakota County,South Dakota,No Data,No Data,No Data,No Data,No Data,No Data,No Data,No Data,No Data,No Data,15.9,16.9,16.6,19.6,17.6,17.9,15.4,16.1
46103,Pennington County,South Dakota,6.2,6.2,6.1,6.1,6.3,7.3,7.5,7.8,7.4,7.5,7.4,7.9,7.2,8.3,8.2,7.7,7.9,7.2
46105,Perkins County,South Dakota,5.8,6.2,7,7.4,7.6,7.2,7.3,6.9,6.7,5.9,6.3,6.5,7,6.6,6.7,6.4,6.6,7.6
46107,Potter County,South Dakota,5.6,6.6,6.5,7.2,6,6.4,6.7,7.4,7.6,6.9,7.2,7.4,7.5,6.9,7.5,8.2,7.4,7.2
46109,Roberts County,South Dakota,6.5,7.9,7.5,8.2,8.3,8.5,9.1,9.9,9.6,7.9,9.4,9.7,11,8.9,9.3,8.5,8.6,9.7
46111,Sanborn County,South Dakota,5.1,5.2,6.3,6.1,6.6,6.8,7.1,7.1,7.3,6.3,7.1,6.8,6.7,6.9,8.2,7.6,7.6,8.3
46115,Spink County,South Dakota,6.2,6.8,6.3,6.9,7,7.3,7.2,6.9,7.2,7,6.8,7.2,7.6,7.9,7,8.2,7.3,7
46117,Stanley County,South Dakota,7.4,6.9,6.4,7.4,7.2,7.3,7.2,7.7,8.3,7.7,7.1,7,6.6,7.3,6.6,7.1,6.6,7.3
46119,Sully County,South Dakota,6,5.5,6,6.1,7,7.1,7.1,7.3,7.5,6.3,6.7,6.4,6.8,6.8,6.9,6.8,6.6,6.9
46121,Todd County,South Dakota,9.6,11.3,12.2,13.7,12.8,12,11.9,14.7,16.3,16.8,17.3,14.7,14.1,14.5,16,15.4,15.5,18.4
46123,Tripp County,South Dakota,4.9,4.6,5.6,6.2,6.3,6.5,7,7.6,7.7,6.8,7.5,6.5,7.1,7.4,7,7,7,6.7
46125,Turner County,South Dakota,5.4,5.7,6.8,7.5,7.5,7.3,7.2,7.5,7,6.7,5.7,6.2,6.2,6.7,8,8.5,8.3,8.6
46127,Union County,South Dakota,6.7,7,6.3,6.5,6.5,6.1,5.8,7,8,7,6.4,8,7,6.9,7.1,7,7.9,8.2
46129,Walworth County,South Dakota,5.8,6.2,7.3,7.4,8.4,8.2,8.5,8.9,8.9,7.7,7.7,8.7,7.9,8.7,8.7,8.8,9.9,8.5
46135,Yankton County,South Dakota,6.6,6,6.5,6.8,7,7.6,7.1,6.8,6.6,6.4,6.5,6.6,6.2,7.3,7.5,6.9,7.1,8.3
46137,Ziebach County,South Dakota,7.5,10,10.2,11.6,13.3,11.7,12.1,13.4,14.3,14,15.8,14.7,12.9,13.2,16,14,14.2,15.3
47001,Anderson County,Tennessee,6.7,7.4,6.8,7.7,7.9,7.8,7.7,8.2,8.4,8.3,6.6,6.6,7.1,7.5,8.7,8.1,7.4,9.4
47003,Bedford County,Tennessee,6.6,6.2,7.3,7.4,8.8,9,9.6,9,8.4,8.7,7.7,9.1,8.5,8.7,8.5,8.2,9.5,8.9
47005,Benton County,Tennessee,6.6,7.5,7.3,9.3,9.1,8.4,9.4,9.5,9.2,8.9,8.3,8.1,8.4,8.5,8.9,9.5,8.6,7.6
47007,Bledsoe County,Tennessee,7,7,7.6,8.2,8.1,8.7,9.6,9.9,8.3,8.3,8.6,9.1,9.1,8.9,9.8,9.1,8.7,9
47009,Blount County,Tennessee,5.7,7,7.6,8.9,7.8,7.2,7.7,8,8.3,9.5,9.2,9.1,9.6,7.6,7,8.3,8.9,10
47011,Bradley County,Tennessee,7.1,7.8,9.2,10.8,9.8,9.2,10.8,10.3,11.6,11.1,10.3,12,11.9,11,11.6,12.3,11.5,11.6
47013,Campbell County,Tennessee,7.8,7.9,8.8,9.1,8.3,9,8.9,9,8.3,9.1,7.9,8.5,8.9,8.3,10.5,8.6,9.6,9.9
47015,Cannon County,Tennessee,6.1,6.6,7.4,7.5,7.3,7.2,7.7,7.7,7.7,7.4,7.7,7.4,7.3,8,8.1,8,7.5,7.2
47017,Carroll County,Tennessee,6.8,7.5,7.4,7.2,7.8,8.7,8.7,9.8,9.6,8.3,10.3,8,9.2,8.4,9.3,9.1,9.6,8.7
47019,Carter County,Tennessee,7.1,8,8.2,9.7,8.6,10,9.4,10.8,11.7,9.5,9,10.2,10.9,12.4,12.1,11.3,10.8,12.9
47021,Cheatham County,Tennessee,6,6.5,6.9,7.6,7.5,7.2,7.5,8,8.3,8,7.9,8.4,8.1,8.1,7.6,9.7,9.2,9.2
47023,Chester County,Tennessee,6.5,6.9,8.2,9,8.9,9.8,8.2,9.1,9.8,8.8,8.9,8,8.2,9.6,9.2,7.9,8.2,10.4
47025,Claiborne County,Tennessee,6.6,6.7,7.2,7.9,7.4,7.4,8.3,8.9,11.2,8.6,8.7,7.7,9.3,8.9,11,10.8,9.7,9.4
47027,Clay County,Tennessee,7.2,7,7.7,7.9,7.8,8,8.3,8.6,8.4,7.7,7.6,7.1,8.3,8.3,8.9,7.9,7.9,9
47029,Cocke County,Tennessee,7.3,6.9,8,8.7,8.9,10,9.1,8.5,9.4,9.9,10,11.4,11.7,10.7,11.1,12.2,10.9,10.5
47031,Coffee County,Tennessee,5.8,7,7.9,10,9.3,8.8,9.9,9.7,9.9,9.6,8.8,8.5,9,9.4,10.3,10.4,11.2,11.1
47033,Crockett County,Tennessee,6.6,6.9,7,7.4,8.8,8.9,9.3,8.8,9.3,9.1,7.9,7.7,8.3,8.6,8.5,8.2,8.6,9.6
47035,Cumberland County,Tennessee,6.4,6,7,7.4,8,7.5,7.8,7.8,10.6,10.7,10.7,9.3,10.3,8.7,9.2,8.8,10.1,10.5
47037,Davidson County,Tennessee,6.1,8,8.7,9.3,9,7.6,9.1,9.5,10.2,9.9,10,10.3,9.5,9.6,8.4,9,9.3,9.4
47039,Decatur County,Tennessee,6.6,6.7,6.7,7.7,7.4,7.7,7.9,7.8,8.3,9.4,9.1,9.4,9,8.8,8.8,9.8,9.3,8.7
47041,Dekalb County,Tennessee,6.1,6.9,6.6,8.7,8.2,7.6,8.1,8.6,8.2,9.2,9,8.3,9.4,10.4,9.3,11.2,9.7,7.7
47043,Dickson County,Tennessee,6.3,6.4,7.1,7.2,7.8,8.1,8.6,9.7,9.2,8.8,7.9,7.5,8.2,8.6,8.8,8.9,7.9,8.6
47045,Dyer County,Tennessee,7.7,8.1,7.6,9.1,8.4,9.1,9.4,9.3,8.5,9.8,10,11.2,10.5,9.7,10.2,8.9,9.3,8.9
47047,Fayette County,Tennessee,7,7.7,8.6,7.1,8.2,9.4,9.2,9.7,9.4,10.1,11.4,8.9,7.7,7.1,9.6,9.2,9,8.8
47049,Fentress County,Tennessee,6.7,7.5,8.2,7.4,7.5,8.3,8.9,8.2,9.6,8.1,8.5,7.9,9.1,8.3,7.8,8.5,11.2,9.9
47051,Franklin County,Tennessee,6.4,7.1,7,7.7,7.1,8.7,7.3,7.7,7.5,7.8,8.4,9.6,9.6,10.6,10.1,10.3,9.3,9.5
47053,Gibson County,Tennessee,6.3,7.4,8.2,9.2,8.9,9.2,9.3,8.7,9.1,8,8.9,9.7,11.6,11,12.1,13.6,12.4,10.7
47055,Giles County,Tennessee,6.9,7.7,7.3,8.2,7.8,8.3,8.1,7.9,7.6,8.1,9.4,9.4,8.8,7.8,8.1,9.3,9.7,9.9
47057,Grainger County,Tennessee,6.1,6.2,6.5,7.9,7.9,8.1,7.7,7.4,7.7,8.1,8.8,8.2,8.3,8.8,8.5,8.1,8.3,9.1
47059,Greene County,Tennessee,6.8,8.1,8.3,8.9,8,7.8,9.1,10.8,9.5,8.6,8,9.3,10.9,12.1,12.6,12.7,11,9.4
47061,Grundy County,Tennessee,7.4,7.9,8,8,7.2,8.5,8.4,8.9,10.4,9.6,8.8,11.1,10,9.5,8.9,9.9,9.1,9
47063,Hamblen County,Tennessee,7.8,7.5,7.4,7.8,9.5,9.2,8.9,8.7,10.4,8.7,8.8,9.8,10.2,12.4,11.1,11.4,10.5,10.2
47065,Hamilton County,Tennessee,7.4,8,8.5,9.3,8.4,9.1,8.7,10.3,9.6,10.5,10.2,11.6,10.6,10.6,10.5,10.9,10.3,10.6
47067,Hancock County,Tennessee,7.4,7,7,7.7,7.8,8.2,8.3,9.8,9,8.2,7.6,7.5,7.9,7.6,7.9,8.1,8.3,7.9
47069,Hardeman County,Tennessee,7.3,7.9,9.8,11,11.2,10.2,9.7,11.2,11.2,10.3,9.9,10.2,11.5,10,10.8,13,10.9,10.3
47071,Hardin County,Tennessee,7.3,7.6,8,8.3,7.3,8,7.7,9.5,9.9,9.1,8.5,8.1,8.8,9,9.8,12,11,10.4
47073,Hawkins County,Tennessee,7.5,8.4,9.5,10.7,10.3,10.2,9.7,9,9.7,9.1,9.5,9.1,10.2,10.6,10.1,9.1,9.5,13
47075,Haywood County,Tennessee,7.6,7.9,8,9,10,10.5,10.1,10.6,11.6,10.2,9.1,9,9.7,10.6,12.3,13.5,12.5,11.1
47077,Henderson County,Tennessee,6.2,6.3,6,8.2,7.5,7.4,7.5,9.6,10.2,11.5,10.5,10.6,11.3,13,12.7,12.3,12.3,11.8
47079,Henry County,Tennessee,6.3,7.7,8.6,8,8.3,7.9,9.3,11.1,9.5,9.3,9.2,8.9,9.8,10.1,9.4,10.4,9.4,7.9
47081,Hickman County,Tennessee,6.4,7.2,7.8,8.2,7.9,8,8.8,9.1,8.6,8.5,7.7,8.3,7.8,9.8,10.4,9.9,9.4,8.5
47083,Houston County,Tennessee,6.3,6.5,6.9,7.4,7.3,7.6,8,8.7,8.7,7.6,8.1,7.6,7.9,7.6,7.7,7.9,7.8,7.7
47085,Humphreys County,Tennessee,6.4,6.8,7,8.2,8.6,7.7,8.8,9.1,8.7,7.6,8.7,7.9,8.4,8,7.9,7.9,8.2,7.5
47087,Jackson County,Tennessee,6.5,6.4,6.4,7.1,8.9,8.5,8.3,7.8,7.5,7.7,8.6,8.6,7.9,9.4,9.4,8.7,8.8,8.7
47089,Jefferson County,Tennessee,6.1,6.6,7.2,7.8,8,8.7,8.6,7.9,8.3,7.4,8,8.9,8.7,8.9,9.9,9.9,9.8,9.4
47091,Johnson County,Tennessee,6.8,7.1,7.4,8.2,8.8,8.3,9.7,10.6,10.7,9.9,9,8.8,8.6,8,7.6,7,7.9,8
47093,Knox County,Tennessee,7.1,7.5,9.1,9.7,9.5,8.7,8.9,8.7,9.5,9.2,9.6,10.4,9.7,8.8,9.8,10.4,11.1,11.6
47095,Lake County,Tennessee,7.5,8.4,9.2,9.4,9.7,9.4,9.6,9.3,9.6,8.4,8.9,9.1,9,8.9,8.9,9.4,8.7,8.7
47097,Lauderdale County,Tennessee,7.5,6.8,8.9,8.2,8.9,7.7,10.4,10.7,10.8,10.2,11.5,11.5,11.5,13.1,12.8,13.4,12.4,9.9
47099,Lawrence County,Tennessee,7.4,8.2,8.2,9.2,9.5,8.7,9.4,8.7,9.5,9.1,9.2,9.9,10,9,10.1,8.9,8.5,8.8
47101,Lewis County,Tennessee,6.2,6.7,6.7,7.1,7.6,7.8,7.9,8.1,7.7,8,7.2,7.9,7.5,8,7.8,8.1,8.1,8
47103,Lincoln County,Tennessee,6.8,6.9,7.4,7,7.6,7.1,7.6,8.6,7.7,8.4,10.4,9.3,8.5,8.2,7.8,8.6,8.1,8.3
47105,Loudon County,Tennessee,7.2,7.6,8.4,7.7,7.8,7.9,9.1,9.3,9.1,8,7.4,7.6,8,9.5,10.2,10.2,8.1,7.3
47107,Mcminn County,Tennessee,6.8,7.7,7.5,7.4,8.6,8.8,8.7,9.4,9.4,10.3,10.2,10.5,8.8,8.9,10.7,11.1,12.1,12.1
47109,Mcnairy County,Tennessee,6.8,6.9,7.2,9.4,9.2,9.5,8.8,9.4,10.5,11,10.6,8.9,9.9,10.1,10.2,10.2,9.6,9.4
47111,Macon County,Tennessee,6.3,7.5,7,7.8,7.6,10,9.8,8.3,9.1,8.4,9.8,8.4,10,10.1,10.6,11.7,11.3,9.5
47113,Madison County,Tennessee,6.8,8.6,8.3,8.7,9.1,9.5,10.2,10.9,11.9,12.4,11.2,10.1,10.9,11.1,12.7,12.1,12.5,12.8
47115,Marion County,Tennessee,7,6.6,7.4,8.8,8.6,8.4,7.8,9.5,9.5,10,9.9,9.8,11.5,10.9,10.3,11.2,10.3,8.6
47117,Marshall County,Tennessee,6.5,6.6,7.3,9.8,9,8.6,7.3,8.7,10.6,9.4,9.1,8.9,8.1,8.7,9.5,11,9.3,9
47119,Maury County,Tennessee,6.6,6.5,6.8,6.9,7.5,8.7,8.3,8.7,7.6,7.7,8,7.5,7.5,8.1,10.1,10.6,10.9,9.6
47121,Meigs County,Tennessee,6.2,6.3,6.8,7.8,7.7,7.7,7.9,8.2,8.2,7.7,8.1,8.2,8.4,8.8,9.8,9.1,8.9,9.4
47123,Monroe County,Tennessee,6.6,6.6,8.3,8.9,9,7.8,9,9.1,10.1,8.3,10.2,9.7,8.9,8,8.6,10.8,9.7,10.4
47125,Montgomery County,Tennessee,8.4,8.8,8.2,8.9,10.2,10.7,11.5,9.7,9.3,9.1,10.1,10.8,11.5,10.7,12.5,13.4,12.7,11.6
47127,Moore County,Tennessee,5.7,6.1,6.4,6.8,6.9,6.9,7.1,7.3,7,7,6.8,6.6,7.3,7,7,6.5,7,7.3
47129,Morgan County,Tennessee,6.4,7.1,7.1,7.3,7.5,7.5,7.4,7.9,7.8,7.5,7.8,7.4,8.5,9.1,8.4,8,7.7,8.5
47131,Obion County,Tennessee,6.2,6.2,7.2,8.3,10,9.9,9.3,9.9,10.1,10.5,10.3,9.8,9.5,10.7,12.2,11.4,10.3,9.7
47133,Overton County,Tennessee,6,6.7,8.4,8.4,7.6,7.6,7.8,8.3,9.7,10.7,9,9,8.8,8.4,8.1,9.1,8.8,8
47135,Perry County,Tennessee,7,7,7.9,7.7,7.7,8,8.4,9.2,10.6,10.5,9.2,8.6,8.4,8.6,8.9,9.4,9.5,8.3
47137,Pickett County,Tennessee,6.3,6.7,6.7,7.5,7.4,7.7,7.9,7.9,8.5,7.2,7.3,7.5,8.2,8.1,7.4,9.2,8.3,8.9
47139,Polk County,Tennessee,5.9,6.8,7.7,7.5,8.3,7.8,9.1,8.6,8.6,7.9,8.9,9.5,9.5,9.5,9.6,8.5,10.1,9.7
47141,Putnam County,Tennessee,5.8,6.1,6.7,9.3,8.9,6.8,7.2,8.6,9.3,9.4,7.9,8.6,7.4,9.4,8,8.8,9.6,9.1
47143,Rhea County,Tennessee,6.6,8.3,7.6,7.8,8,8.1,7.8,9.4,9.5,9.1,8.4,10.3,10.2,9.5,10.4,8.4,7.8,8.8
47145,Roane County,Tennessee,5.8,6.3,7,7,8,8.1,9.4,8,7.6,6.3,9.1,8.6,8.9,9,8.2,9.2,9.2,7.9
47147,Robertson County,Tennessee,5.7,6.2,6.7,8.2,9,8,8.3,7.1,6.9,8.3,7.6,8.5,7.3,7.8,8.2,10.6,8.7,7.7
47149,Rutherford County,Tennessee,6.7,7.7,7.8,7,7.9,7.7,8.2,8.7,8.5,8.1,9.3,9.7,9.6,10.3,10.1,11.2,10.4,8.7
47151,Scott County,Tennessee,6.8,7.3,7.8,8.5,8.1,8.5,8.3,8.7,9.6,9.2,8.6,8.8,7.7,8.3,10.4,10.3,9.6,9.8
47153,Sequatchie County,Tennessee,6.6,6.4,7.1,7.6,7.2,7.7,7.7,8.6,8.8,8.4,8.1,7.6,8.8,9.1,8.9,8.4,9.4,8.8
47155,Sevier County,Tennessee,7.9,8.7,7.3,8.2,8.3,9.1,9.2,8.9,7.8,9.3,7.9,8.8,11.3,9.4,10.4,9.7,9.9,9.4
47157,Shelby County,Tennessee,8.4,8.3,8.7,10.1,11,10.7,11.3,11.4,11.5,11.4,10.9,11.7,11.1,10.4,10.8,11.2,11.5,12
47159,Smith County,Tennessee,6.6,6.5,6.8,7.1,8.3,8.6,8.7,7.9,8,7.7,7.9,8.9,9.1,8.8,8.7,8.8,8.1,7.4
47161,Stewart County,Tennessee,8.5,8.2,8.2,7.4,7.6,7.4,7.8,8.9,9.6,8.3,8.8,8.2,8.2,7.9,7.8,7.6,7.9,8.1
47163,Sullivan County,Tennessee,8.4,9.4,12.5,9.9,10.4,10.9,11,11.6,11.6,10.8,11.2,11.9,10.9,10.7,10.3,11.1,11.3,11.3
47165,Sumner County,Tennessee,7.7,7.1,7.3,8.3,9.1,7.5,7.6,7.5,8.7,7.4,8.2,6.9,7.4,7.8,7.9,8.1,9.9,8.1
47167,Tipton County,Tennessee,7.6,8,7.8,9.2,9,9.1,10,9.3,10.1,9.6,11.2,9.2,12.5,10.8,9.9,10.6,10,10.6
47169,Trousdale County,Tennessee,7,7.3,7.9,8.3,8.3,8.4,8.8,9.3,9.2,7.8,8.1,8,8.4,8,8.7,8.4,8.2,8.3
47171,Unicoi County,Tennessee,6.4,7.4,7.8,9.3,9.5,8.4,8.4,8.4,8.7,8.3,8.9,8.8,8.8,10.3,9.9,9.9,7.9,8.2
47173,Union County,Tennessee,6.7,6.7,6.6,7.4,7.1,7.7,7.9,8.4,8.9,8.1,8.3,8.5,9.5,8.5,8.3,7.6,8.4,9.6
47175,Van Buren County,Tennessee,6.7,7,7.8,8.4,8.2,8.3,8.5,8.9,8.9,8.2,8.3,7.8,8.2,8.1,8.7,8,7.9,8.2
47177,Warren County,Tennessee,7.6,6.3,7.3,6.7,7.9,7.6,8.6,9,10.3,10.3,11.7,12.7,11.5,10.6,10.5,10,9.3,9.2
47179,Washington County,Tennessee,6.6,8,7.7,9.2,8,9.3,9.1,8.8,9.5,9,11.2,9.7,11.1,10.4,10.6,11.5,11.4,10.3
47181,Wayne County,Tennessee,6.4,6.8,7,7.9,7.5,7.7,8.2,8.3,8.3,7.7,8.4,8.7,9.5,8.5,9.2,9.6,8.6,8.5
47183,Weakley County,Tennessee,6.4,7.8,7.9,7.5,8.3,7.9,8.3,9,11.2,10.5,9.8,8.3,8.3,8.3,8.7,9,8.2,9
47185,White County,Tennessee,7.1,6.9,7.8,8.1,8.5,7.8,8.1,8.7,8.3,7.8,9.1,10.2,9.7,10.4,9.4,9.8,8.2,7.9
47187,Williamson County,Tennessee,4.9,5.9,6.1,6.4,5.9,5.7,6.6,7.4,7.4,6.3,6.3,6.9,7.4,7.2,6.9,7.2,7.1,6.5
47189,Wilson County,Tennessee,5.8,6,6.3,7.2,6.7,7.7,7.1,9,8.5,7.6,8.9,7.2,8.8,8.1,7.7,9.8,10.1,9
48001,Anderson County,Texas,6.8,7.3,7.7,8.3,8.5,8.7,9,9.3,9.2,8.8,8.9,8.9,9.2,9.2,9.4,9.4,9.4,9.2
48003,Andrews County,Texas,6.4,6.8,7.1,7.7,7.8,8,8.2,8.5,8.5,8.2,8.4,8.4,8.7,8.7,8.9,8.9,8.9,8.7
48005,Angelina County,Texas,6.7,7.1,7.5,8.1,8.3,8.4,8.7,9,9,8.6,8.8,8.8,9.1,9,9.2,9.3,9.2,9
48007,Aransas County,Texas,6.5,6.8,7.2,7.8,7.9,8,8.3,8.5,8.6,8.3,8.5,8.5,8.8,8.7,8.9,9,8.9,8.8
48009,Archer County,Texas,5.6,6,6.2,6.5,6.6,6.8,7.1,7.4,7.3,7.1,7.3,7.2,7.3,7.4,7.6,7.5,7.5,7.6
48011,Armstrong County,Texas,5.6,5.9,6.2,6.4,6.6,6.8,7.1,7.4,7.3,7.1,7.2,7.2,7.3,7.4,7.6,7.5,7.4,7.5
48013,Atascosa County,Texas,6.4,6.7,7.1,7.7,7.8,7.9,8.2,8.4,8.5,8.2,8.4,8.4,8.7,8.7,8.9,8.9,8.8,8.7
48015,Austin County,Texas,6.6,6.9,7.3,7.9,8.1,8.2,8.5,8.7,8.8,8.4,8.6,8.6,8.9,8.9,9.1,9.1,9.1,8.9
48017,Bailey County,Texas,6.1,6.5,6.9,8.6,8.5,8.1,8.8,9,8.8,8,8.2,8.4,8.2,8.7,8.7,9.1,9.5,9.2
48019,Bandera County,Texas,6.4,6.8,7.1,7.7,7.8,7.9,8.2,8.4,8.5,8.2,8.4,8.4,8.7,8.7,8.9,8.9,8.9,8.7
48021,Bastrop County,Texas,6.6,7,7.3,8,8.1,8.2,8.5,8.8,8.8,8.5,8.6,8.6,8.9,8.9,9.1,9.1,9.1,8.9
48023,Baylor County,Texas,6.4,6.8,7.2,7.7,7.9,8,8.2,8.5,8.5,8.2,8.4,8.4,8.7,8.7,8.9,8.9,8.9,8.7
48025,Bee County,Texas,6.6,7,7.3,7.9,8.1,8.2,8.5,8.8,8.7,8.4,8.6,8.6,8.9,8.8,9.1,9.1,9,8.9
48027,Bell County,Texas,6.9,7.3,7.7,8.4,8.6,8.8,9,9.3,9.3,8.9,9.1,9.1,9.4,9.4,9.6,9.6,9.5,9.4
48029,Bexar County,Texas,6.6,6.9,7.3,8,8.1,8.2,8.5,8.8,8.8,8.5,8.7,8.7,8.9,8.9,9.1,9.2,9.1,8.9
48031,Blanco County,Texas,6.4,6.7,7.1,7.7,7.8,7.9,8.2,8.5,8.5,8.2,8.4,8.4,8.7,8.7,8.9,8.9,8.9,8.7
48033,Borden County,Texas,6.9,7.1,7.6,8.1,8.2,8.5,8.8,9.2,9.3,8.8,8.9,9.1,9.2,9.1,9.5,9.3,9.3,9.2
48035,Bosque County,Texas,6.4,6.8,7.1,7.7,7.8,7.9,8.2,8.5,8.5,8.2,8.4,8.4,8.7,8.7,8.9,8.9,8.9,8.7
48037,Bowie County,Texas,6.9,7.3,7.7,8.4,8.6,8.7,9,9.3,9.3,8.8,9,9,9.3,9.3,9.5,9.5,9.4,9.3
48039,Brazoria County,Texas,6.6,7,7.4,8.1,8.3,8.4,8.8,9.1,9.1,8.7,8.9,8.9,9.2,9.2,9.4,9.5,9.4,9.2
48041,Brazos County,Texas,6.4,6.8,7.2,9,8.9,8.5,9.3,9.5,9.3,8.4,8.6,8.7,8.5,9,9,9.4,9.7,9.5
48043,Brewster County,Texas,6.4,6.8,7.2,7.7,7.8,8,8.2,8.5,8.5,8.3,8.5,8.5,8.8,8.7,8.9,9,8.9,8.8
48045,Briscoe County,Texas,7,7.2,7.6,8.2,8.3,8.6,8.8,9.3,9.3,8.8,8.9,9,9.1,9.1,9.5,9.3,9.3,9.3
48047,Brooks County,Texas,6.1,6.5,6.8,8.5,8.4,8,8.7,8.8,8.7,8,8.1,8.3,8.1,8.5,8.6,9,9.3,9
48049,Brown County,Texas,6.4,6.8,7.2,7.8,7.9,8,8.3,8.5,8.6,8.3,8.5,8.5,8.7,8.7,8.9,9,8.9,8.7
48051,Burleson County,Texas,6.7,7.1,7.4,8.1,8.2,8.3,8.6,8.9,8.9,8.5,8.7,8.7,9,9,9.2,9.2,9.1,9
48053,Burnet County,Texas,6.4,6.8,7.1,7.7,7.8,8,8.2,8.5,8.5,8.3,8.4,8.4,8.7,8.7,8.9,8.9,8.9,8.7
48055,Caldwell County,Texas,6.5,6.9,7.3,7.9,8,8.2,8.4,8.7,8.7,8.4,8.6,8.6,8.9,8.8,9,9.1,9,8.8
48057,Calhoun County,Texas,6.5,6.9,7.3,7.9,8,8.2,8.4,8.7,8.7,8.4,8.6,8.6,8.9,8.8,9,9.1,9,8.9
48059,Callahan County,Texas,6.4,6.7,7.1,7.7,7.8,7.9,8.2,8.4,8.5,8.2,8.4,8.4,8.7,8.7,8.9,8.9,8.9,8.7
48061,Cameron County,Texas,6.1,6.5,6.9,8.5,8.4,8,8.7,8.8,8.7,7.9,8.1,8.2,8.1,8.5,8.6,9,9.3,9
48063,Camp County,Texas,6.8,7.2,7.6,8.3,8.4,8.6,8.8,9.1,9.1,8.7,8.9,8.9,9.2,9.1,9.3,9.4,9.3,9.1
48065,Carson County,Texas,5.6,6,6.2,6.5,6.6,6.8,7.1,7.4,7.3,7.1,7.3,7.2,7.3,7.4,7.6,7.5,7.5,7.6
48067,Cass County,Texas,6.8,7.2,7.6,8.2,8.4,8.5,8.8,9,9,8.7,8.8,8.8,9.1,9.1,9.3,9.3,9.2,9.1
48069,Castro County,Texas,6.2,6.6,7,8.7,8.6,8.2,8.9,9,8.8,8.1,8.2,8.4,8.2,8.7,8.7,9.1,9.5,9.2
48071,Chambers County,Texas,6.6,7,7.4,8,8.2,8.3,8.5,8.8,8.8,8.5,8.7,8.7,8.9,8.9,9.1,9.1,9.1,8.9
48073,Cherokee County,Texas,6.7,7.1,7.5,8.1,8.3,8.4,8.7,9,9,8.6,8.8,8.8,9.1,9,9.2,9.3,9.2,9
48075,Childress County,Texas,7.2,7.5,7.9,8.5,8.6,9,9,9.5,9.5,8.9,9,9.1,9.2,9.1,9.6,9.4,9.4,9.3
48077,Clay County,Texas,6.4,6.7,7.1,7.7,7.8,7.9,8.2,8.4,8.5,8.2,8.4,8.4,8.7,8.7,8.9,8.9,8.9,8.8
48079,Cochran County,Texas,6.2,6.6,7,8.7,8.7,8.3,9,9.1,9,8.2,8.4,8.5,8.3,8.8,8.8,9.2,9.5,9.3
48081,Coke County,Texas,6.9,7.1,7.5,8.1,8.1,8.4,8.8,9.2,9.3,8.8,8.9,9,9.1,9,9.4,9.3,9.2,9.2
48083,Coleman County,Texas,6.4,6.8,7.1,7.7,7.8,8,8.2,8.5,8.6,8.3,8.5,8.5,8.8,8.8,9,9,8.9,8.8
48085,Collin County,Texas,6.7,7.1,7.5,8.1,8.3,8.5,8.8,9.1,9.1,8.7,8.9,8.9,9.2,9.2,9.4,9.5,9.5,9.3
48087,Collingsworth County,Texas,6.5,6.9,7.2,7.9,8,8.1,8.4,8.6,8.7,8.4,8.6,8.6,8.8,8.8,9,9.1,9,8.9
48089,Colorado County,Texas,6.7,7.1,7.4,8.1,8.2,8.4,8.6,8.9,8.9,8.5,8.7,8.7,9,8.9,9.2,9.2,9.1,9
48091,Comal County,Texas,5.6,6,6.2,6.5,6.6,6.9,7.1,7.4,7.4,7.1,7.3,7.3,7.4,7.5,7.6,7.6,7.5,7.6
48093,Comanche County,Texas,6.4,6.7,7.1,7.7,7.8,7.9,8.2,8.4,8.5,8.2,8.4,8.4,8.7,8.7,8.9,8.9,8.9,8.7
48095,Concho County,Texas,6.1,6.5,7,8.6,8.5,8.1,9,9.1,8.9,8.1,8.3,8.4,8.3,8.8,8.8,9.2,9.5,9.2
48097,Cooke County,Texas,6.4,6.8,7.2,7.8,7.9,8,8.3,8.5,8.6,8.3,8.5,8.5,8.8,8.7,8.9,9,8.9,8.8
48099,Coryell County,Texas,6.8,7.3,7.7,8.3,8.5,8.7,8.8,9.1,9.1,8.7,8.9,8.9,9.2,9.1,9.3,9.4,9.3,9.1
48101,Cottle County,Texas,6.5,6.9,7.3,7.9,8,8.2,8.4,8.6,8.7,8.4,8.6,8.6,8.9,8.8,9,9.1,9.1,8.9
48103,Crane County,Texas,6.2,6.6,7,8.7,8.6,8.2,8.9,9,8.8,8.1,8.2,8.4,8.2,8.7,8.7,9.1,9.5,9.2
48105,Crockett County,Texas,6.4,6.7,7.1,7.7,7.8,8,8.2,8.5,8.5,8.3,8.4,8.5,8.7,8.7,8.9,9,8.9,8.8
48107,Crosby County,Texas,6.4,6.8,7.2,7.8,7.9,8,8.2,8.5,8.6,8.3,8.5,8.5,8.8,8.7,8.9,9,8.9,8.8
48109,Culberson County,Texas,6.1,6.6,6.9,8.6,8.5,8.1,8.9,9,8.8,8.1,8.3,8.4,8.2,8.7,8.7,9.1,9.4,9.1
48111,Dallam County,Texas,6.2,6.6,7,8.6,8.6,8.2,8.9,9,8.9,8.1,8.3,8.4,8.3,8.7,8.8,9.2,9.5,9.2
48113,Dallas County,Texas,6.9,7.3,7.8,8.5,8.6,8.8,9.2,9.5,9.5,9,9.2,9.2,9.5,9.5,9.6,9.7,9.6,9.4
48115,Dawson County,Texas,6.6,7,7.3,7.9,8.1,8.2,8.4,8.7,8.7,8.3,8.5,8.5,8.8,8.8,9,9,8.9,8.8
48117,Deaf Smith County,Texas,6.4,6.7,7.1,7.7,7.8,7.9,8.2,8.4,8.5,8.2,8.4,8.4,8.7,8.7,8.9,8.9,8.9,8.7
48119,Delta County,Texas,6.5,6.9,7.3,7.9,8,8.2,8.4,8.7,8.8,8.5,8.7,8.6,8.9,8.9,9.1,9.2,9.1,8.9
48121,Denton County,Texas,6.6,7,7.4,8,8.2,8.3,8.6,8.9,8.9,8.6,8.8,8.8,9.1,9.1,9.3,9.4,9.3,9.2
48123,Dewitt County,Texas,6.6,7,7.4,8,8.1,8.3,8.5,8.7,8.7,8.4,8.6,8.6,8.9,8.8,9.1,9.1,9,8.9
48125,Dickens County,Texas,6.3,6.7,7.1,8.8,8.8,8.4,9,9.1,8.9,8.1,8.3,8.4,8.3,8.7,8.8,9.2,9.5,9.3
48127,Dimmit County,Texas,6.1,6.5,6.9,8.5,8.5,8.1,8.8,8.9,8.7,8,8.2,8.3,8.2,8.6,8.6,9,9.3,9.1
48129,Donley County,Texas,6.4,6.8,7.2,7.8,7.9,8,8.3,8.5,8.6,8.3,8.5,8.5,8.8,8.8,9,9,8.9,8.8
48131,Duval County,Texas,6.1,6.5,6.9,8.5,8.4,8,8.8,8.9,8.7,8,8.1,8.3,8.1,8.6,8.6,9,9.3,9.1
48133,Eastland County,Texas,6.4,6.7,7.1,7.7,7.8,7.9,8.2,8.4,8.5,8.2,8.4,8.4,8.7,8.7,8.9,8.9,8.9,8.7
48135,Ector County,Texas,6.5,6.8,7.2,7.8,7.9,8.1,8.3,8.6,8.6,8.3,8.5,8.5,8.8,8.8,9,9,9,8.8
48137,Edwards County,Texas,6.2,6.6,7,8.6,8.6,8.2,8.8,9,8.8,8.1,8.2,8.4,8.3,8.7,8.7,9.1,9.5,9.2
48139,Ellis County,Texas,6.5,6.9,7.3,7.9,8.1,8.2,8.5,8.7,8.8,8.4,8.6,8.6,8.9,8.9,9.1,9.2,9.1,9
48141,El Paso County,Texas,6.4,6.8,7.2,7.8,7.9,8,8.2,8.5,8.5,8.3,8.4,8.4,8.7,8.7,8.9,8.9,8.9,8.7
48143,Erath County,Texas,6.9,7.2,7.6,8.1,8.2,8.5,8.8,9.2,9.3,8.8,8.8,9,9.1,9,9.4,9.3,9.2,9.1
48145,Falls County,Texas,7.5,7.8,8.2,8.9,9,9.4,9.7,10.2,10.2,9.5,9.5,9.7,9.7,9.7,10.1,9.9,9.8,9.7
48147,Fannin County,Texas,6.5,6.9,7.3,7.9,8,8.2,8.4,8.7,8.7,8.4,8.6,8.6,8.9,8.8,9,9.1,9,8.9
48149,Fayette County,Texas,6.5,6.9,7.2,7.8,8,8.1,8.4,8.6,8.6,8.3,8.5,8.5,8.8,8.8,9,9,9,8.8
48151,Fisher County,Texas,7,7.2,7.6,8.2,8.2,8.6,8.9,9.3,9.3,8.9,8.9,9.1,9.2,9.1,9.5,9.4,9.3,9.3
48153,Floyd County,Texas,6.4,6.8,7.2,7.8,7.9,8,8.2,8.5,8.6,8.3,8.5,8.5,8.8,8.8,9,9,9,8.8
48155,Foard County,Texas,6.2,6.6,7,8.7,8.6,8.2,8.8,9,8.8,8,8.2,8.4,8.2,8.7,8.7,9.1,9.4,9.2
48157,Fort Bend County,Texas,7.1,7.6,8,8.8,9,9.2,9.6,9.9,9.9,9.3,9.5,9.5,9.8,9.8,9.9,10,9.9,9.7
48159,Franklin County,Texas,6.4,6.8,7.2,7.8,7.9,8,8.3,8.6,8.6,8.3,8.5,8.5,8.8,8.7,9,9,8.9,8.8
48161,Freestone County,Texas,6.7,7.2,7.5,8.2,8.4,8.5,8.8,9.1,9.1,8.7,8.8,8.8,9.1,9.1,9.3,9.3,9.2,9.1
48163,Frio County,Texas,6.2,6.6,7,8.7,8.6,8.2,8.9,9,8.8,8,8.2,8.4,8.2,8.6,8.7,9.1,9.4,9.2
48165,Gaines County,Texas,6.1,6.6,6.9,8.6,8.5,8.1,8.8,9,8.8,8.1,8.2,8.4,8.2,8.6,8.7,9.1,9.4,9.1
48167,Galveston County,Texas,6.7,7.1,7.5,8.2,8.3,8.5,8.8,9,9,8.7,8.8,8.8,9.1,9.1,9.3,9.3,9.2,9.1
48169,Garza County,Texas,6.2,6.6,7,8.7,8.6,8.2,9,9.1,9,8.1,8.3,8.5,8.3,8.8,8.8,9.2,9.5,9.3
48171,Gillespie County,Texas,6.3,6.7,7.1,7.6,7.7,7.8,8.1,8.4,8.4,8.2,8.4,8.4,8.7,8.6,8.8,8.9,8.8,8.7
48173,Glasscock County,Texas,6.1,6.5,6.9,8.6,8.5,8.1,8.8,8.9,8.8,8,8.2,8.4,8.2,8.6,8.7,9.1,9.4,9.2
48175,Goliad County,Texas,6.5,6.9,7.2,7.8,7.9,8.1,8.3,8.6,8.6,8.3,8.5,8.5,8.8,8.8,9,9,8.9,8.8
48177,Gonzales County,Texas,6.5,6.9,7.3,7.9,8.1,8.2,8.4,8.7,8.7,8.4,8.6,8.6,8.9,8.8,9,9.1,9,8.9
48179,Gray County,Texas,6.5,6.9,7.3,7.9,8,8.2,8.4,8.6,8.7,8.4,8.5,8.6,8.8,8.8,9,9.1,9,8.9
48181,Grayson County,Texas,6.5,6.9,7.2,7.9,8,8.1,8.4,8.7,8.7,8.4,8.6,8.6,8.8,8.8,9,9.1,9,8.8
48183,Gregg County,Texas,6.8,7.2,7.6,8.3,8.4,8.6,8.9,9.1,9.1,8.7,8.9,8.9,9.2,9.2,9.4,9.4,9.3,9.2
48185,Grimes County,Texas,6.8,7.2,7.6,8.3,8.4,8.5,8.8,9.1,9.1,8.7,8.9,8.8,9.1,9.1,9.3,9.3,9.2,9.1
48187,Guadalupe County,Texas,5.7,6.1,6.4,6.7,6.8,7,7.3,7.7,7.6,7.3,7.5,7.4,7.5,7.7,7.8,7.7,7.7,7.8
48189,Hale County,Texas,6.5,6.9,7.2,7.8,8,8.1,8.4,8.6,8.7,8.3,8.5,8.5,8.8,8.8,9,9,9,8.8
48191,Hall County,Texas,6.3,6.7,7.1,8.8,8.7,8.4,9,9.2,9,8.2,8.4,8.5,8.4,8.8,8.8,9.2,9.6,9.3
48193,Hamilton County,Texas,6.9,7.1,7.5,8.1,8.1,8.4,8.7,9.2,9.2,8.8,8.8,9,9.1,9,9.4,9.3,9.2,9.1
48195,Hansford County,Texas,6.4,6.7,7.1,7.7,7.8,7.9,8.2,8.4,8.5,8.2,8.4,8.4,8.7,8.6,8.9,8.9,8.9,8.7
48197,Hardeman County,Texas,7,7.2,7.7,8.3,8.3,8.7,8.9,9.5,9.5,8.9,9,9.1,9.2,9.1,9.6,9.4,9.4,9.3
48199,Hardin County,Texas,6.5,6.9,7.2,7.8,8,8.1,8.3,8.6,8.6,8.3,8.5,8.5,8.8,8.7,9,9,8.9,8.8
48201,Harris County,Texas,6.9,7.3,7.7,8.4,8.6,8.8,9.1,9.4,9.4,8.9,9.1,9.1,9.4,9.4,9.6,9.6,9.5,9.4
48203,Harrison County,Texas,6.9,7.3,7.7,8.4,8.6,8.7,9,9.3,9.3,8.8,9,9,9.3,9.2,9.4,9.5,9.4,9.2
48205,Hartley County,Texas,6.6,7,7.4,8,8.1,8.2,8.4,8.7,8.7,8.4,8.6,8.5,8.8,8.8,9,9.1,9,8.9
48207,Haskell County,Texas,6.2,6.6,7,8.6,8.6,8.2,8.9,9,8.9,8.1,8.3,8.4,8.2,8.7,8.7,9.1,9.4,9.2
48209,Hays County,Texas,5.7,6,6.3,6.6,6.7,6.9,7.2,7.5,7.4,7.2,7.3,7.3,7.4,7.5,7.7,7.6,7.5,7.6
48211,Hemphill County,Texas,6.4,6.7,7.1,7.6,7.8,7.9,8.1,8.4,8.5,8.2,8.4,8.4,8.7,8.7,8.9,8.9,8.9,8.7
48213,Henderson County,Texas,6.5,6.9,7.2,7.8,8,8.1,8.4,8.6,8.7,8.4,8.5,8.6,8.8,8.8,9,9,9,8.8
48215,Hidalgo County,Texas,6.1,6.5,6.9,8.5,8.5,8,8.7,8.9,8.7,8,8.1,8.3,8.1,8.5,8.6,9,9.3,9
48217,Hill County,Texas,6.5,6.9,7.3,7.9,8,8.1,8.4,8.6,8.7,8.4,8.5,8.6,8.8,8.8,9,9.1,9,8.8
48219,Hockley County,Texas,6.4,6.8,7.2,7.7,7.9,8,8.3,8.5,8.5,8.3,8.5,8.5,8.7,8.7,8.9,9,8.9,8.8
48221,Hood County,Texas,6.4,6.7,7.1,7.7,7.8,7.9,8.2,8.4,8.5,8.2,8.4,8.4,8.7,8.6,8.9,8.9,8.8,8.7
48223,Hopkins County,Texas,6.5,6.9,7.3,7.9,8,8.2,8.4,8.7,8.7,8.4,8.6,8.6,8.9,8.8,9,9.1,9,8.8
48225,Houston County,Texas,7.5,7.8,8.3,9,9.1,9.4,9.7,10.3,10.2,9.5,9.5,9.7,9.7,9.7,10.1,9.9,9.9,9.8
48227,Howard County,Texas,6.5,6.8,7.2,7.8,7.9,8.1,8.5,8.8,8.8,8.4,8.6,8.6,8.9,8.9,9.1,9.1,9.1,8.9
48229,Hudspeth County,Texas,6.2,6.6,6.9,8.6,8.5,8.1,8.9,9,8.8,8.1,8.2,8.4,8.3,8.7,8.8,9.2,9.5,9.3
48231,Hunt County,Texas,6.6,6.9,7.3,7.9,8.1,8.2,8.5,8.7,8.8,8.4,8.6,8.6,8.9,8.9,9.1,9.1,9,8.9
48233,Hutchinson County,Texas,6.5,6.8,7.2,7.8,7.9,8.1,8.3,8.6,8.6,8.3,8.5,8.5,8.8,8.8,9,9,9,8.8
48235,Irion County,Texas,5.6,6,6.2,6.5,6.7,6.9,7.1,7.4,7.3,7.1,7.2,7.2,7.3,7.4,7.6,7.5,7.5,7.6
48237,Jack County,Texas,6.5,6.8,7.2,7.8,7.9,8.1,8.3,8.6,8.6,8.3,8.5,8.5,8.8,8.7,8.9,9,8.9,8.8
48239,Jackson County,Texas,6.5,6.9,7.3,7.9,8,8.2,8.4,8.6,8.7,8.4,8.5,8.6,8.8,8.8,9,9.1,9,8.8
48241,Jasper County,Texas,6.7,7.1,7.5,8.2,8.3,8.5,8.7,9,9,8.6,8.8,8.8,9.1,9,9.2,9.3,9.2,9
48243,Jeff Davis County,Texas,6.4,6.7,7.1,7.7,7.8,7.9,8.2,8.5,8.5,8.3,8.4,8.5,8.8,8.7,9,9,9,8.8
48245,Jefferson County,Texas,7.1,7.6,8,8.8,9,9.2,9.5,9.8,9.7,9.2,9.4,9.4,9.7,9.6,9.8,9.9,9.8,9.6
48247,Jim Hogg County,Texas,6.9,7.1,7.5,8.1,8.1,8.4,8.7,9.2,9.2,8.7,8.8,8.9,9,8.9,9.4,9.2,9.2,9.1
48249,Jim Wells County,Texas,6.4,6.7,7.1,7.7,7.8,7.9,8.1,8.4,8.4,8.2,8.3,8.4,8.6,8.6,8.8,8.9,8.8,8.7
48251,Johnson County,Texas,6.4,6.8,7.2,7.8,7.9,8,8.3,8.5,8.6,8.3,8.4,8.5,8.7,8.7,8.9,9,8.9,8.8
48253,Jones County,Texas,6.6,7,7.4,8,8.2,8.3,8.6,8.9,8.9,8.5,8.7,8.7,9,8.9,9.1,9.2,9.1,9
48255,Karnes County,Texas,6.6,7,7.3,7.9,8.1,8.2,8.5,8.7,8.7,8.3,8.5,8.5,8.8,8.8,9,9,9,8.9
48257,Kaufman County,Texas,6.6,7,7.3,8,8.1,8.3,8.5,8.8,8.8,8.5,8.7,8.7,9,8.9,9.2,9.2,9.2,9.1
48259,Kendall County,Texas,5.6,5.9,6.2,6.5,6.6,6.8,7.1,7.4,7.3,7.1,7.2,7.2,7.3,7.4,7.6,7.5,7.5,7.6
48261,Kenedy County,Texas,6.2,6.5,6.9,8.6,8.5,8.1,8.8,8.9,8.8,8.1,8.2,8.4,8.2,8.7,8.7,9.1,9.5,9.2
48263,Kent County,Texas,6.9,7.1,7.5,8.1,8.1,8.4,8.7,9.2,9.2,8.7,8.8,9,9.1,9,9.4,9.3,9.2,9.2
48265,Kerr County,Texas,6.4,6.8,7.1,7.7,7.8,7.9,8.2,8.5,8.5,8.3,8.4,8.4,8.7,8.7,8.9,8.9,8.9,8.7
48267,Kimble County,Texas,6.9,7.1,7.5,8.1,8.1,8.4,8.7,9.2,9.2,8.8,8.8,9,9,9,9.4,9.2,9.2,9.1
48269,King County,Texas,7,7.2,7.6,8.2,8.3,8.6,8.7,9.2,9.3,8.8,8.8,9,9,9,9.4,9.3,9.3,9.3
48271,Kinney County,Texas,6.4,6.8,7.2,7.8,7.9,8,8.3,8.5,8.6,8.3,8.5,8.5,8.8,8.7,8.9,9,8.9,8.8
48273,Kleberg County,Texas,7,7.3,7.7,8.3,8.3,8.6,8.9,9.4,9.4,8.9,8.9,9.1,9.2,9.1,9.5,9.3,9.3,9.2
48275,Knox County,Texas,6.5,6.9,7.3,7.9,8.1,8.2,8.3,8.6,8.7,8.4,8.5,8.6,8.8,8.8,9,9,9,8.8
48277,Lamar County,Texas,6.6,7,7.4,8.1,8.2,8.4,8.6,8.9,8.9,8.6,8.8,8.8,9,9,9.2,9.3,9.2,9
48279,Lamb County,Texas,6.2,6.6,7,8.7,8.6,8.2,8.9,9.1,8.9,8.1,8.3,8.4,8.3,8.7,8.7,9.1,9.5,9.2
48281,Lampasas County,Texas,7,7.2,7.7,8.2,8.3,8.6,8.9,9.4,9.4,8.9,9,9.1,9.2,9.1,9.5,9.4,9.4,9.3
48283,La Salle County,Texas,6.1,6.6,6.9,8.6,8.5,8.1,8.8,8.9,8.7,8,8.1,8.3,8.1,8.6,8.6,9,9.3,9.1
48285,Lavaca County,Texas,6.5,6.8,7.2,7.8,7.9,8,8.3,8.6,8.6,8.3,8.5,8.5,8.8,8.8,9,9,8.9,8.8
48287,Lee County,Texas,6.6,7,7.4,8,8.1,8.3,8.6,8.8,8.9,8.5,8.7,8.7,9,8.9,9.1,9.2,9.1,8.9
48289,Leon County,Texas,6.6,7,7.3,8,8.1,8.2,8.5,8.7,8.8,8.4,8.6,8.6,8.9,8.9,9.1,9.1,9,8.9
48291,Liberty County,Texas,6.6,7,7.4,8.1,8.2,8.3,8.6,8.9,8.9,8.5,8.7,8.7,9,8.9,9.1,9.2,9.1,8.9
48293,Limestone County,Texas,6.7,7.2,7.5,8.2,8.4,8.5,8.8,9.1,9.1,8.7,8.9,8.9,9.1,9.1,9.3,9.3,9.3,9.1
48295,Lipscomb County,Texas,6.4,6.7,7.1,7.7,7.8,7.9,8.2,8.5,8.5,8.3,8.5,8.5,8.7,8.7,8.9,9,8.9,8.8
48297,Live Oak County,Texas,6.4,6.8,7.2,7.8,7.9,8,8.3,8.6,8.6,8.3,8.5,8.5,8.8,8.7,8.9,9,8.9,8.8
48299,Llano County,Texas,6.4,6.7,7.1,7.7,7.8,7.9,8.2,8.4,8.5,8.2,8.4,8.4,8.7,8.6,8.9,8.9,8.8,8.7
48301,Loving County,Texas,6.1,6.5,6.9,8.5,8.4,8.1,9.1,9.2,9.1,8.2,8.5,8.5,8.4,8.9,8.9,9.4,9.7,9.7
48303,Lubbock County,Texas,5.7,6.1,6.4,6.7,6.8,7,7.3,7.6,7.6,7.3,7.4,7.4,7.5,7.6,7.7,7.7,7.6,7.7
48305,Lynn County,Texas,7,7.2,7.6,8.2,8.3,8.6,8.8,9.3,9.3,8.8,8.9,9.1,9.2,9.1,9.5,9.3,9.3,9.2
48307,Mcculloch County,Texas,6.4,6.7,7.1,7.7,7.8,7.9,8.2,8.5,8.5,8.2,8.4,8.4,8.7,8.7,8.9,8.9,8.9,8.8
48309,Mclennan County,Texas,6.7,7.1,7.5,8.1,8.3,8.4,8.7,9,9,8.6,8.8,8.8,9.1,9,9.2,9.3,9.2,9
48311,Mcmullen County,Texas,6.1,6.5,6.9,8.6,8.5,8.1,8.9,9,8.8,8,8.2,8.4,8.3,8.7,8.8,9.2,9.5,9.3
48313,Madison County,Texas,6.8,7.2,7.6,8.3,8.5,8.6,8.8,9.1,9.1,8.7,8.8,8.8,9.1,9.1,9.3,9.3,9.3,9.1
48315,Marion County,Texas,6.9,7.3,7.7,8.4,8.5,8.7,9,9.3,9.3,8.9,9,9,9.3,9.3,9.4,9.5,9.4,9.2
48317,Martin County,Texas,6.4,6.8,7.1,7.7,7.8,8,8.2,8.5,8.5,8.2,8.4,8.4,8.7,8.7,8.9,8.9,8.9,8.8
48319,Mason County,Texas,6.3,6.7,7.1,7.6,7.7,7.9,8.1,8.4,8.4,8.2,8.4,8.4,8.7,8.6,8.9,8.9,8.8,8.7
48321,Matagorda County,Texas,6.7,7.1,7.5,8.1,8.3,8.4,8.7,8.9,8.9,8.6,8.8,8.8,9,9,9.2,9.3,9.2,9
48323,Maverick County,Texas,6.1,6.5,6.9,8.5,8.4,8,8.7,8.8,8.7,7.9,8.1,8.2,8.1,8.5,8.6,9,9.3,9
48325,Medina County,Texas,6.4,6.8,7.1,7.7,7.8,8,8.2,8.5,8.5,8.3,8.4,8.5,8.7,8.7,8.9,9,8.9,8.8
48327,Menard County,Texas,6.1,6.5,6.9,8.6,8.5,8.1,8.8,8.9,8.7,8,8.2,8.3,8.2,8.6,8.7,9.1,9.4,9.1
48329,Midland County,Texas,6.5,6.9,7.3,7.9,8,8.1,8.4,8.7,8.7,8.4,8.6,8.6,8.9,8.8,9,9.1,9,8.9
48331,Milam County,Texas,6.6,6.9,7.3,8,8.1,8.2,8.5,8.8,8.8,8.5,8.6,8.7,8.9,8.9,9.1,9.1,9.1,8.9
48333,Mills County,Texas,6.9,7.1,7.6,8.1,8.2,8.5,8.7,9.2,9.2,8.8,8.8,9,9.1,9,9.4,9.2,9.2,9.1
48335,Mitchell County,Texas,6.7,7.1,7.5,8.1,8.2,8.4,8.6,8.8,8.8,8.4,8.6,8.6,8.9,8.8,9.1,9.1,9,8.9
48337,Montague County,Texas,6.4,6.7,7.1,7.7,7.8,7.9,8.1,8.4,8.5,8.2,8.4,8.4,8.7,8.7,8.9,8.9,8.9,8.7
48339,Montgomery County,Texas,6.5,6.8,7.2,7.8,8,8.1,8.3,8.6,8.6,8.4,8.5,8.6,8.8,8.8,9,9.1,9,8.9
48341,Moore County,Texas,6.1,6.6,6.9,8.6,8.6,8.2,9,9.1,9,8.2,8.4,8.5,8.4,8.8,8.8,9.3,9.6,9.3
48343,Morris County,Texas,6.9,7.3,7.7,8.4,8.6,8.7,9,9.3,9.3,8.8,9,9,9.3,9.3,9.5,9.5,9.4,9.2
48345,Motley County,Texas,7,7.2,7.6,8.2,8.3,8.6,8.8,9.3,9.3,8.8,8.9,9.1,9.1,9.1,9.5,9.3,9.3,9.2
48347,Nacogdoches County,Texas,7.3,7.6,8,8.6,8.7,9.1,9.4,9.9,9.9,9.3,9.3,9.5,9.5,9.5,9.9,9.7,9.6,9.5
48349,Navarro County,Texas,6.7,7.1,7.5,8.1,8.3,8.4,8.7,9,9,8.6,8.8,8.8,9.1,9,9.2,9.3,9.2,9
48351,Newton County,Texas,6.8,7.2,7.6,8.3,8.5,8.6,8.9,9.2,9.2,8.8,8.9,8.9,9.2,9.2,9.4,9.4,9.3,9.2
48353,Nolan County,Texas,6.4,6.8,7.2,7.8,7.9,8,8.3,8.6,8.6,8.3,8.5,8.5,8.8,8.7,9,9,8.9,8.8
48355,Nueces County,Texas,6.5,6.8,7.2,7.8,7.9,8.1,8.3,8.6,8.6,8.3,8.5,8.5,8.8,8.8,9,9,8.9,8.8
48357,Ochiltree County,Texas,6.4,6.7,7.1,7.7,7.8,7.9,8.2,8.4,8.5,8.2,8.4,8.4,8.7,8.7,8.9,8.9,8.9,8.7
48359,Oldham County,Texas,6.4,6.8,7.1,7.7,7.9,8,8.1,8.4,8.5,8.2,8.4,8.4,8.7,8.7,8.9,9,8.9,8.8
48361,Orange County,Texas,6.5,6.9,7.3,7.9,8.1,8.2,8.4,8.7,8.7,8.4,8.6,8.6,8.9,8.8,9,9.1,9,8.9
48363,Palo Pinto County,Texas,6.4,6.8,7.1,7.7,7.8,8,8.2,8.5,8.5,8.3,8.4,8.5,8.7,8.7,8.9,8.9,8.9,8.7
48365,Panola County,Texas,6.7,7.1,7.5,8.2,8.3,8.5,8.7,9,9,8.6,8.8,8.8,9.1,9.1,9.3,9.3,9.2,9.1
48367,Parker County,Texas,6.4,6.8,7.1,7.7,7.8,8,8.2,8.5,8.5,8.2,8.4,8.4,8.7,8.7,8.9,8.9,8.9,8.7
48369,Parmer County,Texas,6.1,6.5,6.9,8.6,8.5,8.1,8.8,9,8.8,8,8.2,8.3,8.2,8.6,8.7,9.1,9.4,9.1
48371,Pecos County,Texas,6.2,6.7,7,8.7,8.7,8.2,9,9.1,9,8.1,8.3,8.5,8.3,8.7,8.8,9.2,9.5,9.3
48373,Polk County,Texas,6.7,7.1,7.4,8.1,8.2,8.3,8.6,8.9,8.9,8.5,8.7,8.7,9,8.9,9.1,9.2,9.1,9
48375,Potter County,Texas,6.6,7,7.4,8,8.2,8.3,8.6,8.9,8.9,8.6,8.7,8.8,9,9,9.2,9.3,9.2,9
48377,Presidio County,Texas,6.1,6.5,6.9,8.5,8.4,8,8.8,8.9,8.8,8,8.2,8.4,8.2,8.6,8.7,9.1,9.4,9.2
48379,Rains County,Texas,6.4,6.8,7.2,7.8,7.9,8,8.3,8.5,8.6,8.3,8.5,8.5,8.8,8.7,8.9,9,8.9,8.8
48381,Randall County,Texas,5.6,6,6.2,6.5,6.7,6.9,7.1,7.4,7.4,7.1,7.3,7.3,7.4,7.5,7.6,7.5,7.5,7.6
48383,Reagan County,Texas,6.4,6.8,7.2,7.8,7.9,8.1,8.3,8.6,8.6,8.3,8.5,8.5,8.8,8.7,9,9.1,9,8.9
48385,Real County,Texas,6.9,7.1,7.6,8.1,8.2,8.5,8.8,9.3,9.3,8.8,8.9,9,9.1,9,9.5,9.3,9.3,9.2
48387,Red River County,Texas,6.7,7.1,7.5,8.2,8.3,8.5,8.8,9.1,9.1,8.7,8.9,8.9,9.2,9.1,9.3,9.4,9.3,9.1
48389,Reeves County,Texas,6.2,6.6,7,8.6,8.6,8.1,9,9.1,8.9,8.1,8.3,8.4,8.3,8.7,8.8,9.2,9.5,9.2
48391,Refugio County,Texas,6.5,6.9,7.2,7.9,8,8.1,8.4,8.7,8.7,8.4,8.6,8.6,8.8,8.8,9,9,9,8.8
48393,Roberts County,Texas,6.9,7.1,7.6,8.1,8.2,8.5,8.7,9.2,9.2,8.8,8.8,9,9.1,9,9.4,9.3,9.2,9.1
48395,Robertson County,Texas,6.8,7.3,7.7,8.3,8.5,8.7,8.9,9.2,9.2,8.8,9,9,9.2,9.2,9.4,9.4,9.3,9.2
48397,Rockwall County,Texas,6.5,6.9,7.2,7.9,8,8.1,8.4,8.7,8.7,8.4,8.6,8.6,8.9,8.8,9,9.1,9.1,8.9
48399,Runnels County,Texas,6.4,6.7,7.1,7.7,7.8,7.9,8.2,8.5,8.5,8.3,8.5,8.5,8.7,8.7,8.9,9,8.9,8.8
48401,Rusk County,Texas,6.8,7.2,7.6,8.2,8.4,8.5,8.8,9.1,9.1,8.7,8.9,8.9,9.2,9.1,9.3,9.4,9.3,9.1
48403,Sabine County,Texas,6.6,6.9,7.3,7.9,8.1,8.2,8.4,8.7,8.7,8.4,8.6,8.6,8.9,8.8,9,9.1,9,8.9
48405,San Augustine County,Texas,7,7.4,7.8,8.5,8.7,8.8,9,9.3,9.2,8.8,9,9,9.3,9.2,9.4,9.5,9.4,9.2
48407,San Jacinto County,Texas,6.6,7,7.4,8,8.2,8.3,8.6,8.8,8.9,8.5,8.7,8.7,9,8.9,9.1,9.2,9.1,8.9
48409,San Patricio County,Texas,6.4,6.8,7.1,7.7,7.9,8,8.2,8.5,8.5,8.3,8.4,8.4,8.7,8.7,8.9,8.9,8.9,8.7
48411,San Saba County,Texas,6.4,6.7,7.1,7.7,7.8,7.9,8.3,8.5,8.5,8.2,8.4,8.4,8.7,8.7,8.9,8.9,8.9,8.8
48413,Schleicher County,Texas,6.4,6.8,7.1,7.7,7.8,8,8.2,8.4,8.5,8.3,8.4,8.5,8.8,8.7,8.9,9,8.9,8.8
48415,Scurry County,Texas,6.5,6.8,7.2,7.8,7.9,8.1,8.3,8.6,8.6,8.3,8.5,8.5,8.8,8.8,9,9,9,8.8
48417,Shackelford County,Texas,6.9,7.1,7.5,8.1,8.1,8.4,8.7,9.2,9.2,8.7,8.8,8.9,9,9,9.4,9.2,9.2,9.1
48419,Shelby County,Texas,6.8,7.2,7.6,8.2,8.4,8.5,8.8,9.1,9.1,8.7,8.9,8.9,9.2,9.1,9.3,9.4,9.3,9.1
48421,Sherman County,Texas,6.1,6.5,6.9,8.5,8.5,8,8.8,8.9,8.8,8,8.2,8.4,8.2,8.6,8.7,9.1,9.4,9.2
48423,Smith County,Texas,6.8,7.2,7.6,8.2,8.4,8.5,8.8,9.1,9.1,8.7,8.9,8.9,9.1,9.1,9.3,9.4,9.3,9.1
48425,Somervell County,Texas,6.1,6.5,6.9,8.5,8.5,8,8.8,8.9,8.8,8,8.2,8.3,8.2,8.6,8.7,9.1,9.4,9.1
48427,Starr County,Texas,6.1,6.5,6.8,8.5,8.4,8,8.7,8.8,8.6,7.9,8.1,8.2,8.1,8.5,8.5,8.9,9.2,9
48429,Stephens County,Texas,6.4,6.8,7.2,7.7,7.9,8,8.2,8.5,8.5,8.2,8.4,8.4,8.7,8.7,8.9,8.9,8.9,8.7
48431,Sterling County,Texas,6.3,6.7,7,7.6,7.7,7.8,8.2,8.5,8.5,8.3,8.5,8.5,8.8,8.7,8.9,9,8.9,8.7
48433,Stonewall County,Texas,7,7.3,7.7,8.3,8.3,8.7,8.8,9.3,9.4,8.8,8.9,9.1,9.2,9.1,9.5,9.3,9.3,9.3
48435,Sutton County,Texas,6.4,6.7,7.1,7.6,7.8,7.9,8.1,8.4,8.5,8.2,8.4,8.4,8.7,8.7,8.9,8.9,8.9,8.7
48437,Swisher County,Texas,6.5,6.9,7.3,7.9,8,8.1,8.4,8.7,8.7,8.3,8.5,8.6,8.8,8.8,9,9.1,9,8.9
48439,Tarrant County,Texas,6.7,7.1,7.5,8.2,8.4,8.5,8.8,9.1,9.1,8.7,8.9,8.9,9.2,9.2,9.4,9.5,9.4,9.2
48441,Taylor County,Texas,6.5,6.9,7.3,7.9,8,8.1,8.4,8.7,8.7,8.4,8.6,8.6,8.9,8.8,9,9.1,9,8.9
48443,Terrell County,Texas,7,7.2,7.6,8.2,8.2,8.5,8.8,9.3,9.4,8.9,8.9,9.1,9.2,9.1,9.6,9.4,9.4,9.4
48445,Terry County,Texas,6.2,6.6,7,8.7,8.6,8.2,8.9,9.1,8.9,8.1,8.2,8.4,8.2,8.7,8.7,9.1,9.4,9.2
48447,Throckmorton County,Texas,6.9,7.1,7.5,8.1,8.1,8.4,8.7,9.2,9.2,8.7,8.8,8.9,9.1,9,9.4,9.2,9.2,9.1
48449,Titus County,Texas,6.6,7,7.4,8,8.1,8.3,8.6,8.8,8.9,8.5,8.7,8.7,9,9,9.2,9.2,9.1,9
48451,Tom Green County,Texas,6.4,6.8,7.2,7.8,7.9,8,8.3,8.6,8.6,8.3,8.5,8.5,8.8,8.7,8.9,9,8.9,8.8
48453,Travis County,Texas,6.6,7.1,7.4,8.1,8.2,8.4,8.7,9,9,8.6,8.8,8.8,9.1,9,9.2,9.3,9.2,9.1
48455,Trinity County,Texas,7.2,7.4,7.8,8.4,8.5,8.8,9.1,9.6,9.6,9,9.1,9.2,9.3,9.2,9.6,9.5,9.4,9.3
48457,Tyler County,Texas,7.2,7.4,7.9,8.5,8.5,8.9,9.1,9.6,9.6,9,9.1,9.2,9.3,9.2,9.6,9.5,9.4,9.4
48459,Upshur County,Texas,6.6,6.9,7.3,8,8.1,8.2,8.5,8.7,8.8,8.4,8.6,8.6,8.9,8.9,9.1,9.1,9,8.9
48461,Upton County,Texas,6.4,6.8,7.2,7.8,7.9,8,8.3,8.6,8.6,8.3,8.5,8.6,8.8,8.8,9,9,9,8.8
48463,Uvalde County,Texas,6.4,6.7,7.1,7.7,7.8,7.9,8.2,8.4,8.5,8.2,8.4,8.4,8.7,8.6,8.8,8.9,8.8,8.7
48465,Val Verde County,Texas,6.1,6.5,6.9,8.6,8.5,8.1,8.8,8.9,8.7,8,8.2,8.3,8.2,8.6,8.6,9,9.3,9.1
48467,Van Zandt County,Texas,6.4,6.8,7.2,7.7,7.9,8,8.2,8.5,8.5,8.3,8.4,8.5,8.7,8.7,8.9,8.9,8.9,8.7
48469,Victoria County,Texas,6.5,6.9,7.2,7.8,8,8.1,8.4,8.6,8.7,8.4,8.5,8.5,8.8,8.8,9,9,9,8.8
48471,Walker County,Texas,6.6,7.1,7.5,9.3,9.3,8.9,9.7,9.8,9.6,8.6,8.8,8.9,8.7,9.2,9.2,9.7,10,9.7
48473,Waller County,Texas,6.9,7.3,7.7,8.4,8.6,8.7,9,9.3,9.3,8.8,9,9,9.2,9.2,9.4,9.4,9.3,9.2
48475,Ward County,Texas,6.5,6.8,7.2,7.8,7.9,8.1,8.3,8.6,8.6,8.3,8.5,8.5,8.8,8.7,9,9,8.9,8.8
48477,Washington County,Texas,6.7,7.1,7.5,8.2,8.3,8.5,8.7,9,9,8.6,8.8,8.8,9.1,9.1,9.3,9.3,9.2,9
48479,Webb County,Texas,6.1,6.5,6.8,8.5,8.4,8,8.7,8.8,8.7,7.9,8.1,8.2,8.1,8.5,8.6,8.9,9.3,9
48481,Wharton County,Texas,6.7,7.1,7.5,8.1,8.3,8.4,8.6,8.9,8.9,8.6,8.7,8.7,9,9,9.2,9.2,9.1,9
48483,Wheeler County,Texas,6.4,6.8,7.2,7.7,7.9,8,8.2,8.5,8.5,8.3,8.5,8.5,8.8,8.7,8.9,9,8.9,8.8
48485,Wichita County,Texas,6.6,7,7.4,8,8.2,8.3,8.6,8.8,8.9,8.5,8.7,8.7,9,8.9,9.1,9.2,9.1,9
48487,Wilbarger County,Texas,6.5,6.9,7.3,7.9,8.1,8.2,8.5,8.7,8.8,8.4,8.6,8.6,8.9,8.9,9.1,9.1,9.1,8.9
48489,Willacy County,Texas,6.1,6.5,6.9,8.6,8.5,8.1,8.8,8.9,8.7,8,8.1,8.3,8.1,8.6,8.6,9,9.3,9.1
48491,Williamson County,Texas,5.7,6.1,6.4,6.7,6.9,7.1,7.4,7.7,7.6,7.3,7.5,7.5,7.6,7.7,7.8,7.8,7.7,7.8
48493,Wilson County,Texas,6.4,6.8,7.1,7.7,7.8,8,8.2,8.5,8.5,8.3,8.4,8.5,8.7,8.7,8.9,8.9,8.9,8.7
48495,Winkler County,Texas,6.1,6.6,6.9,8.6,8.5,8.1,8.9,9,8.8,8.1,8.2,8.4,8.2,8.7,8.7,9.1,9.5,9.2
48497,Wise County,Texas,6.4,6.8,7.1,7.7,7.8,8,8.2,8.5,8.5,8.2,8.4,8.4,8.7,8.7,8.9,8.9,8.9,8.7
48499,Wood County,Texas,6.5,6.8,7.2,7.8,7.9,8.1,8.3,8.6,8.6,8.3,8.5,8.5,8.8,8.7,8.9,9,8.9,8.8
48501,Yoakum County,Texas,6.1,6.5,6.9,8.6,8.5,8.1,8.8,9,8.8,8,8.2,8.3,8.2,8.6,8.7,9.1,9.4,9.2
48503,Young County,Texas,6.4,6.7,7.1,7.7,7.8,7.9,8.2,8.4,8.5,8.2,8.4,8.4,8.7,8.7,8.9,8.9,8.9,8.7
48505,Zapata County,Texas,6.1,6.5,6.9,8.5,8.5,8,8.7,8.9,8.7,7.9,8.1,8.2,8.1,8.5,8.6,9,9.3,9
48507,Zavala County,Texas,6.1,6.5,6.8,8.5,8.4,8,8.7,8.8,8.7,7.9,8.1,8.3,8.1,8.5,8.6,9,9.3,9.1
49001,Beaver County,Utah,6.2,6.3,6.1,6.1,6.4,6.8,7.1,7.6,7.2,6.5,6.6,6.9,7.7,7.1,7.3,6.3,6.2,7.2
49003,Box Elder County,Utah,5.8,5.8,5.9,5.9,6.3,7.8,7.8,7.9,8.6,9.2,9,7.8,8.2,8.6,9.3,9.2,8.2,8.2
49005,Cache County,Utah,6.7,5.4,6.8,6.8,6.5,6,6.5,7.8,7.7,7.3,6.2,6.2,6.8,6.4,6.2,7,8.3,7.8
49007,Carbon County,Utah,5.6,6.7,6.6,7.5,6.9,7.8,8,8.5,8,8,8.8,9.3,8.7,7.9,9.1,8.2,8.6,8.3
49009,Daggett County,Utah,5.6,5.9,6,6.6,6.7,6.9,7.3,7.2,7.6,7.4,6.9,6.8,7.5,8.1,7.3,7.4,7,7.2
49011,Davis County,Utah,5.4,6.3,6.2,6.1,6,6.3,6.8,6.9,8,7.9,7.6,7.2,7.8,8.2,8.8,8.9,8.6,7.9
49013,Duchesne County,Utah,7.1,6.8,7.3,9.6,9,9.2,8.8,7.7,8.3,8.1,7.8,7.9,7.8,8.3,8.2,8.5,8,9.6
49015,Emery County,Utah,6.9,6.6,6.4,7.7,6.9,7,7,7,6.6,6.9,7.4,7.4,8.7,7.7,9.3,7.8,9.4,10
49017,Garfield County,Utah,6.7,6.9,7,7.4,7.4,7.7,7.9,7.9,7.4,7.9,7.8,8.8,8.4,7.7,7.1,7.8,8,6.7
49019,Grand County,Utah,5.9,7,7,8.3,7.4,7.7,7.7,6.9,7.8,6.7,6.1,6.2,7.3,7.8,7.4,7.6,7.2,6.6
49021,Iron County,Utah,7,6.2,7,6.3,5.4,6.6,7.5,7.2,7.9,7.1,6.5,6.4,7.7,8.8,8.1,7.8,7,8.6
49023,Juab County,Utah,5.7,5.9,6.1,6.8,7,7,7.2,6.4,8,8.3,9.4,7.6,8.2,7.1,7.6,8.2,8.5,7.2
49025,Kane County,Utah,6.2,6.3,7.3,7.7,7.9,8.2,8.5,8.7,8.6,7.5,8.2,8,8.3,7.6,8.3,8.9,8.1,7.4
49027,Millard County,Utah,6,7.1,6.9,6.8,7.4,7.5,8.1,7.8,9,8,7.3,7.7,9.1,8.3,8,10,10.7,8.6
49029,Morgan County,Utah,5.4,5.9,6.1,6.9,7,7.1,7.1,7.5,7,6.6,7.6,6.4,6.2,6.4,7.4,6.7,6,6.6
49031,Piute County,Utah,7.2,7.4,7.5,7.5,7.3,7.8,8.4,8.9,8.8,7.4,7.4,7.1,7.9,7.8,8,9.1,8.2,7.5
49033,Rich County,Utah,5.6,5.8,6.1,6.3,6.8,6.7,7.1,7.6,7.2,6.5,6.1,6.9,6.9,7.7,7.1,6.5,6.4,6.4
49035,Salt Lake County,Utah,5.4,6.2,6.6,6.8,7.4,7.5,7.5,7.5,7.7,7.8,7.8,7.7,7.4,7.1,7.6,7.9,8.5,8.6
49037,San Juan County,Utah,7.6,7.6,8,9.3,10.5,9.2,8.5,10.5,10.6,9.3,9.6,9.3,10.5,9.3,10.1,11.4,11.5,12.9
49039,Sanpete County,Utah,6.6,6.4,6,6.5,6.6,7.3,7.3,7.4,8.3,7.4,7.3,7.9,6.9,7.5,8,8.6,7.9,6.4
49041,Sevier County,Utah,5.4,5.4,6.2,6.8,7.1,7.8,9.2,9.3,9.2,8.7,8.5,8,7.9,7.9,8.1,8.4,8.4,8.9
49043,Summit County,Utah,3.5,4,4.1,4.1,4.1,4.2,4.1,4,4.2,4.5,3.9,4.1,4.1,4.7,4.9,5,5.2,5.5
49045,Tooele County,Utah,6.2,9,9.9,9.6,9.2,8.9,9.9,9.6,9.3,9.9,9,9.6,10.5,11,11.1,9.3,9.7,10.7
49047,Uintah County,Utah,7.8,7.3,7.9,8.5,10,9.1,8.4,9.1,9.1,9.4,8.2,8.5,9.4,10,10.9,11.4,10.6,9.4
49049,Utah County,Utah,5.2,6.1,6.5,6.6,7.4,7.2,7.2,7.3,7.1,7.1,6.8,6.9,7.5,7.2,7.4,7,7.4,8.2
49051,Wasatch County,Utah,4.2,4.7,5,5.4,5.3,6,6.4,6.5,6.7,6.8,6.7,6.4,5.6,5.3,5.9,6,5.9,6.5
49053,Washington County,Utah,5.7,5.6,6.6,6.6,6.8,7.1,6.5,6.3,6,5.9,6.6,6.4,6.9,6.7,6.9,6.7,6.9,6.6
49055,Wayne County,Utah,6.5,6.8,7,7.5,7.8,7.6,8,8.6,8,6.7,6.7,7.2,7.5,7.2,7.1,6.9,8.1,7
49057,Weber County,Utah,5.7,6.4,6.9,7.3,7.4,7.8,8.2,8.4,8.4,8.3,8.5,8.2,8.1,7.7,8.8,9.1,9,8.8
50001,Addison County,Vermont,6,6,5.4,5.4,5.5,5.5,6,6.9,5.9,6.2,5.9,6.7,7.7,6.3,6.4,5.9,5.5,5.8
50003,Bennington County,Vermont,5.7,6,6.8,7,7,6.4,6,6.8,7.2,7.1,6.5,6.4,6.7,6.8,8.3,7.5,7.4,7.6
50005,Caledonia County,Vermont,5.4,6.1,6.9,6.4,7.3,6.2,7.4,7.1,6.6,6.3,7,6.7,7,7.1,7.5,8.4,7.4,7.7
50007,Chittenden County,Vermont,4.5,4.8,5.1,5.4,5.1,4.9,5.5,5.6,6,6.2,6,5.6,5.7,5.8,6.4,6,5.7,5.8
50009,Essex County,Vermont,5.5,6.7,6.5,7.4,5.8,6.6,7.1,8.8,8.3,7.9,7.7,8.8,9.4,8.7,8.1,8.4,9,7.9
50011,Franklin County,Vermont,6.4,6.9,6.5,7.8,7.2,7.7,7.8,7.3,7.8,7.2,6.9,7.7,8.5,9,9.1,7.9,8.3,8.3
50013,Grand Isle County,Vermont,5.9,5.5,4.8,5.2,5.4,6.1,6.7,7.1,6.3,5.9,5.9,6.5,7.1,7.2,7.6,6.5,6.8,6.9
50015,Lamoille County,Vermont,5.9,5.5,6,5.6,6.1,6.6,7.2,7.2,6.3,6.4,6,5.7,5.9,6.7,7.2,6.5,6.6,7.1
50017,Orange County,Vermont,5.5,5.4,6.1,6.2,6.4,6.2,7.2,6.6,6.6,6.1,6.2,7,7.6,7.3,7.6,7.4,7.4,7.3
50019,Orleans County,Vermont,5.8,6.2,6,6.1,6.4,7,7.2,7.2,6.9,7.1,7.7,7.8,8,6.8,7,8.7,7.1,6.7
50021,Rutland County,Vermont,5.9,6.1,6.1,6.6,7,7,6.9,7.7,7.6,7.7,7.5,8,7.7,8.3,8,7.9,7.8,7
50023,Washington County,Vermont,5.9,5.9,6.1,7.1,7.1,6.5,6.2,6.8,6.6,7.2,7,6.5,6.5,6.3,6.2,6.6,6.4,6.3
50025,Windham County,Vermont,5.1,5.1,4.7,5.8,6.1,6.2,5.5,6.5,6.6,6,6.1,6.2,6.4,6.5,6.2,5.3,5.6,5.6
50027,Windsor County,Vermont,4.5,4.3,5.3,5.5,5.9,6.4,6.8,6.7,6.4,6.5,6.3,6.5,7.1,7,7.3,7.1,6.6,7.3
51001,Accomack County,Virginia,7.2,8.4,7.3,8.9,8.9,9.6,10.5,9.7,9.7,9.1,10.9,12.7,10.3,10.7,11.5,11.3,9.5,10.2
51003,Albemarle County,Virginia,5.6,5,6.4,6.4,6.6,7.1,8.2,8.5,7.3,6.4,5.2,4.6,5.6,7.4,7.4,8.2,7.7,7.5
51005,Alleghany County,Virginia,6.8,7.9,7.8,8.1,7.8,8,7.5,7.5,7.1,7.8,7.4,8.4,9.5,10.4,9.4,11.3,9.3,10.2
51007,Amelia County,Virginia,7,7.6,8.4,9.2,8.8,8.6,8.8,8.6,9,8.5,8.8,10.3,10.4,9.7,9.2,7.8,8.7,10.7
51009,Amherst County,Virginia,7.2,7.4,7.2,9.2,9.2,9.1,9,9.9,12.1,10.3,8.9,8.4,9.5,8.9,11.6,11.5,11.8,9.5
51011,Appomattox County,Virginia,6.5,7,7.9,8.3,9.1,10.2,9.4,8.8,8.1,8.6,9.2,9.1,8.8,8.6,8.8,8.1,8.5,8.8
51013,Arlington County,Virginia,5.9,5.7,6,5.9,7.2,6.4,5.6,5.6,5.8,4.8,4,4.5,5.1,5.6,6.3,6,6.6,6.1
51015,Augusta County,Virginia,5.5,5.8,5.7,6.5,6.9,7.7,7.3,7.3,7.5,8.4,9.6,9.2,9,10,10.2,10.3,10,10.6
51017,Bath County,Virginia,6.4,6.7,7.1,7.7,7.8,8.1,8,8.1,8.2,7.5,7.2,7.2,7.3,7.5,7.4,8.8,9,7.4
51019,Bedford County,Virginia,7.4,6.8,6.3,6.5,6.9,6.6,6.3,8,8.2,7.4,8.6,9.3,9.5,10.9,10.7,9.7,7.7,7.1
51021,Bland County,Virginia,6.2,6.7,7.3,7.8,8.2,7.9,8.1,9.1,8.6,7.4,7.5,8.3,8.4,7.9,8.4,9.1,9.2,8.7
51023,Botetourt County,Virginia,5.9,6.1,5.9,7.2,7.4,7.4,7.8,7.1,8.1,7,7.1,7.8,7.6,7.6,6.3,8.1,7.7,7
51025,Brunswick County,Virginia,8.3,8.9,8.4,9.1,9.1,10.4,11,10.8,9.3,8.3,9.4,8.3,9,9.4,9.8,8.8,10.6,10.4
51027,Buchanan County,Virginia,8,8.5,9.5,9.8,11.2,11.2,10.7,9.6,10.8,10.2,12,9.2,8.1,8.8,9.6,10.8,9.6,10.8
51029,Buckingham County,Virginia,7,7.6,7.8,9.9,10.3,9.8,9.8,11.2,11.7,11.9,11.4,9.9,10.7,10.3,9.6,10.5,9.6,8.8
51031,Campbell County,Virginia,6.4,7.3,6.8,6.6,7.1,8.1,7.7,7.4,7.6,7.6,8.8,7.7,7.8,8.7,11.1,10.5,9.8,8.5
51033,Caroline County,Virginia,6.3,6.4,7.3,7.8,7.6,8.1,8.6,9.3,9.1,7.8,7.5,7.9,8,7.9,8.6,9.4,9.8,9.2
51035,Carroll County,Virginia,7.3,7.4,7.1,8.3,8.3,9.6,9.4,8.7,8.4,8.3,9.4,9.6,10.1,8.5,9.6,9.3,8.6,9.4
51036,Charles City County,Virginia,7.3,7.9,8.5,9.7,9.7,9.8,9.9,10.5,10,9.1,9.1,9.3,9,8.6,8.6,8.9,9.9,9.2
51037,Charlotte County,Virginia,7.1,7.7,7.5,8,7.6,8.2,8.7,9.1,8.8,7.3,8.3,8.5,8.5,9.2,9.1,8.6,10.4,10.5
51041,Chesterfield County,Virginia,5.8,6.9,6.6,8.3,7.7,7.8,8.4,8.8,8.2,7.3,8.5,9.1,8.9,9.1,10,10.7,11.1,9.6
51043,Clarke County,Virginia,6.8,7.1,7.9,8.2,8,7.6,7.8,8,8.7,7.4,7.5,8,7.6,8,7.8,7.5,7,9.1
51045,Craig County,Virginia,5.9,6.3,6.7,6.5,6.3,6.5,6.8,7.1,7.5,6.4,6.5,6.8,7,7.3,6.8,6.6,6.7,8.1
51047,Culpeper County,Virginia,5.7,6.4,7.3,6.3,8.5,7.6,8.1,8.2,8.3,8.4,7.9,7.8,8.7,7.8,9.1,8.9,9.7,8.8
51049,Cumberland County,Virginia,6.8,8.1,8.2,8.9,8.8,9,9.3,9.2,9.4,8.4,10.8,10.6,10.8,9.2,8.3,8.7,9.2,9
51051,Dickenson County,Virginia,6.3,6.9,6.9,7.5,8.1,9,9.4,9.7,9.4,8.5,8.8,9.8,9.1,8.5,8.9,9.3,9.1,9.7
51053,Dinwiddie County,Virginia,6.7,8.7,9.2,9.7,9.6,9.6,8.8,10.9,10.1,9.8,8.9,10.2,10.4,10.5,10.8,11.5,10.3,10.4
51057,Essex County,Virginia,7.3,7.3,8.2,8.9,8.9,9.1,9.4,10,9.6,8.4,9.8,9.7,9.3,9.4,9.2,9.3,10.2,10.3
51059,Fairfax County,Virginia,5.5,4.8,4.9,5,5.5,6.2,7.2,7,5.6,5.8,5.5,5.2,6.4,5.7,5.6,6,6.2,6.2
51061,Fauquier County,Virginia,6.2,6.4,5.9,6.8,7.6,7.6,7.2,8.1,8.3,8,8.6,7,8.3,7.5,7.5,8.4,7.4,6.3
51063,Floyd County,Virginia,7.5,7.5,7.4,7.8,7.8,7.7,9,8.8,8.1,7.2,6.9,7.8,8.3,7.7,7.2,7.7,7.2,7
51065,Fluvanna County,Virginia,5.8,6.2,6.3,7.7,8.1,7.4,7.3,7.1,7.7,8.4,8,7.6,7.2,8.7,9.1,8.5,7.4,8.3
51067,Franklin County,Virginia,6.9,6.6,6.5,7.2,7.2,7.5,7.6,8.2,8.2,7.9,7.2,7.1,7.3,8.1,9.5,9.4,7.6,7.5
51069,Frederick County,Virginia,6.3,6.4,7.5,7.7,7.6,7.7,7.3,6.8,7.3,7.3,7.1,7.6,7.1,9.1,8.6,7.5,6.8,8
51071,Giles County,Virginia,6.8,7.3,6.8,7.8,7.2,8,8,8.7,8.2,7.3,7.3,7.6,8,8.4,7.7,8.6,8.8,7.7
51073,Gloucester County,Virginia,5.9,6.9,7.2,7.8,6.5,7.1,7.3,9.4,8.8,8.4,7.8,8,8.8,9.1,8.7,8,8,8.5
51075,Goochland County,Virginia,5.7,6.1,6.7,6.7,6.6,7.5,7.9,8,7.7,7.1,7.5,7.1,8.4,6.9,6.8,7.1,8.3,7.6
51077,Grayson County,Virginia,6.1,6.4,7.3,8.3,7.5,8.8,8.9,9.3,8.5,7.7,7.9,7.8,8,8.1,7.9,8.6,9,8.7
51079,Greene County,Virginia,5.8,6.4,6.5,6.2,6.6,6.5,6.9,6.9,6.8,6.8,7.1,6.6,6.8,6.7,7.2,6.1,7.3,7.2
51081,Greensville County,Virginia,7.9,8,9.2,9.2,10,9.6,10.4,10,10.9,11.1,11,10.5,10.6,10.2,9.8,11.3,11.1,11.1
51083,Halifax County,Virginia,9.2,9,9.5,10.8,10.7,12.9,11.2,10.3,10.8,11.4,11.8,10.2,11.6,13.1,11.6,10.9,11.1,11.6
51085,Hanover County,Virginia,5.6,5.3,7.1,6.7,7.3,7.5,7.1,7.1,7.6,6.6,7,8.1,8.7,9.1,8,7.9,8.3,7.7
51087,Henrico County,Virginia,7,6.1,6.1,7.1,7.8,6.7,8.4,8.6,9.1,8,8.6,8.4,8,8.7,9.2,8.9,9.2,10.9
51089,Henry County,Virginia,7.1,7.8,7.7,9.3,9.3,9.5,9.7,10.2,11.4,10.9,11.7,11.4,12.9,12.3,11.8,12,12.6,12.5
51091,Highland County,Virginia,6.4,6.5,6.9,7.2,7.5,7.7,7.9,8.3,8,7.3,7.7,7.6,7.4,7.4,7.8,8.1,7.4,7.2
51093,Isle Of Wight County,Virginia,7.7,7.4,6.7,7.8,8.6,10.3,10.9,9.8,9.9,8.8,9.2,8.4,8.6,8.3,8.5,7.7,8.4,10.3
51095,James City County,Virginia,5.8,6.3,5.7,6,6.7,6.6,6.3,7.6,7.1,6.3,7.1,7.3,7.9,6.8,7.9,7.6,8.5,8.7
51097,King And Queen County,Virginia,7,7.9,8,8.5,8.5,8.8,9,9.2,9.1,8.5,8.2,8.1,7.9,8.7,9,9,8.4,9.1
51099,King George County,Virginia,6.5,7.9,7.2,7.4,7,7.2,7.4,9,8.2,7,7.2,7.4,7.1,8.8,9,9.6,8.2,8
51101,King William County,Virginia,6.1,6.5,6.5,7.3,7,7.1,7.1,7.4,8,6.9,7.4,7.2,8.9,9.1,8.7,8.3,7.3,8.2
51103,Lancaster County,Virginia,5.8,6.2,6.2,6.6,6.6,7.4,7.7,7.7,7.6,7,7.7,7.7,7.4,7.9,8.8,11.2,8.7,7.2
51105,Lee County,Virginia,8.6,8.5,8,9.6,9.2,11.4,9.9,9,9.1,10.3,10.1,11.2,9.6,9.8,10.4,10.7,11.4,11.2
51107,Loudoun County,Virginia,5.3,5.5,5.6,5.9,6.1,6.8,7.2,7.2,7.9,6.6,6.7,5.8,6.1,6.7,5.6,6.3,6.4,6.4
51109,Louisa County,Virginia,7.4,7.4,7.9,7.7,8.5,8.8,9,8.8,8.2,7.8,9.3,9.3,10.5,8.7,9.4,8.1,8.8,9.1
51111,Lunenburg County,Virginia,6.8,8.3,9,9.7,9.3,9,10.8,10.8,9.8,9.6,10.4,9,8.7,9,10.5,9.8,10.4,9.4
51113,Madison County,Virginia,6.6,6.6,7.6,7.7,7.6,7.5,7.4,8.2,8.4,8.2,7.8,8,8,8.9,9,8.2,8.7,9.2
51115,Mathews County,Virginia,5.7,5.8,5.9,6.7,6.7,7,7.3,7.9,7.3,6.7,6.6,6.5,6.4,6.9,7.3,7.4,7,10.1
51117,Mecklenburg County,Virginia,6.1,6.5,9.8,9.1,10.3,9.6,9.8,9.2,9,9.7,10.7,11.7,12.1,11.5,10.9,11.5,12.7,12.6
51119,Middlesex County,Virginia,6.9,7.1,7,7.6,7.9,8.3,8.7,9,8.5,7.6,7.4,7.1,8.7,8.8,8.2,10.1,9.2,7.6
51121,Montgomery County,Virginia,4.9,5.7,6.4,6.6,7.2,6.4,6.5,7.3,8.1,6.8,6.5,7.2,7,7.4,9.4,9.3,9.2,7.9
51125,Nelson County,Virginia,6.2,6.6,6.8,7.6,7.4,7.8,8,7.9,8.4,8.7,8.2,7.6,6.8,7.2,8,8.3,7.9,10.6
51127,New Kent County,Virginia,6.2,6,6.2,6.4,7.5,7.4,7.9,7.9,8.2,6.9,6.9,7.3,7.4,7.4,7.3,7.3,7,6.9
51131,Northampton County,Virginia,8.5,9,8.2,9.3,10.2,9.4,10.9,11.5,11.2,9.8,9.3,9.2,10.2,10.9,9.9,9.7,9.5,9.1
51133,Northumberland County,Virginia,6.2,6,6.6,7.1,8.1,8.1,7.8,7.9,7.9,7,8.2,8.1,7.2,7.6,6.6,6.8,7.1,6.9
51135,Nottoway County,Virginia,8.5,7.9,9,9.2,9.6,9.6,9.3,9.6,9.6,9.5,10.6,11,11.5,13,11.9,11.5,10.6,9.5
51137,Orange County,Virginia,5.3,6.6,7.4,7.5,6.8,7.5,8.8,8.2,7.8,6.9,6.9,9.7,9.1,8.1,7.9,8.9,8.3,7.3
51139,Page County,Virginia,6.7,6.7,7,7.1,7.8,7.4,8.5,8.3,8.9,8,7.9,8.1,9,12.1,11.3,10.1,9.6,9.6
51141,Patrick County,Virginia,6.7,6.5,7.6,8,7.9,8.8,8.6,8.3,9,8.7,8.4,8.8,7.6,9,8.4,8.1,9.2,9.1
51143,Pittsylvania County,Virginia,8.8,7.7,9,9.2,9.9,9.6,9.6,10.7,10.5,10.9,11.3,10.6,10.1,10.4,9.5,10.7,10.6,12.9
51145,Powhatan County,Virginia,5.7,7,6.6,6.7,6.6,7,7.4,7.8,8,7.1,7.3,7.4,7.3,7.8,7.4,7.1,7.3,7.4
51147,Prince Edward County,Virginia,7,7.1,6.4,7.9,8.3,8.3,7.7,8.3,8.5,9,9,9,9.6,8.8,7.8,7.9,9.4,8.9
51149,Prince George County,Virginia,6.7,7.1,7.1,7.8,8.3,9.8,11.2,11,10.8,12.3,10,9.7,10.3,8.9,8.8,9.4,9.8,10.1
51153,Prince William County,Virginia,8.5,7.6,6.8,8.9,10,9.3,8.3,7.6,8.2,8,8.3,9.4,8.3,8.8,9,9.2,9.6,8.5
51155,Pulaski County,Virginia,6.8,6.8,9.6,10.1,9.5,9,9,8.7,8,10.2,12.2,10.7,9.9,9.4,9.8,9.2,8.1,8.4
51157,Rappahannock County,Virginia,6.4,6.6,6.8,7.3,7.3,7.7,8.1,8.7,8.3,7.2,8.7,8.1,7.9,8,8.7,8,8.3,8.5
51159,Richmond County,Virginia,7.6,8.5,8.1,8.4,8.7,8.9,9.1,10.6,9.6,10.2,9,10,10,11.8,10.4,9.4,8.9,8.7
51161,Roanoke County,Virginia,6.5,6.5,6.3,6.4,8.5,7.3,8.2,8.4,9,9.9,8.6,9,8.7,8.6,10.1,11.6,11.5,9
51163,Rockbridge County,Virginia,7.1,6.8,6.7,8.2,7.7,8.2,8,10,9.2,8,8.7,7.8,8.5,8.9,9.9,9.5,9.4,7.9
51165,Rockingham County,Virginia,5.8,6.3,6.8,8.4,7.5,7.8,7.7,8.1,8.4,8.8,7.7,7.8,7.3,8.5,8.9,8.6,9.3,10.5
51167,Russell County,Virginia,9.9,7.7,7.7,9.2,9.8,10.4,9.9,10.6,9.6,9.4,9.2,10.1,10.3,9.8,9.8,9.5,10.4,11
51169,Scott County,Virginia,7.9,6.9,7.7,8.2,7.9,7.9,7.8,8.3,9.8,10.5,10.7,10.5,11.2,9.8,11.4,10.5,11.7,10.5
51171,Shenandoah County,Virginia,6.4,7.5,6.1,8.5,7.7,7.7,7.5,8,7.9,8.5,7.3,7.4,9.2,9,9,8.7,8.2,8.5
51173,Smyth County,Virginia,6,6.5,8.8,8.6,8.1,7.4,7.3,8.6,8.4,7.4,7.7,8.1,9.9,9.4,9.9,9.1,9.4,8.4
51175,Southampton County,Virginia,8.1,8.4,7.9,8,9.5,9.1,10.5,11.5,11.1,9.4,9.8,11,11.3,9.6,9.6,9.7,10.7,10
51177,Spotsylvania County,Virginia,6.3,6.6,7.3,7.5,8.4,8.3,8,8.1,9.7,9.6,10.7,9.6,9,8.2,7.8,8.6,8.4,7.6
51179,Stafford County,Virginia,5.7,5.5,5.7,7.1,7.5,6.8,7,6.7,7.8,6.3,7.9,7.6,9.3,7.1,7.9,7.1,9.4,9.3
51181,Surry County,Virginia,7.5,7.9,8,8.5,9.1,9.3,9.8,9.7,9.5,9.1,8.8,8.3,9,9.2,8.8,9.4,8.9,8.7
51183,Sussex County,Virginia,7.4,8.1,7.7,9.2,9.4,10.2,9.9,12.7,11.5,11.7,10.9,10.2,9.6,9.1,9.2,10,10.2,9.5
51185,Tazewell County,Virginia,5.9,6.4,8.1,9.1,9.1,9.2,9,9.3,11,11.9,11.4,9.9,10.6,9.6,10.3,9.6,10.3,11.7
51187,Warren County,Virginia,6.2,6.4,7.3,7.2,6.7,7.9,7.8,8.6,7.9,7,8.6,8.5,11,8.9,8.3,8.1,7.7,8.2
51191,Washington County,Virginia,5.6,7.7,6.7,8.7,8,10.2,9.3,9.2,9.4,10.8,10.4,10.5,10.2,10.7,9.5,8.8,9.4,8.7
51193,Westmoreland County,Virginia,6.9,7.9,8.5,9.7,9.3,9,9.9,9.2,9.4,9.1,9.9,8.8,9.1,8.9,10,9.3,9.7,9.6
51195,Wise County,Virginia,7.1,9.7,9.8,10.2,8.9,9.3,10.6,12.3,11,11.7,10.3,12.2,11.7,11.4,13.4,14.4,12.3,11.8
51197,Wythe County,Virginia,6.4,6.2,6.3,7,7.1,8.4,7.4,8,8.6,8.4,8.6,8.2,8.5,8.6,8.7,9.4,9.1,8.5
51199,York County,Virginia,6.1,5.9,6.1,6.4,7.3,7.5,7.4,7,6.9,6.7,7.1,6.6,7.5,8,9.1,7.6,7.7,7
51510,Alexandria City,Virginia,5.7,5.1,5.2,4.9,5.8,6.4,6.4,6,6,5.9,6.5,7.5,6.3,6.2,5.9,6.5,6.8,7.1
51520,Bristol City,Virginia,6.5,7.6,7,7.6,7.4,7.8,8,9,8.3,7.4,7.9,8.4,7.9,8.3,9.3,9.3,8.6,7.8
51530,Buena Vista City,Virginia,6.9,7.2,7.5,8.1,8.1,8.3,8.6,9,9,7.7,7.8,8,8,8.2,8.3,8.3,7.8,7.7
51540,Charlottesville City,Virginia,5.5,7,7.5,7.4,7,7,7.3,7.3,7.9,8.1,7.7,7.3,8.1,8.5,8,6.9,6.8,7.1
51550,Chesapeake City,Virginia,6.5,7.4,6.9,8.1,9,8.1,8.1,9.4,10.5,9.5,8.9,10.4,10.7,11.1,9.7,10.3,12,11.9
51570,Colonial Heights City,Virginia,6.3,6.9,7,7.5,7.6,7.9,8.2,8.6,8.8,8.1,8,8,7.5,8.3,7.6,9.3,9.1,7.6
51580,Covington City,Virginia,6.7,7,7.6,7.8,8.2,8.3,8.5,8.6,8.5,7.5,7.7,7.7,7.8,8.8,8.4,8.2,7.9,7.8
51590,Danville City,Virginia,7.8,8.9,8.3,9.3,9,9.1,9.8,10,10.7,10,11.2,9.8,9,8.9,10.9,12.2,11.8,11.1
51595,Emporia City,Virginia,7.3,7.8,8,9.9,9.9,9.9,10.6,10.9,10.5,8.6,8.7,8.8,8.3,9,9.1,9.4,9.5,9.3
51600,Fairfax City,Virginia,5.9,6.2,6.7,6.8,6.9,7,7.1,6.9,6.1,5.9,5.7,6.4,7.6,7.3,7.3,8.4,8.9,7.3
51610,Falls Church City,Virginia,5.6,6.1,6.5,6.7,7.2,7.4,7.4,8.1,7.6,7.4,6.8,6.7,7.5,6.5,6.6,7,7.5,7.1
51620,Franklin City,Virginia,8.3,8.6,8.6,9.6,9.6,10.1,10.6,11.7,11.1,10.9,10.1,10.9,10.4,8.9,9.4,9.4,9.2,9
51630,Fredericksburg City,Virginia,6,7,6.3,7.1,7,7.5,7.8,8.1,8.2,7.1,7.7,7.5,8,7.9,7.8,7.7,7.1,7.7
51640,Galax City,Virginia,6.7,6.9,6.9,7.7,7.9,8.4,8.7,9.3,8.8,7.9,7.7,7.9,7.8,8.5,8.2,8.8,8.5,7.9
51650,Hampton City,Virginia,9.2,8.4,8.2,9.2,11.2,10.9,11.4,11.2,11.7,11.1,11.5,12,11.6,13.7,13,11.8,10.9,11.4
51660,Harrisonburg City,Virginia,6.1,6.3,6.4,8.6,8.6,8.6,8.7,9,8.9,7.2,7.4,7.6,7.8,8,7.9,8.2,9,10.2
51670,Hopewell City,Virginia,6.8,7.7,8.3,9.8,9.9,9.6,9.8,10.9,11.9,9.1,10.4,10.7,10.8,11.4,11.1,10,10.7,10.6
51678,Lexington City,Virginia,5.7,6.3,6.7,6.8,7.2,7.1,7.4,7.8,7.6,6.6,6.5,7.2,6.9,6.9,7.2,7,6.9,7
51680,Lynchburg City,Virginia,7.3,6.7,6.6,6.8,8.8,8.7,8.7,9.6,9.7,8.4,9.4,8.7,8.4,9.4,8,7.6,7.2,7.7
51683,Manassas City,Virginia,6.4,7.3,8.2,9.1,9.1,8.5,8.8,8.7,8.6,7.7,7.9,7.5,8,7.7,8.2,8.7,8.6,8.9
51685,Manassas Park City,Virginia,6.7,7,7.3,7.9,8.1,8.3,8.7,9.3,9.1,7.7,8.1,8.1,8.5,8.4,8.4,9.5,9.1,8.1
51690,Martinsville City,Virginia,6.8,7.4,7.8,8.6,8.8,9.3,10.2,10.2,9.6,8.4,8.2,8.4,8.1,8.2,8.5,8.7,8.9,8.9
51700,Newport News City,Virginia,7.3,9.7,9.4,8.8,8.6,8.6,11.1,10.9,12.2,14.4,11.5,11.4,12.8,13.2,13.5,12,11.1,11.4
51710,Norfolk City,Virginia,6.8,6.9,7.9,9.7,9.7,9.9,9.5,11.1,10.8,9.9,9.3,10.1,10,12.5,11.8,10.5,9.2,10.2
51720,Norton City,Virginia,6.9,7.1,7.3,8,8,8.3,8.6,9.3,8.9,7.8,7.7,8,7.8,7.7,8.2,9.4,8.8,8.5
51730,Petersburg City,Virginia,8.5,8.6,10.7,11.7,11,11.7,13.1,14.4,13.7,13.2,12.5,11.8,12.9,11.9,14.8,12,12.1,14.3
51735,Poquoson City,Virginia,6.4,6.5,6.8,7.3,7.5,7.5,7.9,8,8.2,7.3,8.8,8,7.5,7.2,7.8,9.2,8,7.7
51740,Portsmouth City,Virginia,9.4,10.5,10.7,11.7,11.8,11.8,12,13.7,14,12.3,13,11.4,11,12.4,12.6,13.3,15,17.2
51750,Radford City,Virginia,7.2,6.9,7.3,8.3,8.5,8.8,9.1,8.8,8,8.3,8,7.6,8.1,8.5,8.2,9.6,8.8,7.5
51760,Richmond City,Virginia,7.8,8.1,8.4,9.6,10.3,10.2,9.9,9,9.7,10.5,9.2,9.1,9.7,10.6,10,10.4,10.2,9.9
51770,Roanoke City,Virginia,8.4,8.7,8.9,8.9,9.7,9.8,10.1,9.1,10.7,10.5,10.9,10.4,9.8,9.2,10.9,11.2,11,10.8
51775,Salem City,Virginia,5.4,6,7.2,7.1,6.9,7,7.2,7.5,7.3,6.8,6.6,7.2,7.7,6.8,8.3,8,8,7.4
51790,Staunton City,Virginia,5.5,6.3,6.3,6.8,6.7,7.2,7.2,8,7.4,6.8,6.5,7.1,7,6.7,7.1,8.2,7.1,6.7
51800,Suffolk City,Virginia,6.2,7.6,6.7,7.5,9,10.3,9.9,10.2,8.6,8.5,10.1,10.4,9.6,10.2,11.1,11,10.6,9.8
51810,Virginia Beach City,Virginia,6.4,6.7,7.3,8.9,8.5,7.6,7.5,9,8.1,7.8,7.7,7.9,9.1,8.8,9.4,8.9,9.8,9.7
51820,Waynesboro City,Virginia,6.4,6.9,7.1,7.5,7.8,8,8.4,9,8.5,7.5,7.3,7.4,8.2,9.1,9.1,8.2,7.7,7.7
51830,Williamsburg City,Virginia,5.8,6.2,6.5,6.8,6.7,7.5,7.9,8.7,8.5,7.4,6.9,6.9,6.9,7.7,8.4,7.4,7.2,7
51840,Winchester City,Virginia,6.1,6.4,7.3,7.5,7.8,7.7,8.2,8.6,9,7.8,7.4,7.7,7.5,8,7.5,8,8.5,7.9
53001,Adams County,Washington,7.4,7.5,9,10,10.7,10.3,10.5,9.7,10.4,10,9.9,9.9,9.3,8.9,7.7,9.6,10.6,9.1
53003,Asotin County,Washington,8,7.8,7.4,7.6,7.5,8.6,8.8,8.5,10.1,8.6,9,8.3,9.2,7.7,8.8,8.5,9.6,9
53005,Benton County,Washington,7,6.3,6.9,7,8.1,8.3,8.6,8.9,9,8.7,8.5,7.8,9.3,7.7,8.2,8.2,8.3,8.1
53007,Chelan County,Washington,5.7,6.1,6,6.7,7.1,7,7.2,7.3,8.2,7.7,7.8,6.3,6.3,6.4,7.4,7.8,8.1,7.1
53009,Clallam County,Washington,7.2,6,6.2,6.8,7.5,7.2,8.6,8.1,8.7,8.3,7.4,6.5,8.3,8.3,9.8,8,7.4,7.8
53011,Clark County,Washington,6.7,6.4,6.9,7.9,7.9,8,8.4,8.4,8.9,7.9,8.6,8.1,9,9.4,8.8,8.9,8.5,7.8
53013,Columbia County,Washington,6.2,5.7,6.8,7.6,8.3,8.4,8.1,8.9,8.6,7.8,8.1,7.6,8.4,8.1,9.1,9.6,8.8,9.1
53015,Cowlitz County,Washington,7.9,7.1,8.3,8.4,7.3,8.4,9,9.5,8.7,9.7,9.3,8.2,9.2,9.2,10.4,9.9,8.8,8.7
53017,Douglas County,Washington,6.7,6.4,6.7,6.2,6.3,7,8.4,9.3,8,8,7.8,8,7.2,7.9,7.8,9.3,8.2,9
53019,Ferry County,Washington,6,7.3,7.8,8.1,6.3,6.8,7.4,9,8.1,7.2,7.3,7.8,8.1,8.1,7.9,8.6,9.1,10.1
53021,Franklin County,Washington,7,7.1,7.3,7.5,7.3,9,10.3,9.5,8.4,7.4,7.3,8.3,10.4,10,10.3,10.3,9.2,8.5
53023,Garfield County,Washington,7.7,7.7,7.5,8.4,8.3,8.2,7.6,10.1,9.5,10.3,9.6,8.3,8.8,8.6,8.4,8.3,7.5,8.6
53025,Grant County,Washington,7.1,9.1,9,9.5,8.5,8.8,8.9,7.9,7.5,8.5,8,9.7,8.1,9.4,8.6,11.2,10.2,9.2
53027,Grays Harbor County,Washington,7,8,8.5,9.2,9.7,10,10.1,11.1,10.1,10.6,9.4,9.2,8.9,10.4,9.4,10.4,10.1,10.6
53029,Island County,Washington,6,6,6.4,6.4,6.5,6.7,7.8,8,8,7.3,7,6.7,6.3,7,7.3,7.4,7.3,7.6
53031,Jefferson County,Washington,6.2,5.8,5.1,5.3,5,5.7,6.7,6.5,6.4,6.9,7.2,6.5,7.3,5.5,5.2,5.6,6.9,6.4
53033,King County,Washington,5.7,6.2,6.6,6.4,6.5,6.5,6.4,6.9,6.8,6.8,6.7,6.6,7.2,7,7.6,7.3,6.8,6.6
53035,Kitsap County,Washington,6.6,6.4,7,7,6.7,7.4,7,7.6,7.3,7.2,7.8,7.5,7.3,6.6,8.1,7.5,8.1,8.8
53037,Kittitas County,Washington,6,5.6,5.8,5.8,6.3,6,6.7,6.1,6.6,6.6,6.8,7,6.2,6.7,6.7,7,7.3,7.9
53039,Klickitat County,Washington,5.8,7,6.1,7.5,7.3,6.8,7.2,7.4,8.2,6.9,7.1,6.9,7.3,8.6,8.7,8.4,7.5,6.6
53041,Lewis County,Washington,6.6,7.1,7.3,7.7,9.1,8.6,8.5,8.9,7.6,7.7,7.4,7.6,7.7,8.2,9,9.9,9.1,8.2
53043,Lincoln County,Washington,5.7,5.5,7.2,7.9,7,6.9,6.6,8.8,7.3,7.2,7.2,7.9,8.3,8.4,7.2,7.4,7.6,7.7
53045,Mason County,Washington,7.3,6.4,7.8,7.5,7.4,7.6,8.2,7.9,8.3,8.4,8.7,9.5,9,8.4,8.8,8.2,8.8,8.9
53047,Okanogan County,Washington,6.7,7.4,7.9,7.9,7.8,7.4,8.3,7.6,7.9,7,8.5,9.7,9,7.7,8.3,8,9.3,9
53049,Pacific County,Washington,7,6.7,8.3,7.8,10,9.8,10.1,9.4,9.6,8.5,8.5,8.9,8.8,9.4,9.4,8.7,9.3,10
53051,Pend Oreille County,Washington,7,6.7,7.6,8.7,8.2,7.6,7.2,6.5,7.2,9.4,9.2,9.2,7.5,8.1,7.5,8.3,7.5,7.3
53053,Pierce County,Washington,8,8.1,8.2,8.3,8.1,9.3,9.4,9.7,8.9,9.4,8.8,8.2,8.2,9.2,10.1,10.4,9.5,9.4
53055,San Juan County,Washington,3.8,4.7,4.4,4.5,4.2,4.3,4.4,4.8,4.9,5.6,7,6.3,5.4,4.5,4.6,4.2,4.7,4.4
53057,Skagit County,Washington,5.9,6.2,6.6,7.1,6.9,6.7,6.4,6.9,7.3,7.3,7.3,7.1,7.8,7.7,7.2,7.4,7.2,6.7
53059,Skamania County,Washington,5.4,5,6.1,6.6,6.8,6.9,7.1,6.8,6.7,6.6,6.6,7.2,7.1,8.1,8.3,8,6.5,7.4
53061,Snohomish County,Washington,6.5,6.4,7,7.3,7.5,7.8,7.7,7.8,8.6,9.2,9.1,7.8,7.4,7.8,8.5,8.6,8.3,7.8
53063,Spokane County,Washington,7.2,6.9,7.8,7.4,7.6,7.4,7.9,8.4,8.3,8,8.7,8.3,9,8.1,8.6,8,8.1,8.9
53065,Stevens County,Washington,6.7,6.6,7,6.2,7.2,7.4,7.1,7.4,7.4,7.8,7.7,8,7.8,7.6,6.9,7.1,6.8,7.6
53067,Thurston County,Washington,6.2,6.5,6.7,7.2,7.2,7.7,8,8.3,9.3,7.9,7,7.9,8.5,9.1,8.6,7.8,7.8,8.9
53069,Wahkiakum County,Washington,6.8,6.6,7.5,8.1,8.5,8,7.7,8.7,8,7.6,8.7,8.4,8.3,8.3,8,8.7,10.6,10.2
53071,Walla Walla County,Washington,6.5,6.1,6,7.1,7.7,7.4,8.2,7.4,8.1,8.1,8.7,7.8,9,8.9,8.9,8.1,8,7.8
53073,Whatcom County,Washington,5.5,5.5,5.6,6.1,5.8,6.8,6.7,8.4,7.5,7.4,6.9,7.1,7,7.3,7.1,7.1,7.1,6.2
53075,Whitman County,Washington,7.9,7.4,6.2,7,7.5,7.6,8.6,8.5,8.2,7.1,7.9,7.8,8.3,9.1,8.4,8.5,7.3,7.3
53077,Yakima County,Washington,7.2,6.9,8.1,9,8.8,9.1,8.8,8.7,8.9,9.1,9.5,9.6,9,10.3,10.5,10.8,9.2,10.2
54001,Barbour County,West Virginia,6.6,7.7,7.9,7.6,7.2,7.8,7.3,7.9,8.2,9.1,10.2,11.1,10.1,8.5,10.5,9.3,10.5,12.7
54003,Berkeley County,West Virginia,7.7,6.9,8.2,7.5,8.5,8.7,9,10,9.5,9.4,8.5,9.1,9.7,10.9,10.5,11.1,11.5,10.7
54005,Boone County,West Virginia,7.6,8.5,11.4,11,12,11.1,10.5,10.4,9.7,12.2,10.9,11.9,11.3,13.4,15.6,15.5,14.6,13.7
54007,Braxton County,West Virginia,8.4,7.9,8.2,9,9.1,9.8,11.2,9.9,11,10.5,10,9,8.3,9.3,9.8,9.6,11,12.7
54009,Brooke County,West Virginia,6.6,6.8,6.7,7.5,7.5,9.6,10.6,10.4,8.8,9,10,11.1,11.2,10.3,11,8.7,10.5,11
54011,Cabell County,West Virginia,7.5,7.3,8.6,9.5,11.9,11.3,10.6,11,11.2,11.1,10.7,10.9,11.7,11.2,11.1,10.4,10.5,10.5
54013,Calhoun County,West Virginia,6.8,6.3,7.3,7.5,7.3,7.8,8.2,11.2,10.6,10,8.3,7.3,7.9,8.3,9.3,8.8,9.3,9.9
54015,Clay County,West Virginia,7.2,7.9,8.5,9.5,9.1,8.8,8.4,8.7,9.4,9.1,9.9,10.7,9.4,10.1,10,9.8,9.3,9.3
54017,Doddridge County,West Virginia,7.1,6.8,7,7.8,8,8.1,8.1,8.3,8.6,7.6,8.6,8.6,8.9,8.5,7.3,10.7,10.1,9.2
54019,Fayette County,West Virginia,9.2,9.4,9.6,8.8,9.2,9,10.9,9.4,9.8,9.9,11.1,12.6,13.5,13.4,14.2,14.1,15,12.5
54021,Gilmer County,West Virginia,5.6,6.2,6.8,7.2,7.6,7.2,7.4,7.6,7.8,7.7,7.5,8.7,8.8,8.7,8.1,8.5,9,9.8
54023,Grant County,West Virginia,7,6.6,6.9,7.7,7.2,7.7,7.9,9.2,12.5,9.5,8.8,11,11.8,11,11.6,11.1,10.5,10.2
54025,Greenbrier County,West Virginia,7.5,7.6,10,10,9.2,7.6,9.3,8.9,8.4,9,9.5,11,12,9.6,10.7,10.2,11.4,13.2
54027,Hampshire County,West Virginia,7,7,6.8,7.7,8,7.4,7.8,6.8,8.8,8.1,8.2,9,10,9.4,8.7,7.8,8.7,9.5
54029,Hancock County,West Virginia,5.6,7.2,8,9,9.1,9.1,9.5,10.3,9.1,7.4,8.4,10.1,9.6,9.4,9.3,10.8,10.8,11.3
54031,Hardy County,West Virginia,5.6,6.6,7.2,7.4,8.2,9.2,8.3,8.6,9.1,10.8,10.6,8.5,8.1,10.4,9.7,9.2,9.8,10.8
54033,Harrison County,West Virginia,6.6,7.2,10.2,9.2,10.1,10.4,9.6,9.3,8.9,10.4,10.9,10.3,12.5,12.7,11.9,11.7,12.9,13.3
54035,Jackson County,West Virginia,7.2,7.1,7.4,7.5,8.1,9.8,10,8.7,9.6,9.4,9.3,9,8.3,11,11.7,13.5,11.1,10.6
54037,Jefferson County,West Virginia,6.6,6.3,6.4,6.3,6.8,8.1,8.8,9,8.3,8.4,7.3,6,7.3,8,8.9,9,8.6,9.5
54039,Kanawha County,West Virginia,8.7,8.9,8.9,9.2,10.2,10.4,10.1,10.8,11,11.3,11.8,12.4,12.2,13.4,12.3,12,12.2,12.5
54041,Lewis County,West Virginia,6.3,6.7,7.7,8.8,8.8,9.1,7.9,7.6,7.9,8.3,9.2,9.4,9.3,9.6,9,9,8,8.3
54043,Lincoln County,West Virginia,6.8,10,10,12.6,9.8,9.8,8.2,10.2,11.1,11.1,10.2,11.1,12.5,12.6,11,11.5,12.1,12.3
54045,Logan County,West Virginia,10.1,9.8,12.8,13.3,11.9,12.7,12.4,11.7,11.6,12.6,14.6,14.6,14.3,12.5,14.4,16.2,14.5,11.2
54047,Mcdowell County,West Virginia,10.8,9.9,9.7,10.4,10.9,11,12.6,11.9,11.9,14.4,12.4,14.1,11.5,12.9,10.8,12.6,14,11.3
54049,Marion County,West Virginia,6,6.2,5.9,7.4,7.6,8.9,9.8,10.3,8.8,9.4,8,8.6,9.3,8.9,11.9,11.4,10.1,12
54051,Marshall County,West Virginia,6.6,7.4,6.7,7.9,7,8.7,7.8,7.8,7.5,8.4,10,9.2,9.6,10.6,10.1,10.5,9.6,11.4
54053,Mason County,West Virginia,7.8,8.5,8.8,10,9.9,9.3,8.1,8.6,8.3,9.2,9.6,9.7,11.3,11.3,10.8,12.9,10.4,10.4
54055,Mercer County,West Virginia,9.8,8.7,11.2,10.6,9.5,8.6,10.4,11.6,12.5,11.2,12.2,10.1,9.5,11,13.4,12.8,11.7,13.6
54057,Mineral County,West Virginia,6.3,7.3,7.3,8.1,8.2,7.9,8.2,7.1,9.9,8.6,9.6,9.9,10.7,9.1,10.3,11.5,11.8,11.6
54059,Mingo County,West Virginia,9.9,9.6,9.3,9.5,9.5,9.8,10.1,11.8,10,9.6,10.8,12,14.4,13.4,14.5,13.7,13.4,12.8
54061,Monongalia County,West Virginia,7.6,8.1,8.5,7.5,6.6,7.4,8.3,9.2,9.8,8.8,8.9,9.8,10,10,9.9,10,9.2,9.3
54063,Monroe County,West Virginia,6.4,7.2,7.7,8.7,7.8,9.3,9.2,9.1,9,7.7,8.4,12.8,11.3,10.1,9.8,9.2,9.7,10.1
54065,Morgan County,West Virginia,6.4,7.5,8.9,8.4,8.7,7.6,8.1,8.1,8.6,8.5,9,8.9,10.1,10,9.7,9.5,10,9.3
54067,Nicholas County,West Virginia,7.4,6.5,6.3,7.2,8.5,9.6,8.8,8.1,9.5,10.7,10.5,8,9,9,9.2,10.9,10.8,11.7
54069,Ohio County,West Virginia,7.5,7.3,9,7.8,8.5,7.7,8.4,8.3,7.8,8.4,8.6,8.6,9.5,9.2,8.2,8.7,9.2,9.3
54071,Pendleton County,West Virginia,6.4,6.4,8,7.7,7.2,7.4,7.8,8.4,9,7.5,8.9,8.7,10.2,9.3,10.4,9.9,10.4,10.5
54073,Pleasants County,West Virginia,6.1,5.7,6.4,6.3,6.9,7,7.1,7.9,9.3,7.4,7.3,7.5,8.2,8.4,7.6,8,7.1,8.1
54075,Pocahontas County,West Virginia,7,7.2,7.5,8.2,8.2,8,7.9,9.2,8.2,8.2,8.6,9.2,9.2,8.6,9.6,9.5,9.9,9
54077,Preston County,West Virginia,5.6,7.5,7.8,7.3,8,7.3,7.1,8,7.1,7,8.1,9.3,8.4,10.7,12.4,12.4,10.4,11.2
54079,Putnam County,West Virginia,7.8,7.4,7.1,8.1,8.2,8.8,8.5,9.2,8.8,8.7,8.2,8.8,10.5,9,9.6,8.8,10.7,11.9
54081,Raleigh County,West Virginia,10,9.7,9.9,9.8,11.3,11.1,10.3,9.8,11.9,11.8,12.4,10.5,12,12.8,13.4,13.6,12.5,12.5
54083,Randolph County,West Virginia,7.3,7,6.5,6.5,7.5,9.2,8.5,8.3,9.4,7.6,8.9,9.4,9.4,8.1,9.3,10.5,10.2,9.4
54085,Ritchie County,West Virginia,5.9,6.3,7.8,8.1,8.7,8,8.1,9,9.7,9.4,9.6,8.8,9.1,8.3,9.5,9.1,10.2,9.1
54087,Roane County,West Virginia,8.6,7.8,7.4,8.3,8.5,10.5,11.1,10.3,10.1,10.5,10.3,11.2,8.9,9.9,10.5,12.1,11.2,11.9
54089,Summers County,West Virginia,7.2,6.9,8,9.3,9.2,9.4,8.5,10.2,9.6,9.8,10.9,8.3,8.9,8.9,10.6,10.3,8.2,9
54091,Taylor County,West Virginia,6,5.6,5.7,6.1,7.6,7.9,7.7,7.4,8,7.7,7.2,7.6,8.4,8.6,10.4,10.6,10.5,11.1
54093,Tucker County,West Virginia,6.3,5.9,5.9,6.2,6.9,7.1,7,6.8,8,7.3,7.5,7.1,9.5,8,9.2,8.2,7.7,7.9
54095,Tyler County,West Virginia,5.5,6.4,6.9,6.5,6.2,6.5,6.9,7.4,8,7.4,7.5,6.4,8.4,7.4,8.4,8.8,9.6,10.4
54097,Upshur County,West Virginia,7.2,9.2,10.4,10.1,10.8,9.8,10,9.1,8.2,9.1,8.6,8.3,9.4,10.7,10.3,9.6,9.9,8.8
54099,Wayne County,West Virginia,8.1,7.6,8.5,8,9.5,9.9,9.7,11.2,11.2,12.3,13,12.1,13.4,14,13.7,14.4,13.2,11.8
54101,Webster County,West Virginia,9.3,8.2,8,9.5,9.3,9,8.6,9.3,11,9.8,9.9,9.7,8.9,9.6,9.6,9.2,10.8,9.8
54103,Wetzel County,West Virginia,6.9,6.7,6.8,6.7,6.4,7,8,8.4,8.3,6.7,7.2,8.9,10.2,11.3,10.9,9.9,9.1,7.1
54105,Wirt County,West Virginia,6.4,6.5,6.7,8.8,9.5,8.8,8.4,8.3,8.5,9.5,8.3,9,9.9,9.1,9.4,8.2,8,8.5
54107,Wood County,West Virginia,7,8.1,8.5,9.7,8.8,9.1,11.3,11.3,10.8,10.3,10.7,11,11.9,13.1,13.2,11,11.6,11.8
54109,Wyoming County,West Virginia,7.3,7.9,8.8,10.4,9.4,13.3,12.8,12,10,9.9,11,10.4,10.7,10.7,11.2,11.9,12,12.1
55001,Adams County,Wisconsin,6,7.3,6.8,8.3,8,7.9,7.6,8.1,7.4,8.1,9.5,8.8,9.2,8.7,9.8,7.7,7.7,7.6
55003,Ashland County,Wisconsin,5.6,6.2,6,7.7,7.6,7.6,7.6,7.6,8.1,7.6,8.6,8.2,7.9,7,7.5,7,7.3,7.4
55005,Barron County,Wisconsin,6.7,6.3,7.4,7.2,7.4,6.8,6.5,6.9,6.9,6.9,6.4,7.5,6.6,8.8,8.4,8.7,7.3,7.7
55007,Bayfield County,Wisconsin,6.1,6.5,6.4,6.4,6.5,6.6,6.6,6.8,6.7,6.4,6.5,7,6.5,6.1,6.3,6.6,6.1,7
55009,Brown County,Wisconsin,6.2,5.9,6.1,5.8,7.2,7.1,8.1,8.7,8.7,9.9,8.3,8,8.9,8.4,8.5,8,7.7,7.9
55011,Buffalo County,Wisconsin,5.7,5.6,5.6,7.6,7.4,8.9,7.8,7,7,6.7,7.2,6.7,7.1,6.9,7.9,8.8,7.4,7.3
55013,Burnett County,Wisconsin,5.5,5.4,6,7.8,7.7,7.8,7.1,7.1,7.3,6.5,6.7,6.6,8.1,7.2,6.7,7.7,7.5,6.7
55015,Calumet County,Wisconsin,6.8,6.8,6.8,6,5.9,6.2,6.9,7.2,7.3,6.1,7,8.1,8.3,7.2,6.8,7.8,7.7,7.4
55017,Chippewa County,Wisconsin,5.6,5.9,6.3,6.4,6.9,7.4,8.4,6.9,7.1,6.3,6.9,7.1,7.9,7,6.4,7.1,7.1,6.7
55019,Clark County,Wisconsin,6,5.6,6.1,7,7.4,6.8,7.3,7.7,9.1,7.3,6.4,7.3,7.6,7.7,7.4,7.1,7.3,8.4
55021,Columbia County,Wisconsin,5.1,6.7,6.4,6.7,6.2,6.5,7.3,8.6,7.9,6.6,6.3,7.2,7.1,7.5,7.9,7.5,7,7.1
55023,Crawford County,Wisconsin,5.8,6.3,6.4,7.2,8.1,7.2,7,7.1,7,6.8,6.9,7.4,7,7.5,7.2,7,6.8,6.7
55025,Dane County,Wisconsin,5.1,5.7,5.9,5.9,5.6,5.6,5.9,6.3,5.9,6.2,6.1,6.2,6.2,6.3,5.5,5.8,6.1,5.6
55027,Dodge County,Wisconsin,6.3,6.5,6.9,6.6,6.6,6.8,7.9,7.9,8.1,7.2,8,7.2,9.2,8.1,9,7,7.3,7.4
55029,Door County,Wisconsin,5.8,6,5.4,6.2,6.2,6.5,6.6,6.8,6.5,6.7,7.1,6.1,6.6,7.1,8.1,8.3,6.9,6.8
55031,Douglas County,Wisconsin,5.5,6.1,6,7.5,7.4,7.6,6.6,7.2,7.9,7.5,7.3,6.9,7.7,7.7,7.8,7.6,7.4,7.2
55033,Dunn County,Wisconsin,5.1,5.3,5.5,5.9,5.6,6,6.4,6.9,7.2,7.5,8.6,8.1,6.9,7,7.1,6.9,7.4,8
55035,Eau Claire County,Wisconsin,5.8,6.6,6.2,5.7,5.9,5.9,6.4,6.9,6.9,6.7,7.7,6.2,8,7.8,7.7,7.1,6.3,6.1
55037,Florence County,Wisconsin,6.4,6.5,6.9,6.5,6.6,7,7.8,8.2,8,8.3,8.5,7.8,8.4,8,7.7,7.8,8.3,7.9
55039,Fond Du Lac County,Wisconsin,6.3,6.8,6.3,7,7,7.2,7.1,7.4,6.9,6.9,7,6.6,6.7,7.7,7.8,7.5,6.4,7.2
55041,Forest County,Wisconsin,6.4,6.8,6.2,8.1,8,7.7,7.5,9.2,8.4,8.5,9.4,8.4,7.8,6.9,6.9,6.8,8.5,8.5
55043,Grant County,Wisconsin,5.6,5.4,6.2,6.4,6.6,6.9,8.3,8.1,7.4,6.7,6.5,6.9,7.2,7,6.4,6,5.9,6.9
55045,Green County,Wisconsin,5.5,5.8,5.7,6.1,6.4,7.3,6.4,6.5,7.7,8.6,7.7,7.1,6.7,6.8,7.1,6.7,6,6.5
55047,Green Lake County,Wisconsin,5.7,6.5,5.7,5.9,6.9,7.8,7.6,7.8,7.1,7.7,9,8.9,8.1,7.5,6.7,7.1,7.7,8
55049,Iowa County,Wisconsin,5.6,6.2,6.4,6.7,7.3,8.5,7.9,8.3,7.4,7,6.8,6.7,8,7.4,8,8,6.9,6.8
55051,Iron County,Wisconsin,5.6,5.9,6,5.7,6.5,6.9,7.1,8.2,9.2,8.5,7.8,7.3,6.9,7,6.8,6.5,7,7.1
55053,Jackson County,Wisconsin,6,6,7,8.1,9.1,8.1,7.5,7.8,7.7,7.6,8.1,7.3,6.9,6.5,8.1,7.2,7.7,8
55055,Jefferson County,Wisconsin,5.9,7.6,6,7,6.9,7.7,7.8,7.5,6.5,6.7,6.5,5.4,6.1,5.6,6.3,6.6,6.6,5.7
55057,Juneau County,Wisconsin,5.6,6,6.3,9,7.7,7.9,7.9,7.3,9,8.2,8.4,6.9,6.8,7.4,6.8,6.5,6.3,7.7
55059,Kenosha County,Wisconsin,4.8,5.9,6.4,7,7.7,7.5,7.6,6.9,7,7,8.3,7.6,7.5,7.3,7.3,7.3,8,7.8
55061,Kewaunee County,Wisconsin,5.6,5.4,6.5,6.4,7.1,7.2,7.4,6.5,7.2,7,7.2,7.2,7.4,6.7,7.3,6.7,7.2,7.3
55063,La Crosse County,Wisconsin,5.7,6.4,6.9,6,6.4,6.9,6.5,6.7,6.6,6.2,7,6.6,6.8,6.6,6,5.7,7.2,7.5
55065,Lafayette County,Wisconsin,6.2,6.2,6.2,7,6.3,7.1,7.2,6.9,6.9,6.9,6.8,7.1,6.6,7.1,7.2,7.6,7.6,6.6
55067,Langlade County,Wisconsin,5.9,6.9,6.3,5.9,6.7,7.4,7.4,6.7,7.1,6.9,6.6,7.1,9,8.1,7.3,7.9,7.3,8
55069,Lincoln County,Wisconsin,5.9,5.5,6.3,6.3,7.1,8.3,7.3,8.3,7,7,7.2,7.9,7.5,6.5,7.1,7.1,6.6,5.6
55071,Manitowoc County,Wisconsin,6,6.2,5.9,7,6.1,6.8,7.5,8.6,7.2,6.7,6.4,8.2,8.2,7.6,7,6.9,7,7.3
55073,Marathon County,Wisconsin,5,6,5.4,6.7,7.5,8.2,7.3,7.9,8.4,7.3,7,7.8,8,7.6,6.3,5.7,8.8,8.5
55075,Marinette County,Wisconsin,6.9,7.1,7.2,6.3,5.4,6.7,7,7.9,8.8,8.2,8.2,6.9,7.1,6.9,6.6,6.4,6,6.5
55077,Marquette County,Wisconsin,5.6,6.2,6.8,7.9,7.2,7.2,6.6,6.8,7.4,8.5,7.9,8.5,8,7.3,8.1,7.7,6.9,6.6
55078,Menominee County,Wisconsin,8.4,8.7,8.8,10.9,12.1,11.3,12,10.8,12.4,11.2,11.2,10,9.6,8.9,10.6,12.9,12.8,11.8
55079,Milwaukee County,Wisconsin,7.2,7.6,7.2,8.4,8.8,9.4,10.1,9.8,9.6,9.7,10.2,10.3,10.3,9.1,9.5,9.7,9.5,9.2
55081,Monroe County,Wisconsin,5.9,6.1,6.2,8.2,9,8,7.5,7.1,6.8,7.4,7,7,8.5,8,7.7,6.9,7.3,7.3
55083,Oconto County,Wisconsin,5.6,6.3,6.4,7.2,7,6.7,6.4,6.8,7.7,7,6.7,7.9,7.8,8.5,7.1,8.2,7.2,7.4
55085,Oneida County,Wisconsin,5.7,6.1,6.7,6.7,7,7,6.6,7.1,7.5,7.1,6.9,6.6,7.4,6.2,7,6.3,7.5,7.6
55087,Outagamie County,Wisconsin,4.8,5.4,6.6,7.5,7.4,8.7,8.7,7.6,6.9,6.6,7.8,7.4,7.6,9.2,8.8,8.1,7.6,8.2
55089,Ozaukee County,Wisconsin,5.6,5.8,5.4,5.2,6,6.1,6.6,6.4,7.6,6.4,6.9,5.8,6.9,6,6.2,6.2,6.2,6.2
55091,Pepin County,Wisconsin,5.5,5.9,6.1,5.6,7.5,7.5,7.6,6.5,8.1,7.7,8.5,7.4,7.3,6.7,6.5,6.9,7.1,6.9
55093,Pierce County,Wisconsin,6.6,6.7,6.4,6,6.2,6.9,7,7.2,7.6,8,7.6,6.8,6.9,6.9,6.6,7.1,7.1,7.5
55095,Polk County,Wisconsin,5,5.2,6.4,6.9,6.7,6.2,6.8,8.3,8.2,8.3,8.2,6.6,7.5,7.9,8.1,8.5,7.8,8
55097,Portage County,Wisconsin,6.1,5.8,7.1,6.4,6.3,6.4,6.8,7.2,6.2,6.1,6.8,6.3,5.9,5.9,6.7,7.1,6.8,6.5
55099,Price County,Wisconsin,5.4,5.7,5.7,7.6,7.8,8,7.7,8.5,8.5,8.1,8,7.3,6.2,6.6,6.9,7.6,7.5,7
55101,Racine County,Wisconsin,5.9,7.3,7.9,7.8,7.8,7.8,7.6,7.3,8.6,8.9,8.7,7.2,7.5,7.4,8.2,7.2,8.1,9
55103,Richland County,Wisconsin,5.3,5.6,5.8,6.4,5.9,8,7.9,9,7.7,7.9,6.8,6.8,6.7,6.6,7.6,7.9,7.5,6.7
55105,Rock County,Wisconsin,6.7,7.4,7.7,7.5,8.2,7.7,7.2,7.7,7.6,8.1,8.7,8.3,8.9,8.9,9.2,8.2,8,8.5
55107,Rusk County,Wisconsin,6.1,7.9,7.3,6.8,6.8,7.6,7.4,6.4,6.3,6.2,6.7,6.5,6.9,6.2,7.1,7.3,8.6,9.3
55109,St. Croix County,Wisconsin,5.6,5.7,5.6,6,6.5,6.4,6.9,8.1,8,6.4,6.3,6.5,6.8,6.8,6.7,6.4,7.5,7.7
55111,Sauk County,Wisconsin,6,6.5,7.1,7.1,7.3,6.8,8.4,9,8.7,9.2,8.1,7.1,7.7,8.9,8.3,7.1,7.3,7.6
55113,Sawyer County,Wisconsin,5.3,5.7,6.1,6.5,6.7,6.7,7.3,7,6.9,6.9,7.9,7.3,7.3,7.9,7.5,7.2,9.5,7.8
55115,Shawano County,Wisconsin,6,5.6,6,6.7,7.3,7.2,7.8,7.7,7.4,6.5,6.7,7.1,9.1,7.6,8.1,8.1,9.5,8.8
55117,Sheboygan County,Wisconsin,5.7,5.8,4.9,5.4,6.4,7.8,7.4,8.5,8.6,7.8,7.6,7,6.7,6.7,7,7.8,7.9,7
55119,Taylor County,Wisconsin,5.5,5.8,6,6.7,6.1,7.9,7.4,6.8,6.1,6,7.6,7.7,7.3,7.1,7.5,7.2,6.6,8.7
55121,Trempealeau County,Wisconsin,5.1,5.2,5.7,7.6,7.2,7.9,7.3,8.2,7.1,7.9,6.8,7.4,7.7,7.4,7.4,6.8,7.2,6.8
55123,Vernon County,Wisconsin,4.8,5.2,5.9,5.8,6.2,6.4,7,6.9,6.5,6,6.7,6.2,8.1,7.7,7.1,6.4,6,6.2
55125,Vilas County,Wisconsin,5.6,5.6,7.1,6.3,5.5,6.1,6,7.4,7.8,8,8.7,8.5,8.1,7.3,7.2,7.8,7.8,7.6
55127,Walworth County,Wisconsin,5.1,5.2,5.3,5.6,6.4,6.7,6.1,6.1,6.7,7.1,5.9,5.5,6.7,6.7,6.3,6.5,6.7,6.7
55129,Washburn County,Wisconsin,5.5,5.8,5.7,5.9,7.9,7.4,8.7,7.2,7.7,6.5,7.3,7.2,6.6,7.2,6.7,6.9,6,5.5
55131,Washington County,Wisconsin,6,6.1,4.8,5.6,5.2,5.8,6.9,8,7.5,6.5,6.7,7.2,6,6.6,7.3,6.2,7.2,6.9
55133,Waukesha County,Wisconsin,4.8,4.6,4.9,4.7,5,5.6,5.4,6.2,5.7,5.8,6.6,7,7.3,7.3,7.2,7.5,6.9,7.3
55135,Waupaca County,Wisconsin,5,6,6.6,6.6,6.2,6.6,7.8,6.9,7.9,7,7.3,8,7.5,7.1,6.6,7.2,8.7,8
55137,Waushara County,Wisconsin,6.4,6.5,7.2,6.2,8.4,7.6,8.1,7.8,7.9,7.7,8.3,7.9,8.4,7.8,8.6,9.1,7.9,7.1
55139,Winnebago County,Wisconsin,6.1,8.4,9.2,7.5,6.6,7.9,7.4,8.4,7.5,6.5,8.2,7.9,7.7,7.9,7.8,8.4,8.4,6.6
55141,Wood County,Wisconsin,5.9,6,7.6,7,7.5,7.3,7,8.3,7.6,6.1,6.2,6.9,7.2,6.1,6.4,8.3,8.7,6.7
56001,Albany County,Wyoming,4.9,5.3,4.9,5.5,5.4,6.1,5.6,5.8,6.7,6.4,7.6,6.6,7.1,6.7,8.3,6.5,6.3,6.7
56003,Big Horn County,Wyoming,5.5,5.2,5.7,7,7.3,7.7,7.8,8.1,8.2,9.1,8.8,9.2,8.9,10.1,10.4,8.9,7.8,8.8
56005,Campbell County,Wyoming,5.4,5.8,6.4,6,7.5,7.4,8.3,7.8,7.7,7.1,7.5,7.3,7.2,7.1,7.1,7.1,7.2,7.6
56007,Carbon County,Wyoming,6.2,7.1,6.5,6.8,7.5,7.4,7.8,8.2,7.8,8.2,7.4,7.8,7.5,7.4,8.1,7.5,8.5,7.5
56009,Converse County,Wyoming,4.6,5.8,7.3,6.3,6.3,6.3,6.8,6.8,8.4,8.4,8.2,8,6.7,7.2,7.1,9,8.1,8.6
56011,Crook County,Wyoming,6.3,5.9,5.5,5.9,6.3,6.6,6.9,6.8,7.3,7.1,6.2,5.3,6,6.8,6.4,6.4,6.4,5.4
56013,Fremont County,Wyoming,7,7.5,6.7,8,7.1,6.8,7.6,8.1,8,8,7.9,8.3,7.9,7.2,8.5,7.5,7.8,9.1
56015,Goshen County,Wyoming,5,6,6.9,7.7,7.5,7.6,7.7,7.8,7.9,7.4,7.1,8,8.3,8.1,7.4,7.7,8.1,8
56017,Hot Springs County,Wyoming,6.1,6.2,6,5.2,6.7,6.7,7.4,7.9,6.9,7.2,8.4,8,8.1,7.4,8,8.6,7.2,6.5
56019,Johnson County,Wyoming,5.5,6.1,5.6,5.5,6.9,7.1,7.5,7.9,8.1,6.9,6.1,6.3,5.8,6.2,5.4,6.1,5.7,6
56021,Laramie County,Wyoming,6.2,6.7,6.8,7.9,7.6,7.5,8.3,7.5,8.7,8.9,8.7,8.4,8.5,8.6,9,8.6,8.3,8.2
56023,Lincoln County,Wyoming,5.9,6,6.1,6.5,7.4,7.7,8.1,7.3,6.7,6.3,7.9,7.4,7.9,6.9,7.6,8.6,8.6,7.3
56025,Natrona County,Wyoming,6.1,6.4,6.9,7.7,7.4,7.1,7.3,7.5,8.9,8.4,7.7,7.8,7.7,7.9,8.5,7.9,7.2,7.4
56027,Niobrara County,Wyoming,5.8,6.2,6.2,7.4,7.1,7.7,8.2,8.5,7.9,6.9,6.6,6.9,7,8.1,7.7,7.6,7.3,6.7
56029,Park County,Wyoming,5.8,5.1,5.2,5.5,5.7,5.4,6,5.6,7,5.9,5.8,6.1,5.8,7.1,6.6,5.7,5.5,6.2
56031,Platte County,Wyoming,5.7,5.5,5.7,6.4,7.3,7.2,7.3,6.9,6.7,6.3,6.5,6.2,8.7,10.5,8.8,7.1,6.4,7.4
56033,Sheridan County,Wyoming,6.2,7,6.4,6.9,7.2,7.7,7,6.9,6.9,7.7,7.7,7.5,7.1,7.5,6.4,7,7.1,7.5
56035,Sublette County,Wyoming,5.2,5.9,6.8,5.8,5.8,6.3,7.5,6.3,5.8,6.2,6,7.1,7.3,7.5,7.3,6.1,6.4,6.7
56037,Sweetwater County,Wyoming,6.1,6.4,6.3,5.6,6.6,7.3,6.9,7.6,8.5,7.6,7.9,8.2,7.7,8.5,7.8,7.4,7.2,8.1
56039,Teton County,Wyoming,4.4,4,4,4.4,4.4,4.2,4,4.2,4.9,4.7,4.2,4.2,3.8,3.8,3.9,4,4.3,4.2
56041,Uinta County,Wyoming,6.8,6.4,7,6.6,6.7,7,7.8,7.8,8.2,8.9,8.6,9.6,8.4,8.8,8.7,7.5,7.5,8.1
56043,Washakie County,Wyoming,7,7.4,8.5,9,9.4,8.8,8.6,8.9,9.1,8.8,9.3,8.9,8,8.8,7.9,9.1,8,7.7
56045,Weston County,Wyoming,5.8,5.8,6,6.1,6.1,6.4,6.8,7.9,6.9,7.8,8.2,7.6,6.8,7.2,7.5,7.8,6.8,8.7
35013,Doña Ana County,New Mexico,NA,NA,NA,NA,NA,NA,NA,NA,NA,NA,NA,NA,NA,NA,NA,NA,9.1,NA
