FIPS,county,State,bachelors_5y_18to24_2022,bachelors_5y_25over_2022,bachelors_5y_25to34_2022,bachelors_5y_35to44_2022,bachelors_5y_45to64_2022,bachelors_5y_65over_2022,bachelors_5y_25over_2018,bachelors_5y_35to44_2018,bachelors_5y_45to64_2018,bachelors_5y_65over_2018,dem_share_2016,rep_share_2016,dem_vote_2020,rep_vote_2020,mean_age,age_over65,income,no_highschool,econ_connect
1001,Autauga ,Alabama,10.3,29.6,29.5,32.5,30,26.3,27.7,28.5,29.8,21.1,0.237696712,0.727665879,0.270183651,0.714368023,39.35140555,0.155626697,59338,11.3,0.72077
1003,Baldwin ,Alabama,9.1,32.6,30.6,34.7,32.8,32.1,31.3,33.1,31,30.1,0.19385601,0.765457123,0.2240903,0.761713728,42.14650356,0.204433498,57588,9.7,0.74313003
1005,Barbour ,Alabama,3.6,11.9,9.5,10,11.7,14.9,12.2,11.1,14.1,12.4,0.465278441,0.520966663,0.457881727,0.534512265,41.30671999,0.194204413,34382,27,0.41365999
1007,Bibb ,Alabama,3,10.9,12.2,3.5,13.7,11.5,11.5,14.1,12,10.5,0.212495748,0.764032203,0.206982804,0.784262637,40.39040179,0.164732143,46064,16.8,0.63151997
1009,Blount ,Alabama,3.8,14.7,18.5,17.5,13.6,12.2,12.6,13.8,12,12,0.084258246,0.893348445,0.09569378,0.895715528,40.54901452,0.182365145,50412,19.8,0.72561997
1011,Bullock ,Alabama,3,9.4,10.8,3.8,10,11.4,13.3,10,12.9,18.8,0.749469214,0.242038217,0.747019293,0.248428355,40.19086605,0.163839022,29267,24.8,0.35515001
1013,Butler ,Alabama,3.6,13,8.2,14.9,14.9,12.4,16.1,20.6,14.4,16.6,0.426706367,0.561268896,0.41789629,0.575252951,41.72560976,0.202997967,37365,15.4,0.46026
1015,Calhoun ,Alabama,6.8,19.2,17.6,21.9,17.1,21.4,18,21.6,16.5,17.6,0.276658867,0.68663296,0.298452425,0.688484397,40.46380724,0.17717476,45400,15.9,0.60189003
1017,Chambers ,Alabama,2.9,12.7,13.9,10.2,11.6,15,13.2,12,12.7,12.2,0.416115108,0.564244604,0.416448574,0.572690395,41.82440875,0.195210472,39917,18.6,0.49761
1019,Cherokee ,Alabama,3.8,14.6,12.1,18.8,17.5,10.1,12.9,20.3,11.7,9.5,0.144134911,0.83415634,0.132021787,0.860336558,44.24055009,0.229717271,42132,19.8,0.60461003
1021,Chilton ,Alabama,0.7,14,11.3,19.3,11.1,16.4,14.2,15.6,14.4,15,0.158473515,0.821002776,0.159140342,0.832988089,39.69294272,0.167848164,47547,17.8,0.63505
1023,Choctaw ,Alabama,2.4,13,22.3,13.3,14,7.9,13,18.5,11.9,9.2,0.426357652,0.56308283,0.418944266,0.575562701,44.00650261,0.229966514,39907,18.6,0.67873001
1025,Clarke ,Alabama,6.6,13.8,15.8,10.1,11.8,17.2,12.6,14.6,11.6,15.3,0.441178728,0.547924181,0.438142368,0.557594214,41.87311873,0.198704013,40741,18.8,0.56535
1027,Clay ,Alabama,3,12.8,6.7,8.9,17,12.1,10.2,3.9,14.6,10,0.186745169,0.791817633,0.182828283,0.808225108,42.78851224,0.207231638,39201,24.5,0.57560998
1029,Cleburne ,Alabama,3.6,16.5,14.3,17.2,19.5,13.4,13.7,17.2,13.7,10.1,0.103746398,0.874260579,0.093399751,0.897191089,41.30362981,0.194501902,46495,22.6,0.69016999
1031,Coffee ,Alabama,8.9,21.6,17.7,26.3,20.2,23,23.4,27.8,23,21.8,0.203255164,0.764433958,0.227878788,0.758653199,39.70077443,0.169546707,55122,13.8,0.68441999
1033,Colbert ,Alabama,5.3,18,17.7,23.9,18.2,14.5,18.7,20.5,19.6,16.7,0.293477825,0.672125226,0.299182385,0.688625117,41.93847924,0.199298784,49055,15.6,0.64434999
1035,Conecuh ,Alabama,0,13.3,2.9,21.6,15.5,13.1,10.7,14.7,10.1,9.3,0.467729689,0.519362187,0.460487502,0.53438907,43.34548342,0.224973528,32613,19.2,0.44521999
1037,Coosa ,Alabama,6.6,10.6,3.1,11.5,10.3,13.8,11.6,15.6,11.5,13,0.339299315,0.64375476,0.327797043,0.662712174,45.70391974,0.231544564,42423,20.4,0.48805001
1039,Covington ,Alabama,5,16.3,14.3,16.4,16.6,17,14.9,15.8,14.6,14.5,0.149749059,0.832308657,0.156110155,0.836833046,42.38130644,0.210620235,40203,17.1,0.60332
1041,Crenshaw ,Alabama,2.4,17.2,19.7,17.8,14.7,18.8,15.6,17.2,14,14.1,0.265517792,0.72012127,0.256914009,0.735076319,41.11942998,0.190176505,39057,21.6,0.60762
1043,Cullman ,Alabama,2.8,18.3,18.8,20.9,16.1,19.4,13.7,14.3,13.4,12.7,0.100282523,0.871042695,0.106998638,0.881221476,40.73518132,0.185110616,45796,18.2,0.65998
1045,Dale ,Alabama,10.2,19.2,21.9,23.3,17,17.2,17,14.6,18.3,14.2,0.235372553,0.736465945,0.2619313,0.724642821,39.44868862,0.1689272,45309,14.2,0.63924998
1047,Dallas ,Alabama,1.5,15.7,16.9,18.6,13.1,16.9,15.1,15.6,15,18.9,0.68305662,0.30805662,0.684617107,0.309225258,40.26011485,0.180657792,34035,19.3,0.45451
1049,DeKalb ,Alabama,7.1,14.1,12.8,14.5,15.1,13.4,12.7,12.3,14.5,12,0.140246263,0.828815922,0.145830495,0.843677613,39.79172795,0.172613294,39491,25.9,0.59283
1051,Elmore ,Alabama,3.1,24.2,22.8,24.3,22.8,27.5,24.5,29.6,24.2,24.5,0.226596887,0.741653247,0.252668779,0.735169388,39.38216689,0.151428188,60367,13.6,0.69626999
1053,Escambia ,Alabama,3.3,12.6,11.7,8.5,14.8,12.8,12.7,11.1,12.7,14.8,0.310205456,0.669248905,0.309113765,0.683155248,40.43104387,0.179492762,38418,18.5,0.46434
1055,Etowah ,Alabama,4.7,17.7,15.5,20.6,17,18.4,17.7,19.5,17.9,17.2,0.236436917,0.732564985,0.242352497,0.744384847,41.28264602,0.190115218,44903,15.5,0.59388
1057,Fayette ,Alabama,0,13,8.7,16.1,11,16.1,12.9,17.3,12.8,10.4,0.165110923,0.813674385,0.159137577,0.832762948,42.34756283,0.211282176,39254,17.6,0.68558002
1059,Franklin ,Alabama,6.7,14.8,11.1,20.2,16.7,11.3,12.9,11.3,12.8,11.1,0.182475083,0.786212625,0.165845126,0.824932422,39.38613972,0.168861397,39388,23.2,0.57484001
1061,Geneva ,Alabama,3.5,13.9,17.5,13.7,15.9,9.3,11.1,12.1,11.2,10.8,0.129698928,0.849974485,0.127142288,0.864726983,42.1499962,0.202971802,37823,20.9,0.58556002
1063,Greene ,Alabama,2.5,16.7,21.8,14.9,14.8,16.7,10.1,10.8,9.5,7.1,0.822336066,0.171721311,0.813403141,0.183246073,42.48724645,0.223126442,28524,24.1,0.458
1065,Hale ,Alabama,0,16.4,27,20.1,11.5,13.6,14.1,17.2,11.5,14,0.593905473,0.394651741,0.590253165,0.404050633,40.74561999,0.192109195,34724,16.4,0.58731002
1067,Henry ,Alabama,5.4,21,18.1,17.7,25.1,19.3,18,22.6,16.9,17.3,0.2839445,0.697720515,0.280275328,0.710582921,43.27575687,0.227206694,46027,19.8,0.60405999
1069,Houston ,Alabama,5.2,22.5,19.8,26.3,23.1,20.8,21,24.1,21.5,18.6,0.250099674,0.7206548,0.279752236,0.706430165,40.27721014,0.177985524,47993,14.3,0.57523
1071,Jackson ,Alabama,2,16.2,16.9,15,18,14,14.2,14.3,15.6,12.8,0.175038124,0.794510103,0.157260112,0.832205111,42.3425661,0.200498686,41929,17.5,0.57870001
1073,Jefferson ,Alabama,13.5,35.6,42.4,40.9,33.3,28.9,32.4,36.9,30.7,26.4,0.515705593,0.443037434,0.557585132,0.426097444,39.15065221,0.158572729,55013,10.3,0.59913999
1075,Lamar ,Alabama,1.8,10.2,12.4,11.2,13,5.3,12.5,15.1,11.5,12.7,0.148722366,0.835917313,0.135965522,0.858334492,42.91750939,0.216555909,40936,17.6,0.71999002
1077,Lauderdale ,Alabama,9.4,25.8,25.5,23.5,26.5,26.4,23.9,30.5,23.6,20.8,0.251790006,0.705857052,0.26872505,0.715419834,41.66530464,0.200926537,48707,12.6,0.69683999
1079,Lawrence ,Alabama,5.1,15.8,18.4,23.1,13.2,13.6,11.7,15.1,10.2,8.9,0.244588307,0.730528019,0.222194498,0.768635768,41.57955821,0.186637133,43909,21,0.63709003
1081,Lee ,Alabama,11.1,40.2,47.2,42.9,37.9,33.9,34.1,36,33.7,29.4,0.358669392,0.584835532,0.38992848,0.590924995,35.94297644,0.118829335,48937,9.5,0.72622001
1083,Limestone ,Alabama,7.3,29.5,29.7,36.1,28.6,25.1,25.5,28.9,26.6,20.1,0.234972949,0.721372909,0.277688636,0.703564537,39.74514942,0.151891364,64863,15.7,0.70283997
1085,Lowndes ,Alabama,9.8,16.3,13.3,25.9,12.9,17.2,14.1,14.1,15.4,11.1,0.730550569,0.261968881,0.727432334,0.26861741,41.15901343,0.188490074,33973,22.5,0.41341001
1087,Macon ,Alabama,3.2,20.6,14.4,19.5,19.9,25,20.7,17.3,18.3,25.5,0.827789934,0.156564551,0.814857274,0.176659406,41.07774283,0.203698682,32495,18.3,0.45666999
1089,Madison ,Alabama,14.5,45.1,46.2,48.6,45.9,39.8,41.7,44.7,44.9,34.9,0.384493448,0.547894901,0.448156002,0.527707466,39.46796073,0.15040148,63755,8.9,0.74789
1091,Marengo ,Alabama,3.7,22,28.8,23.6,20.8,19.2,15.4,18.4,18.4,10.3,0.510733127,0.475986902,0.503486239,0.490183486,41.27819155,0.196003357,37733,16.2,0.57516998
1093,Marion ,Alabama,7.8,11.8,14.3,15.1,12.8,7.6,13.1,16.9,14.1,9.9,0.110289587,0.868299445,0.105960745,0.883971898,42.74711891,0.212377784,37887,20.3,0.64333999
1095,Marshall ,Alabama,6,21.4,22.2,17.3,24,19.9,19.2,18.6,18.8,20.8,0.139228678,0.827755125,0.149867608,0.836994074,39.33338709,0.170379465,46233,19.1,0.56095999
1097,Mobile ,Alabama,7.7,24.2,24.6,28.8,22.9,22.5,22.9,27.2,21,20.5,0.417895413,0.550640569,0.433895307,0.552745081,39.14507187,0.162029887,43598,13.8,0.56962001
1099,Monroe ,Alabama,2.4,13.5,18.3,11.4,12.3,14.3,14.1,15.2,12.3,16,0.421770032,0.564209911,0.417604049,0.576209224,42.1822044,0.202924004,39556,16.3,0.47554001
1101,Montgomery ,Alabama,8.9,33.7,30.8,36.6,34.7,32.4,32.1,35.3,33.7,29.8,0.614489247,0.354648616,0.650894199,0.336002986,38.37120122,0.151366699,49640,14.4,0.49068999
1103,Morgan ,Alabama,4.5,23.8,17.9,29.3,24.7,22.7,21.7,26.4,22.7,20.5,0.222217834,0.740186399,0.246342281,0.738319497,40.45119616,0.17468448,52797,16.7,0.61510003
1105,Perry ,Alabama,0.7,15.2,24,6.8,16.8,14.5,15.7,25.3,11.8,14.6,0.724516862,0.266578249,0.738049713,0.256022945,40.11105033,0.194091904,26814,21.9,NA
1107,Pickens ,Alabama,10.1,14.5,15.3,8.7,15.6,16.2,13.5,16.4,14.8,11.2,0.416264934,0.571787885,0.416011585,0.578609847,41.90264821,0.190239743,37586,19.4,0.62550998
1109,Pike ,Alabama,7.8,27.7,28.2,34.3,24.3,27.8,23.6,26.6,23.9,17.9,0.383961118,0.58421932,0.407196012,0.581027382,37.02846601,0.149589058,37259,19,0.59630001
1111,Randolph ,Alabama,3.3,18.8,21,14.9,21.3,16.4,14.9,11.6,15.8,14.6,0.224894473,0.75635614,0.203285042,0.789794223,42.08855886,0.203520352,40546,21.2,0.55489999
1113,Russell ,Alabama,7.4,16.4,16.7,22.9,14.1,14.4,16.5,16,16.7,14.4,0.497455339,0.47829248,0.526419429,0.462468939,38.13429155,0.143299701,39104,16.7,0.56879997
1115,St. Clair ,Alabama,6.1,19.3,18.7,28.2,15.7,18.6,16.5,20.6,15.2,13.1,0.145546875,0.824244792,0.174253505,0.813798069,40.15136994,0.166174315,57284,15.2,0.78175998
1117,Shelby ,Alabama,12.3,45.6,45.4,51,47.9,37.4,42.1,48.3,42.8,34.8,0.226924368,0.721156695,0.289412788,0.693344933,39.33839653,0.153388624,75663,7.8,0.82049
1119,Sumter ,Alabama,3,21.8,19.8,17.1,21.7,25.3,21.8,22.3,24,16.7,0.740290126,0.246607394,0.738833254,0.25401367,39.51323773,0.18012765,27859,15.8,0.54794002
1121,Talladega ,Alabama,4.3,16.6,10.5,17.3,17.9,18.4,14.3,19,14.5,12.1,0.36282815,0.617056306,0.368393012,0.623475311,41.03240718,0.180012026,41630,19,0.52474999
1123,Tallapoosa ,Alabama,2.5,18.2,8,16.4,19.9,21.9,18.3,18.2,20.7,17.9,0.283228985,0.697629067,0.279119623,0.712829308,42.87595377,0.215596217,42205,19.5,0.51406997
1125,Tuscaloosa ,Alabama,9.6,30.9,32.8,33.2,30,28.3,30.3,33.3,28.8,24.8,0.384062878,0.577061669,0.418810717,0.56688329,36.82631599,0.132798177,52557,11.6,0.64775002
1127,Walker ,Alabama,3.3,15.3,17.1,21.9,12.8,13.7,11.6,16.2,10.1,9.7,0.152585505,0.823357763,0.155085018,0.834199551,41.3268117,0.193231938,45434,19.1,0.64082003
1129,Washington ,Alabama,2.2,14.2,19.6,13.6,12.1,15.2,11.1,14.1,10.2,10.3,0.278213993,0.708074534,0.254393871,0.739522307,41.56307241,0.191110026,44424,19.6,0.70414001
1131,Wilcox ,Alabama,1.6,11.6,7.5,10.7,12.9,12.8,12.5,11.9,10.8,16.7,0.709218699,0.283916313,0.685753007,0.310520075,40.62458831,0.194410464,25385,23.1,0.42162001
1133,Winston ,Alabama,2.1,13.8,13.2,11.9,12.8,16.4,13.5,17.7,12.1,13.3,0.084553476,0.89479298,0.086316909,0.90349167,43.20287405,0.215595943,41156,21.9,0.59921002
4003,Cochise ,Arizona,1.9,26.7,23.8,24.2,25.8,30.4,23,21.9,22.3,26.3,0.348895331,0.561671499,0.392640878,0.588282982,41.88790723,0.223444032,49164,12.8,0.79714
4005,Coconino ,Arizona,7.7,39.6,38.7,45.9,36.3,40.5,35.6,36.3,34.1,40.8,0.542017931,0.353071056,0.610028387,0.369199695,35.88845955,0.12498775,60187,10.4,0.75237
4007,Gila ,Arizona,4.2,18.1,10.3,18.5,18.9,19.8,18.5,18.5,18.2,22.1,0.190833038,0.386462109,0.323295495,0.664340974,45.81653955,0.287739613,43585,14.7,0.61997002
4009,Graham ,Arizona,8.2,14,13.9,12.2,13,17.2,15.3,18.5,13.5,18.9,0.162562789,0.395203388,0.269023008,0.716838946,36.19943791,0.139472578,50157,14.4,0.68656999
4011,Greenlee ,Arizona,0,16.7,26.3,29.6,8.1,6.1,11.9,21.6,8.3,5,0.210323575,0.36440678,0.320759837,0.660244233,36.32526627,0.131603923,65818,11,0.81149
4012,La Paz ,Arizona,0,12.4,3,19.6,15.5,11.2,12.4,13.2,13.6,12.7,0.264661401,0.672660057,0.299812282,0.687717887,50.36188264,0.392786046,37350,22.7,0.61006999
4013,Maricopa ,Arizona,12,35,35.1,37.5,34.2,34,32,33.6,32.1,30.8,0.448329989,0.476683756,0.503240587,0.481429243,38.25612969,0.151736954,65234,12.6,0.74400002
4015,Mohave ,Arizona,5.3,14.4,14.3,19.2,13.4,13.9,12.9,13,11.9,13.4,0.218343069,0.729044444,0.237235831,0.750324837,47.53999046,0.303154378,45129,14.7,0.77204001
4017,Navajo ,Arizona,4.7,17.3,9.1,19.2,18.2,20.2,15.8,17.9,16.2,19.5,0.408472725,0.510671564,0.451697028,0.534259277,38.93632577,0.181176151,40650,17.2,0.57981002
4019,Pima ,Arizona,10.2,35,32.2,35.6,32.9,38.7,31.9,31.5,31.2,35,0.532826582,0.397087563,0.586054493,0.399229819,40.55287501,0.19753665,53395,11.7,0.71572
4021,Pinal ,Arizona,5.8,21.4,16.1,20,21.4,25.6,19,18.6,19.3,22.7,0.369691075,0.562109212,0.406035443,0.578875951,40.77432471,0.203805089,58848,14.6,0.77478999
4023,Santa Cruz ,Arizona,5.4,23.5,20.3,28.8,20.8,25.8,21,22,21.4,25,0.711373456,0.23714477,0.671814277,0.316731438,38.76432457,0.181053944,40545,24.4,0.52688998
4025,Yavapai ,Arizona,4.5,28.7,16.5,22,29,33.6,25.2,21,23.4,30.1,0.310965487,0.62324159,0.346331893,0.639061311,48.34968081,0.315862979,48758,9.7,0.84227997
4027,Yuma ,Arizona,4.6,16.4,15.3,21.2,17,13.8,14.8,18.8,13.9,12.6,0.464157706,0.474721751,0.460926433,0.522803051,38.36287525,0.187754563,44116,27.9,0.66210002
5001,Arkansas ,Arkansas,2.6,15.8,17.4,16.1,18.9,10.5,15.5,16.7,14.3,12.4,0.312137798,0.615904701,0.288938335,0.68404323,41.26667229,0.19607181,43887,17,0.61054999
5003,Ashley ,Arkansas,4,11.6,15.4,20.5,8.7,8.9,13.2,14.9,11.9,11.6,0.297909192,0.660398367,0.268104971,0.699974767,41.50528784,0.203581762,41127,17.7,0.68015999
5005,Baxter ,Arkansas,1.3,18.2,23.2,21.2,16.9,16.7,18.3,25,18.9,16.3,0.210917738,0.742790651,0.220640739,0.753843957,47.76850717,0.308993489,39686,11.8,0.78823
5007,Benton ,Arkansas,11.4,35.5,40.2,41.5,33,28.2,32.4,37.8,30.4,25,0.28923614,0.628676774,0.352333377,0.61682734,36.9267593,0.13410098,68978,11.9,0.84904999
5009,Boone ,Arkansas,5.7,16.6,15.7,14.7,18.8,15.5,16,15.6,17.1,15.8,0.181615046,0.75941903,0.179034708,0.797709477,41.55296158,0.206590181,44482,13,0.76545
5011,Bradley ,Arkansas,11.3,12.5,7.8,9.4,11.6,19,15.2,14.3,14.3,20.5,0.360525595,0.592389817,0.332238642,0.639025725,40.73942369,0.189685234,37729,18,0.60974002
5013,Calhoun ,Arkansas,8.1,12.5,8.5,18.2,10.7,15.2,12.1,22,8.1,13.1,0.28162186,0.685764654,0.219523374,0.749770852,43.5943718,0.215463331,44969,17.3,0.69174999
5015,Carroll ,Arkansas,7.2,21.4,15.6,16.1,22.8,25.1,20.4,12.7,23.7,24.3,0.310652538,0.630786392,0.341018903,0.629312537,43.03254438,0.231867626,45023,14.2,0.71524
5017,Chicot ,Arkansas,2.6,17.6,10.7,23.8,14.2,22.1,14.7,14.8,14.9,16.9,0.562739464,0.41091954,0.550816476,0.427004631,41.92517724,0.203295651,31787,19.3,0.56199002
5019,Clark ,Arkansas,6.7,26.4,27.8,22.7,26.8,27.3,27.6,26.9,31.5,21.1,0.424583627,0.51653765,0.409529482,0.549851102,38.13823036,0.16712751,45408,10.8,0.71052998
5021,Clay ,Arkansas,6.6,15.4,19.2,19.6,16.8,9.5,11.6,15.8,12.5,9,0.230576923,0.727115385,0.185606792,0.788346517,42.31545093,0.21411733,37687,19.3,0.74431998
5023,Cleburne ,Arkansas,1.4,17.2,9.3,14.2,18.4,19.9,14.9,17.7,15.2,14.5,0.173851882,0.782623086,0.156782334,0.81451104,45.94762668,0.267854997,44902,15.3,0.77938998
5025,Cleveland ,Arkansas,2.9,15.9,14.7,18.2,19.7,10,16.2,18.5,18.3,10.3,0.215563506,0.734048897,0.180833333,0.796388888,42.40957845,0.209902719,47600,11.4,0.75866997
5027,Columbia ,Arkansas,9.4,19,19.8,23.1,19.9,14.7,20.6,22.6,18,15.4,0.353325082,0.61393046,0.326601672,0.638347261,38.81346391,0.174236309,40909,15,0.64563
5029,Conway ,Arkansas,8.4,19.1,18.6,27.1,20.3,13.4,16,26.1,15.8,10.5,0.335057399,0.611706825,0.30109384,0.655613125,41.69415059,0.196017424,44565,14.1,0.70840001
5031,Craighead ,Arkansas,14.4,28.2,30,33.6,27.3,22.5,26.3,28.2,24.5,22.3,0.296235909,0.643521772,0.309547922,0.66365454,36.8504394,0.138451335,45615,10.9,0.72960001
5033,Crawford ,Arkansas,5.8,20.3,24.9,17.6,19.5,20.1,15.3,15.4,15.1,14.3,0.199910913,0.74325167,0.205844507,0.772363123,39.46905656,0.166340725,47363,14.8,0.76648998
5035,Crittenden ,Arkansas,5.5,17.6,18,21.2,17.2,15.1,18,21.5,15.9,17.9,0.52720662,0.436559679,0.520193071,0.448035682,37.22032601,0.141450499,42606,17.6,0.56164002
5037,Cross ,Arkansas,4.6,16.1,25.9,12.5,15.1,13.5,15.4,14.2,18.4,11.6,0.290805935,0.666860634,0.255257851,0.712474792,40.65183497,0.187694891,41214,17.2,0.68954998
5039,Dallas ,Arkansas,3.1,13,13,23.8,14.4,6.9,13.7,18.5,14.6,10.8,0.420425839,0.544568748,0.363533409,0.593808985,43.54427736,0.231829574,37259,16.4,0.57362998
5041,Desha ,Arkansas,5.7,13.1,12.5,18.1,13.7,9.6,12.4,16.3,13.1,10,0.523373268,0.450786939,0.484149856,0.461335255,40.24583044,0.190062543,36132,21.2,0.56584001
5043,Drew ,Arkansas,7.3,25,20.8,37.3,24,21.6,20.6,25.7,21.2,14.5,0.358605004,0.60166793,0.35118703,0.629559931,39.35972283,0.174978175,42494,14.9,0.71228999
5045,Faulkner ,Arkansas,14.7,32.5,32.9,38.5,31.6,27.6,30,33.8,29,23.9,0.307803985,0.617459549,0.337087529,0.632413463,36.27994648,0.124849767,53882,8.7,0.83756
5047,Franklin ,Arkansas,9.6,12.3,8.8,17.5,12.4,11,11.8,26.6,7.8,7.7,0.203249631,0.744313146,0.182353766,0.796324871,41.1937114,0.19331836,43696,17.4,0.75325
5049,Fulton ,Arkansas,2.5,14.4,15.5,21.1,15.4,10.4,11.8,11.1,15.1,9.7,0.223595977,0.72736798,0.202187927,0.773783942,45.11757274,0.262531584,35630,15.4,0.73201001
5051,Garland ,Arkansas,8,25.2,20.5,23.5,25.9,27.6,20.2,19.7,18,25,0.301703223,0.639308908,0.31776737,0.657684564,43.74866369,0.238336325,43610,11.6,0.70425999
5053,Grant ,Arkansas,5.1,18.8,22.9,20,16.9,18,18.3,23.2,19.2,18.5,0.184419073,0.768972465,0.154634147,0.828536585,40.90251814,0.180063778,52050,8.5,0.82261002
5055,Greene ,Arkansas,10.3,16.6,16.8,22.4,16.6,11.7,15.9,20.4,14.2,11.6,0.210342466,0.734246575,0.189937888,0.786956521,38.80314396,0.159779371,46512,12.7,0.74122
5057,Hempstead ,Arkansas,4.6,15.8,21.9,16.7,10.6,19,15.1,19.4,14,15.1,0.337210952,0.624343879,0.312207944,0.652745327,39.64479555,0.179614553,38682,19,0.57415003
5059,Hot Spring ,Arkansas,6.7,15.5,8.5,16.8,16.1,18.6,14.7,13.2,15.8,13.5,0.263647019,0.6841929,0.245440789,0.732818349,41.58786089,0.18898549,47205,14.6,0.68937999
5061,Howard ,Arkansas,7.3,15,23.1,14.5,12.5,14.3,14.7,19.3,16.2,10.9,0.289045785,0.675438596,0.277203144,0.696524618,39.46124728,0.179446818,40199,17.1,0.62585002
5063,Independence ,Arkansas,3.1,17.1,13.7,27.1,13,18.2,18.9,22.2,19.8,16.6,0.211620391,0.729836933,0.193357222,0.775220507,39.72132279,0.175248155,45596,14.2,0.72654998
5065,Izard ,Arkansas,6.3,18.9,17.1,22,19.7,17.6,13.8,16.4,13.4,13.1,0.204295154,0.741923642,0.175731497,0.797074011,45.67369234,0.257926874,37828,14.9,0.73961002
5067,Jackson ,Arkansas,4,11.9,11.4,15.8,10.8,10.6,10.2,11.9,11,8.7,0.307020946,0.633630721,0.268120212,0.705755255,41.1294688,0.181488311,36573,21.1,0.64454001
5069,Jefferson ,Arkansas,5.8,20.2,17.9,16.4,20.7,23.6,17.8,15.7,19.7,18.9,0.609098633,0.357225612,0.595476588,0.378448208,39.90119506,0.172901313,38596,14,0.57021999
5071,Johnson ,Arkansas,7.8,15,11.3,14.4,16.9,15.3,15.8,13.8,14.7,14.7,0.266352063,0.668459175,0.240366393,0.730469573,38.86582903,0.164535188,39381,20.6,0.63472998
5073,Lafayette ,Arkansas,12.2,10.6,3.6,22.5,8.6,8.3,16.5,23.1,17.2,13.5,0.360839161,0.614685315,0.313176558,0.655841733,44.99850344,0.240347201,35527,18.3,0.64393997
5075,Lawrence ,Arkansas,5.3,12.9,18.9,13.5,12.4,9.7,15,22.9,15.7,7.1,0.222163588,0.714863676,0.184394741,0.780092198,41.24589266,0.197273944,40308,14.5,0.72068
5077,Lee ,Arkansas,0.6,7.7,10.1,4.5,9.3,6.5,8.9,12.7,6.4,9.6,0.573364177,0.406146728,0.499648876,0.451544944,42.19115192,0.196327212,28080,27,0.52933002
5079,Lincoln ,Arkansas,11.1,8.1,5.5,8,7.7,12.1,8.9,7.8,8,16.7,0.32723471,0.641662311,0.266322581,0.704258064,40.40667264,0.153104685,44951,18.7,0.65166003
5081,Little River ,Arkansas,6.1,15.9,20.9,8.9,20.1,12.4,11.4,16.1,7.7,13.3,0.267266118,0.689688158,0.236816689,0.717597064,41.9568392,0.21004381,43559,11.8,0.71503001
5083,Logan ,Arkansas,3.6,14.3,17.3,11.8,15.1,13,12.1,13,12.3,9.9,0.216513067,0.725413458,0.187720365,0.783100305,41.92402355,0.198509454,41471,14.9,0.72668999
5085,Lonoke ,Arkansas,8.8,19.9,23.1,22,20,14.7,20.3,23.8,19.5,15.6,0.20900369,0.736457565,0.218054921,0.746330963,37.40333573,0.133157745,56651,11.3,0.84548002
5087,Madison ,Arkansas,2.2,12.3,6.7,20.2,10.4,14,12.5,17.1,10.9,14.7,0.232129806,0.72036252,0.212624133,0.769691198,40.8571992,0.190704448,42674,20.3,0.79619998
5089,Marion ,Arkansas,7.7,15.2,9.8,20.3,11.9,18.7,17.2,17.7,15.9,19.6,0.2017729,0.750809061,0.204051712,0.770758363,46.88972611,0.285133357,36581,13.1,0.71357
5091,Miller ,Arkansas,6.9,15.6,14,13.2,13.9,21.3,16.6,18,18.4,14.4,0.265552172,0.70188304,0.256821344,0.721156755,39.55289961,0.168930079,42162,14,0.64515001
5093,Mississippi ,Arkansas,4.9,14.8,11.9,15.5,15.9,14.9,12.8,13.8,11.2,14.3,0.429415329,0.534762193,0.369308055,0.591152164,37.91235238,0.147918233,36718,19.3,0.57393003
5095,Monroe ,Arkansas,13.1,14.2,17.6,7.1,10.5,20.4,10.5,7.8,9.1,13,0.454923717,0.51629681,0.40731534,0.548650569,43.60942029,0.232028986,32922,22.9,0.55575001
5097,Montgomery ,Arkansas,0.9,16.4,6.4,16,18,18.6,10.8,10.3,14.7,9.8,0.210171396,0.742624333,0.188742577,0.786470436,46.45338413,0.270170327,38318,21.8,0.69204998
5099,Nevada ,Arkansas,0.5,10.9,2.4,17.9,10.1,11.3,15.4,14.3,13.1,19.5,0.356438694,0.616142945,0.320428827,0.635199524,42.14268556,0.206341581,37626,13.2,0.61993998
5101,Newton ,Arkansas,3,14.8,10.4,11,16.1,16.1,16.2,10.6,18.8,14.7,0.186250999,0.766053824,0.177338669,0.7983992,45.47885971,0.265086483,36078,17.4,0.76115
5103,Ouachita ,Arkansas,4.4,15,16.6,14.3,15.3,14.1,16,15.5,12.2,18.2,0.434927026,0.538600906,0.414892512,0.549797487,42.13843938,0.203761755,37624,14.4,0.63314998
5105,Perry ,Arkansas,0.9,15.2,10.3,25.5,15.3,11.3,11.9,18.6,8.5,7.6,0.243613562,0.698560149,0.218716231,0.751891074,41.96145672,0.201989954,45342,16.6,0.77210999
5107,Phillips ,Arkansas,11.3,15.2,15.1,21.6,13.4,14.1,14,20.5,11.3,16.8,0.619876312,0.351790594,0.580422941,0.387215636,39.89087026,0.190027178,29945,21.6,0.49533999
5109,Pike ,Arkansas,8.7,18.5,25.9,27.2,15.1,14,14.7,19.2,14,15.2,0.17206732,0.791258478,0.151672162,0.828780028,42.23156563,0.203878947,41534,15.2,0.66134
5111,Poinsett ,Arkansas,5.5,11.5,17.3,17,9.1,7.9,10.1,11.5,8.9,9.3,0.243460243,0.712509713,0.189336525,0.786863449,39.88383249,0.179194127,37370,19.4,0.64930999
5113,Polk ,Arkansas,0,16.3,16.1,16.3,15.9,16.7,13.3,13.4,12.8,15.3,0.147248208,0.804033532,0.146760895,0.828621909,42.6835503,0.229986533,39048,15.4,0.69538999
5115,Pope ,Arkansas,6.4,23.9,27.6,24.9,20.1,25.9,22,24.1,21.5,19.5,0.221542824,0.72028003,0.236247543,0.740054027,38.26429688,0.157515625,45788,15.2,0.74772
5117,Prairie ,Arkansas,11.9,16,27,26.3,13.9,9,15.1,14.6,15,10,0.236353078,0.727351916,0.187124464,0.79713877,44.37825118,0.237800347,43245,17.8,0.70025998
5119,Pulaski ,Arkansas,15.1,37,36.8,41.7,35.3,36.1,34.1,38.2,34.1,29.9,0.560622371,0.383393,0.59984349,0.374726399,38.84656718,0.155533768,49957,9.6,0.68171
5121,Randolph ,Arkansas,1.4,15.5,12.4,16,18.1,14,14,22.6,13.5,9.5,0.223389246,0.706850604,0.178361715,0.786112743,40.93520169,0.199409405,37799,17.3,0.72465003
5123,St. Francis ,Arkansas,4.9,13.3,11.2,15.2,9.9,18.1,10.6,8,10.5,14.8,0.542530283,0.430013459,0.507034328,0.456105796,39.83932151,0.162034671,33257,19.4,0.53117001
5125,Saline ,Arkansas,7,28.5,34.9,35.2,25,23.8,26.1,29.5,24.6,21.9,0.254433781,0.688349328,0.281957198,0.69446444,40.19150312,0.177596956,63677,9.6,0.79585999
5127,Scott ,Arkansas,14.2,12,11.3,19.3,11.7,9.2,9.1,15.2,8.2,8.5,0.171509972,0.778062678,0.136018023,0.83413123,41.81776335,0.20854734,35826,21.1,0.65103
5129,Searcy ,Arkansas,5.6,14.9,12.2,14.3,18.6,12.4,12.5,16.2,11.5,13.1,0.161212446,0.792650215,0.14630505,0.837272953,44.72417693,0.24981151,31659,15.5,0.70889002
5131,Sebastian ,Arkansas,7.5,23.9,29.2,25.5,21.8,21.8,19.7,20,19.1,19.5,0.275556153,0.652530412,0.307318625,0.661815867,38.9962858,0.160497209,46843,16.8,0.73863
5133,Sevier ,Arkansas,7.6,11.7,6.6,8.2,13.9,15.4,11.5,8.2,10.1,16.8,0.235642262,0.719421306,0.214532871,0.74663591,36.78642278,0.145457728,44100,25.7,0.62248999
5135,Sharp ,Arkansas,3,11.5,11.4,17.3,11.7,8.9,11.3,11.4,9,14.2,0.203062491,0.745895986,0.18477399,0.784826857,44.904123,0.260854543,36032,16.4,0.70662999
5137,Stone ,Arkansas,6.5,14.4,15.9,20.2,10.9,15.4,12.8,13.1,12.4,10.5,0.214133143,0.732111072,0.198720108,0.777366117,46.12406679,0.274223328,34009,20.4,0.71987998
5139,Union ,Arkansas,13.1,18.5,17.3,23.4,18,16.8,20.8,22.6,21.2,17,0.346572748,0.618917959,0.336243753,0.63093876,40.24076062,0.179343659,45335,15.2,0.68690997
5141,Van Buren ,Arkansas,5.7,16.8,14,10.8,13.6,23.2,14.1,11.3,12.9,18.3,0.211064178,0.733342417,0.204047649,0.772896119,45.45127387,0.260495091,40486,14.2,0.71042001
5143,Washington ,Arkansas,10.1,34.5,40.9,37.6,31.2,28.9,32.8,34.4,31.1,29,0.407593359,0.506663735,0.464897205,0.503935671,35.28459325,0.117356865,50893,15,0.80754
5145,White ,Arkansas,7,20.5,23.4,21,19.4,19.7,21.4,21.3,20.9,17.9,0.18994085,0.7743488,0.193556744,0.782969079,38.96715866,0.164263848,44811,14.6,0.79613
5147,Woodruff ,Arkansas,0,16.5,8.5,10.5,16.2,22.6,12,14.7,13.2,11.1,0.434850253,0.523920653,0.345718901,0.623182553,43.05315871,0.231432974,34306,20,0.64192998
5149,Yell ,Arkansas,9.3,13.8,15.1,8.8,12.6,18.3,13.5,11.4,14.4,10.1,0.229849355,0.715639074,0.190476189,0.775255897,40.02751335,0.177803576,41729,19.9,0.63029999
6001,Alameda ,California,17.4,50.9,58.6,59.3,47.1,40.2,46,52.6,42.4,36.4,0.786900129,0.146610094,0.802081629,0.177008584,38.93176883,0.138298836,101744,12,0.91564
6003,Alpine ,California,8.8,39.6,21.3,44.6,32.7,51,30,23.6,12.7,51.2,0.554817276,0.360465116,0.642375169,0.32928475,45.97865577,0.25431426,55384,11.1,NA
6005,Amador ,California,3.5,20.6,21.3,16.5,21.5,21.2,20.3,21.6,19.1,22.2,0.338558701,0.591237172,0.365539813,0.609083572,47.12839296,0.269989589,58515,9.7,0.92817998
6007,Butte ,California,13.5,30.8,30.7,32.4,28,33.4,26.5,30.9,24.8,28.5,0.43496505,0.472395463,0.494052868,0.477436169,39.86661968,0.185906528,50945,10.7,0.80008
6009,Calaveras ,California,3.7,21.4,16.7,23.1,20.3,23.4,18.7,15.5,17.4,22.8,0.343360996,0.583981674,0.369827713,0.608084229,47.11174948,0.275273014,62984,9.6,0.92421001
6011,Colusa ,California,3.9,14.3,15.4,16.3,10.1,18.1,15.4,12.9,14.6,23.1,0.401236429,0.535434258,0.406858435,0.57266675,37.1398021,0.14625237,57249,30.6,0.58380002
6013,Contra Costa ,California,13.7,44.5,40.6,49.4,44.7,43,41.7,45.3,42,40.6,0.684908028,0.248739207,0.716281678,0.262984332,39.82336998,0.15774703,101463,10.6,0.88687998
6015,Del Norte ,California,2,17.7,16.9,13.4,17.3,21.7,14.3,9.4,13.5,20.5,0.364616028,0.537141661,0.408364621,0.564131669,40.88723588,0.180321978,48518,19,0.63748002
6017,El Dorado ,California,9.4,38,33.1,43.4,40,34.5,33.7,39.1,34.6,32,0.388969025,0.526193758,0.444399487,0.532356511,43.66534157,0.211817829,81869,6.9,1.01846
6019,Fresno ,California,8.1,23.4,24,24,22.1,24.3,20.7,20.2,20.5,21.9,0.50064289,0.439393027,0.5289559,0.450688787,35.2589099,0.122800684,52318,24.7,0.57849997
6021,Glenn ,California,3.8,14.9,14.4,11.4,14,18.7,13.9,12.7,13.3,15.5,0.323653643,0.611193242,0.353633708,0.625210233,38.02144614,0.158769209,47365,24.7,0.63274997
6023,Humboldt ,California,9.1,31.1,28,30.3,29.7,35.6,29.8,34.6,27.5,34.4,0.560375384,0.310113763,0.650291242,0.316226777,40.14058868,0.178774391,49471,9.7,0.81883001
6025,Imperial ,California,3.2,15.9,18.3,22,14,10.6,14.5,16.9,13.4,10.3,0.679274708,0.264165852,0.611141462,0.367393335,35.46771107,0.12968371,46633,31,0.73171002
6027,Inyo ,California,10.6,29,26.3,40.2,25.7,27.2,26.1,29.5,27.2,25.3,0.390180559,0.525352461,0.4886124,0.487136229,43.98329349,0.234057931,53793,11.2,0.79105997
6029,Kern ,California,4.8,18.3,18.2,19.4,17.4,19,16.1,17.2,15.9,18.4,0.404193101,0.530727424,0.436847346,0.538775992,34.55395176,0.109668765,51586,26.2,0.6207
6031,Kings ,California,4.8,14.7,14.4,15,14.3,15.8,13.5,13.7,13.6,14.5,0.401503759,0.533480761,0.426324069,0.548824696,34.4050183,0.102506507,58255,26.3,0.61815
6033,Lake ,California,7.3,18.2,14.1,17.8,16.6,22.2,15.8,9.6,19.2,18.7,0.46930111,0.432682887,0.518568652,0.455469943,43.33540431,0.227315088,45086,14.8,0.65311998
6035,Lassen ,California,2.8,12.1,8.6,9.9,14.2,15.6,12,9.7,13.2,21.8,0.211326492,0.719688331,0.233502962,0.74831067,39.8371859,0.151516135,57705,17.2,0.81195998
6037,Los Angeles ,California,13.4,34.6,40.7,38.8,31,30.1,31.8,34.4,29.4,28,0.717572215,0.224133363,0.710278084,0.268628506,38.36087571,0.136158978,67986,21.3,0.73580003
6039,Madera ,California,5.3,17.2,15.6,16.3,16.3,20.8,14.5,13.9,15.4,17.7,0.394994433,0.541774912,0.431176952,0.54675054,36.46205414,0.13985362,53632,28.1,0.56068999
6041,Marin ,California,17.1,61.1,51.1,63.8,64.1,59.6,58.8,61.4,62.2,56.9,0.780531761,0.156318884,0.823256112,0.157941346,44.2740482,0.223144347,122933,6.8,0.81247997
6043,Mariposa ,California,10.3,28.9,28.8,36.8,27.8,27.3,23.4,32,23.3,23.7,0.351695393,0.584093725,0.39766537,0.578793774,47.29194093,0.279434491,51402,9.6,0.95354998
6045,Mendocino ,California,6.1,24,17.5,20.8,20,33,24.7,22.8,20.9,35,0.589134669,0.290524855,0.664097831,0.306114444,42.4943497,0.221057918,51386,13.1,0.69420999
6047,Merced ,California,7.7,14.6,17.9,13.9,12.4,15.4,14,12.5,13.3,14.3,0.527158174,0.405783384,0.541014201,0.435066369,34.35662293,0.112259567,56169,30.6,0.63156003
6049,Modoc ,California,1.2,23.8,23.4,24.9,18.7,27.6,15.9,10,13.6,24.2,0.231520591,0.711721225,0.264793921,0.71586461,45.57166458,0.268656716,45227,14.4,0.66933
6051,Mono ,California,4.7,31.7,16.7,47,25.5,42,30.6,33.3,29.1,36.5,0.525587566,0.400113723,0.595577323,0.372959335,41.02982456,0.158105263,66499,11.3,0.9637
6053,Monterey ,California,7.1,27.1,25.8,23.6,25.3,34.4,24.5,20.3,23.8,33.4,0.66778604,0.261566023,0.695161753,0.282443586,36.74103638,0.135908667,69665,28.7,0.61296999
6055,Napa ,California,7.5,37.8,38.8,37.8,36.8,38.7,34.9,33,33.8,38.4,0.638711465,0.283696148,0.69046431,0.286569647,41.62514256,0.19126075,85624,14.9,0.80387002
6057,Nevada ,California,4.5,38.8,33.3,39.6,39.9,39.3,36.6,36.3,37.1,39.5,0.474251388,0.425320834,0.561528958,0.41357529,46.76290924,0.27463489,66681,5.8,1.01335
6059,Orange ,California,14.1,42.8,46.5,48.2,40.4,38.8,39.9,42.9,38.8,36.7,0.509353072,0.42349821,0.53478881,0.444446634,39.16695962,0.147643354,89373,14.9,0.85553998
6061,Placer ,California,12.1,42.4,39.6,51,43.3,37.1,38.6,47.2,38.9,33.5,0.402042234,0.520337565,0.454599207,0.521039288,41.61412721,0.195615403,89175,5.4,1.0711
6063,Plumas ,California,9.9,21.2,26.4,26.1,17.6,21.1,23.5,33.2,17.7,28.6,0.357482431,0.560148822,0.405062167,0.572380107,47.20617954,0.284248032,55079,6.1,0.89507997
6065,Riverside ,California,7.5,24.1,22.6,25,22.7,26.7,21.8,21.9,21.4,24.5,0.497337605,0.443501453,0.529846885,0.450425009,37.60769117,0.14408685,66793,18.3,0.74834001
6067,Sacramento ,California,10.6,32.6,35.1,33.9,31.4,30.8,30.4,32.2,29.9,28.8,0.582881304,0.339314895,0.613562719,0.361067034,38.09523354,0.141209948,69475,12.6,0.81634998
6069,San Benito ,California,5.4,22,25.3,17.4,20.1,26.9,19.7,20.3,19.8,23.4,0.571109287,0.35764459,0.61144641,0.367325702,37.15476055,0.128979313,80063,20.1,0.82344002
6071,San Bernardino ,California,8.2,22.4,24.3,24.5,20.8,21,20.3,21.9,19.7,20,0.521164923,0.414750842,0.54196022,0.435434475,35.81653161,0.115749057,63310,20.5,0.73532999
6073,San Diego ,California,12.4,41,42.6,45.9,39.2,37.8,38.1,41.8,36.7,35.7,0.562979179,0.36571188,0.602099813,0.374557078,38.17864582,0.140413667,78777,12.9,0.90846002
6075,San Francisco ,California,38.5,59.8,79.5,68.7,50.6,39.2,57.1,66.4,46.5,37.7,0.850396262,0.092875168,0.852561024,0.127193368,41.16884032,0.156513322,110601,11.5,1.31244
6077,San Joaquin ,California,8.2,20.3,18.9,22.8,19.6,20.6,18.4,19.7,18.3,18.9,0.540331718,0.3967417,0.558549284,0.419762073,36.29242287,0.127436027,63567,21.1,0.72867
6079,San Luis Obispo ,California,10,38,34.2,38.9,37.4,40.2,34.6,33.6,34.7,37.5,0.497055752,0.416001896,0.552925855,0.422229736,41.34738213,0.200837999,70626,9.1,0.93507999
6081,San Mateo ,California,24,52.9,59.1,61.3,51.1,43,49.9,57.9,47.9,40.8,0.756660644,0.184261922,0.778878346,0.201960716,40.39944708,0.161031519,122930,10.8,1.16289
6083,Santa Barbara ,California,10.4,35.7,36,33.4,32.9,40.8,33.8,31.1,33.4,38.9,0.606054778,0.318831808,0.648715427,0.32812383,37.53884424,0.153327794,75646,19,0.72433001
6085,Santa Clara ,California,21.4,55.3,64.9,62.4,51.9,43.4,51.3,57.6,48.4,40.8,0.727124422,0.205803819,0.726386762,0.25226479,38.45530742,0.134772421,125933,11.9,1.15832
6087,Santa Cruz ,California,11.6,42.5,39.9,44.7,42.2,43.2,40,41.1,40.3,43.8,0.739390317,0.174179676,0.788790157,0.185981483,39.4979581,0.164543946,84213,13.6,0.81641001
6089,Shasta ,California,5.2,22.8,20.6,27.2,22.2,22.2,22.2,25.9,22.4,21.4,0.278577942,0.646796497,0.322823631,0.654137523,41.97983781,0.208581426,53908,9.2,0.79174
6091,Sierra ,California,0,23.9,3.2,11.4,33.1,23.2,18.7,5.8,17,28,0.328415301,0.572677596,0.378042465,0.591403418,48.85420154,0.316370941,52308,6.7,1.03074
6093,Siskiyou ,California,1.6,22,12.4,21.4,21.1,26.7,22.5,23.7,22.6,26.2,0.353015811,0.553435487,0.408699727,0.566206544,44.62171805,0.255237398,47560,10,0.74171001
6095,Solano ,California,6.6,28.2,26.4,28.6,27.9,29.9,26.2,26.7,26.7,26.7,0.61620704,0.312558319,0.639406053,0.336637895,39.43851459,0.157699111,82808,12,0.87462997
6097,Sonoma ,California,10.8,37.8,33.7,36.1,36.7,42.9,34.9,32.5,35.1,40.1,0.693763973,0.222301981,0.745155916,0.230417752,42.13890811,0.197450904,81002,12,0.86228001
6099,Stanislaus ,California,5.4,18.2,18.8,20.7,16.6,18,16.9,18.5,16.1,16.8,0.474289266,0.455973418,0.492389069,0.484499009,36.43993434,0.131533334,59616,21.7,0.74586999
6101,Sutter ,California,4.5,20.6,19.7,22,21.7,18.8,17.7,16.2,18.9,18.3,0.390060555,0.542194911,0.407255417,0.571592721,38.00378588,0.153935149,57879,22,0.71074998
6103,Tehama ,California,2.5,18.2,18.5,14.1,19.6,18.6,15.5,15.7,15,18.5,0.284800067,0.648067592,0.310152797,0.666214194,40.68723011,0.19383253,47572,15.6,0.64851999
6105,Trinity ,California,4.4,19.2,10.2,28.3,11.6,27.2,19.7,17,14.5,28.4,0.389377418,0.494548013,0.455504074,0.509346541,47.12584763,0.272836059,40680,9.4,0.73521
6107,Tulare ,California,4.7,15.6,14.8,16.8,14.3,17.6,14.3,14.1,14.7,14.5,0.423602827,0.518979116,0.450045954,0.528161487,34.24535967,0.114394637,48763,30.2,0.54176003
6109,Tuolumne ,California,3.6,24.4,18.5,27.7,21.6,28.5,20,18.7,20.1,24.1,0.357358298,0.569979239,0.393909498,0.581721915,45.84357066,0.261812648,56500,9.6,0.9109
6111,Ventura ,California,11,34.7,32.9,35.8,34.8,35.2,33.1,32.9,34.8,33.5,0.552708643,0.376210459,0.594543842,0.383626796,39.26257716,0.155572425,84170,15.6,0.78140998
6113,Yolo ,California,14.3,43.3,45.9,44.6,40.7,43.4,41.6,44.4,40.6,39.5,0.666975271,0.252637349,0.694780768,0.280510617,35.77540289,0.124927407,67804,13.6,0.81755
6115,Yuba ,California,5.3,17.4,17.9,20.6,14.2,18.5,16.7,19,15.4,20.2,0.343942952,0.572658492,0.376896228,0.593233991,35.69812663,0.127561154,47504,18,0.72917002
8001,Adams ,Colorado,10.4,27.2,31.9,29.9,23.7,23.6,23.6,26.2,21.8,20,0.498582604,0.413507862,0.566875053,0.404059306,35.49914236,0.1046891,70199,17,0.81186002
8003,Alamosa ,Colorado,6.6,28.2,24,27.6,28.2,32.8,26.1,29.2,24.9,25.9,0.459576308,0.438968151,0.481429303,0.488345287,35.53362705,0.136126596,42897,13.5,0.73189002
8005,Arapahoe ,Colorado,15.6,44.9,44.2,46.6,44.4,44.9,42.2,43.2,43.2,41.1,0.527593171,0.386254892,0.609986778,0.363589894,37.81862749,0.130625062,76665,7.6,0.83072001
8007,Archuleta ,Colorado,4.4,39.4,28.9,25.3,42.2,46.5,38.9,36.3,37.6,45,0.340645865,0.581005587,0.408792651,0.567475941,45.98565202,0.260443153,53337,8,0.93331999
8009,Baca ,Colorado,0,24.4,21.9,29.7,23.4,22.9,22.1,24.7,23.7,16.9,0.131444496,0.814212726,0.14247191,0.839101124,43.85564854,0.247140865,38294,15.2,0.88227999
8011,Bent ,Colorado,7.4,15.5,9.4,8.1,19.9,21.8,12.4,11.7,13.8,18.2,0.306175402,0.616502335,0.321899736,0.660949868,42.32573954,0.179360762,37659,14.2,0.65877998
8013,Boulder ,Colorado,17.4,63.2,62.4,67.1,65.3,57.4,60.8,64,62.6,54.6,0.703372984,0.2200253,0.771860793,0.206204424,38.62779764,0.142560982,83591,4.9,1.1075
8014,Broomfield ,Colorado,24.7,58.4,64.9,62.8,58.5,46.8,55.5,63.2,54.6,42.1,0.523521452,0.381198758,0.623541774,0.349438154,38.50581807,0.138478641,96924,3.2,1.1688499
8015,Chaffee ,Colorado,9.5,41.4,42.7,33.9,44.7,41.1,33.5,31.5,32.2,39.4,0.434488889,0.4792,0.521941974,0.45356466,46.23345983,0.253857293,56168,7.1,1.09936
8017,Cheyenne ,Colorado,0,23.4,54.2,24.5,14.9,19.9,20,23.7,18.9,8.6,0.119782214,0.83938294,0.115316901,0.874119718,40.99680171,0.205223881,54504,9.9,1.04763
8019,Clear Creek ,Colorado,8.8,55,46.6,51.3,57.2,58.3,46.5,44.6,48.2,49.8,0.465223321,0.438970338,0.550397068,0.420586439,45.37558563,0.203331598,74019,1.7,1.0602601
8021,Conejos ,Colorado,7.5,24.6,13.1,24.1,24.7,31.1,20.2,21.7,18.4,23.1,0.440328195,0.475882645,0.452111701,0.527579045,39.82439024,0.192926829,38777,13.4,0.75433999
8023,Costilla ,Colorado,0,23.7,41.2,18.6,19.5,23,19.1,16,22.3,17.5,0.608766234,0.318181818,0.626074499,0.353868195,46.22779519,0.272988506,31557,21.5,NA
8025,Crowley ,Colorado,3.2,12.7,3.7,23.1,11.5,13.2,9.6,7.1,11.1,10.4,0.222003929,0.706614276,0.249714286,0.726285714,41.00204848,0.137077501,35880,15.2,0.75880998
8027,Custer ,Colorado,3.1,36.5,47.9,27.5,30.6,43.7,36.9,37.9,41.6,35.3,0.259947815,0.67221135,0.305914718,0.680605227,50.44206702,0.321760194,55242,7,1.0331399
8029,Delta ,Colorado,8.3,24.5,16.4,20.7,26,27.4,21.2,19.3,22.2,24.3,0.243418702,0.694163192,0.303923593,0.675322664,45.09247892,0.259231738,46786,9.6,0.87716001
8031,Denver ,Colorado,23.5,54.2,64.8,55.7,46.5,45.5,47.9,50.1,41.5,40,0.736927908,0.188909514,0.795505156,0.181850499,37.14919357,0.117539344,68069,12.9,0.90732002
8033,Dolores ,Colorado,33.3,26.3,29.4,28.9,30.6,21.6,21.3,15.1,15.1,24.6,0.192828685,0.752191235,0.235334714,0.751552795,45.55207329,0.25072324,47482,8.2,0.94189
8035,Douglas ,Colorado,17.4,60,56.8,66.1,61.1,53.4,57.9,64.4,57.2,50.8,0.36617262,0.547058918,0.451859848,0.523607003,37.73071919,0.119422013,120670,2,1.3532701
8037,Eagle ,Colorado,10.1,51.8,44.3,43.4,61.2,51.8,48.1,47.3,48.6,55.8,0.558973952,0.356420727,0.637886067,0.339464653,38.16935792,0.115578346,86896,10.7,0.87858999
8039,Elbert ,Colorado,10.2,35.6,31.8,48.1,31.7,36.7,35.9,44.3,36.8,29.7,0.196144699,0.732569783,0.236527419,0.738924301,42.0165893,0.164028613,98247,3.3,1.15659
8041,El Paso ,Colorado,10.6,40.2,35.4,43,42.5,39.2,37.9,42.1,40.8,36,0.338624372,0.561901388,0.427453009,0.535376705,36.70905617,0.127564943,67923,6.3,0.96052998
8043,Fremont ,Colorado,2.2,20.2,16.2,19.2,19.2,24.9,18.2,13.8,19.8,22.6,0.241068584,0.688208256,0.288335877,0.685409086,44.04630266,0.216613565,47885,9.7,0.87696999
8045,Garfield ,Colorado,9.2,33.7,29,37,30.2,41.4,30,30.7,27.7,38.1,0.425802796,0.496108802,0.499191043,0.476216671,37.61335118,0.131470637,74421,12.2,0.80632001
8047,Gilpin ,Colorado,4.6,43.9,37.4,36.4,46.2,48.9,38.7,41.5,33,47.8,0.456935123,0.437919463,0.531055901,0.437888199,44.69735337,0.169090018,72949,2.4,1.07927
8049,Grand ,Colorado,20.1,37.8,24.8,39.9,35.9,49.3,37.8,38.2,36.5,48.1,0.391010713,0.523288309,0.477203647,0.49473151,43.05330113,0.175974235,69214,4.5,1.10788
8051,Gunnison ,Colorado,22,59.3,64.1,57.9,61.6,52.1,55.3,58.2,56.6,52.9,0.544836379,0.349447514,0.637354781,0.333780161,37.82964166,0.129653253,61268,2.8,1.24836
8055,Huerfano ,Colorado,2.3,26.1,29,22.7,18.5,32.5,21.4,20.7,23,23,0.431667988,0.497753106,0.47117567,0.5,49.0198142,0.311801423,38242,8.5,0.78763002
8057,Jackson ,Colorado,22.9,27.5,25.5,52.6,17.4,29.9,16.8,12.9,14.5,19.1,0.198606272,0.730545877,0.199771689,0.77739726,45.26268763,0.222301644,51457,12.4,NA
8059,Jefferson ,Colorado,16.8,49.1,52.6,56.2,47.6,42.5,44.1,50.7,42.5,39.7,0.488856186,0.420141571,0.578750152,0.393305561,40.81885639,0.164549414,85550,5.6,1.11146
8061,Kiowa ,Colorado,4.3,18,14.4,32.7,18.3,10.9,21.5,23.9,22,13.7,0.106432749,0.851461988,0.108527132,0.880398671,43.20137383,0.234273319,44704,4.1,NA
8063,Kit Carson ,Colorado,9.1,18,25.2,15.5,16.6,17,18.9,14.3,19.9,18.8,0.144786602,0.801458671,0.171015242,0.812193232,40.56505654,0.19335474,48342,11.5,0.95122999
8065,Lake ,Colorado,20.2,39.2,46.7,28.4,41.9,37.3,34,52.8,25.3,32.1,0.505157862,0.396999062,0.581418834,0.377934865,38.92062883,0.142765849,51802,14.5,0.88313001
8067,La Plata ,Colorado,14,47,40.6,53.7,44.8,49.2,43.9,45,45.2,45.5,0.498394864,0.404077047,0.576106765,0.399052345,41.12644291,0.171692417,66219,5,1.04206
8069,Larimer ,Colorado,17.5,50.9,51.7,55.7,50.5,47,46.3,52.6,45.1,43.9,0.475114808,0.425706705,0.562187414,0.407817668,38.79101786,0.156733748,71306,4.2,1.123
8071,Las Animas ,Colorado,1.9,16.5,5.2,18.6,15.5,22,19.7,20.4,16.1,25.9,0.390107464,0.546150449,0.439266424,0.538123351,44.20516445,0.243328966,41485,12.2,0.76256001
8073,Lincoln ,Colorado,4.5,22.7,23.4,23.2,21,24.4,12.8,11.1,14.4,15.7,0.167898194,0.776683087,0.177291588,0.805356469,40.84937611,0.175579323,46690,9.7,0.96450001
8075,Logan ,Colorado,6.4,19.7,15.2,24,18.8,21.5,20.5,29.3,17.9,21.7,0.190392923,0.749022835,0.210596278,0.767850361,40.80592716,0.177629134,53168,10.5,0.96489
8077,Mesa ,Colorado,8.5,30,29.6,32.4,28.8,30.4,27.4,28.8,28.3,28.7,0.279821771,0.641044132,0.347991128,0.627809717,40.82155189,0.190839844,51132,9.9,0.91115999
8081,Moffat ,Colorado,0.1,20.5,21.6,18.1,17.8,26.1,17.1,14.4,18,18.7,0.13394636,0.81302682,0.171221178,0.807002562,38.62374886,0.153169548,59500,9.1,0.88957
8083,Montezuma ,Colorado,7.3,30.1,26.1,29.8,28.6,33.7,28.6,31.7,26.2,34,0.308990512,0.610748172,0.376516129,0.600387097,42.74141754,0.221156052,50180,10.5,0.74285001
8085,Montrose ,Colorado,7.6,27.7,24.2,32.6,23.5,31.3,23.9,23.5,22.5,27.6,0.258000566,0.67884452,0.30844234,0.672899446,43.40254418,0.233003269,52576,11.2,0.82997
8087,Morgan ,Colorado,5,17.7,13.8,25.8,15.9,17.6,17.6,22.5,16.2,18.6,0.263461538,0.681020067,0.28201397,0.697977299,38.01439176,0.154842776,55387,19.9,0.81336999
8089,Otero ,Colorado,6.3,18.3,19.1,11.8,20.3,19.7,17.7,20.2,19.2,16.6,0.348201609,0.583057265,0.376461988,0.601086048,40.68522135,0.204318576,40064,14.6,0.71502
8091,Ouray ,Colorado,0,49.6,51,54.2,43.9,52.4,48.6,55.3,48.3,52.3,0.512688822,0.4081571,0.588308458,0.392288557,48.25729361,0.271880819,68900,1.6,1.2136199
8093,Park ,Colorado,13.7,35.5,26.6,39.4,33.1,40.9,30.2,38,30.7,28.6,0.328405491,0.588941154,0.398909771,0.568790172,46.26967019,0.204408278,72121,3,1.15571
8095,Phillips ,Colorado,6.8,26.3,23.4,34.5,26.8,20.3,25.5,28.9,27.3,22.1,0.186963979,0.768010292,0.195573441,0.787927565,42.31217919,0.225384974,52367,11.8,0.84065998
8097,Pitkin ,Colorado,24.5,63.1,57.6,57.7,62.7,70.9,63.1,62.1,63.8,65.8,0.696854509,0.242326333,0.751777202,0.232499791,43.8637883,0.193983287,89034,3.7,1.2436399
8099,Prowers ,Colorado,2.4,18.2,16.1,17.8,22.3,14.5,17.4,16.8,18.4,17.9,0.236443381,0.703947368,0.262183061,0.720733681,38.8313877,0.1761756,42455,17.9,0.73517001
8101,Pueblo ,Colorado,5.5,24.1,24,21.8,24.8,24.6,22,21.6,23.6,21.9,0.456157974,0.461116904,0.495713525,0.478499677,40.4244489,0.18497096,48308,10.6,0.73233002
8103,Rio Blanco ,Colorado,8.5,23.8,27.1,34.3,15.6,24.3,20.2,24.8,19.7,12.5,0.126376812,0.808985507,0.15199133,0.829314549,39.23137626,0.155460859,63411,7.2,1.01608
8105,Rio Grande ,Colorado,2.1,31.3,26.4,43.3,26,29,23.7,17.3,23.1,27.5,0.361582942,0.557462956,0.395717684,0.580491673,41.34711111,0.202311111,44171,15.7,0.76765001
8107,Routt ,Colorado,11.3,50,31.7,56.8,52.9,54.5,50.4,52.2,48.6,59.2,0.543400543,0.373945374,0.627044323,0.351090306,41.07925621,0.154432052,81033,3.2,1.16202
8109,Saguache ,Colorado,2.2,24.4,5.2,22.7,28.1,27.7,22.9,23.8,20.4,27.3,0.499823633,0.404585538,0.555916199,0.41693715,43.8853573,0.229723805,36869,19.6,0.76845998
8111,San Juan ,Colorado,48.1,41.7,90.1,28.2,32.8,41,34.5,17,29.5,45.4,0.523715415,0.424901186,0.608540925,0.359430605,46.94225722,0.233595801,46878,7.1,NA
8113,San Miguel ,Colorado,22.2,62.2,56.4,69.6,65.5,55.2,56.7,60.3,49.8,71.6,0.687225687,0.238623239,0.762385856,0.220711094,41.32737151,0.146624344,69458,5,1.2128
8115,Sedgwick ,Colorado,9.2,26.5,17.3,36.8,24.2,27.1,20.8,19.7,23.9,19.1,0.195747801,0.744134897,0.208160443,0.775242047,45.45267043,0.262266609,40009,9.9,0.97241998
8117,Summit ,Colorado,5.2,52.3,41.7,47.8,50.6,74.1,51,43.3,46.7,73,0.590886608,0.315320885,0.683532659,0.288002598,40.20745316,0.136582062,80078,6.7,1.00858
8119,Teller ,Colorado,7.4,38,35.8,42.7,35.1,40.8,34,26.2,34.2,40.3,0.249446137,0.674674605,0.311588642,0.663616506,45.6176494,0.219471355,64850,4.2,1.04694
8121,Washington ,Colorado,12.1,24.5,29.1,26,21.4,24.7,16.2,15.2,18.4,11.3,0.108305891,0.841200146,0.122672872,0.862699468,41.91332247,0.206966796,47869,7.5,1.06846
8123,Weld ,Colorado,9.1,30.7,31.6,33.7,30.3,26.6,26.7,30.3,25.9,24.7,0.343496175,0.565990785,0.395630457,0.57580821,36.23990232,0.121614355,75629,11.9,0.87436998
8125,Yuma ,Colorado,24.4,24.4,16.4,45.4,17.7,26.6,22.1,30.2,19.3,16.6,0.151534126,0.803590065,0.157598876,0.824533226,39.18512974,0.184730539,53253,11.9,0.81590003
10001,Kent ,Delaware,8.7,26.3,26.1,35.8,25,21.6,23.6,26,23.5,19.9,0.447076329,0.495871203,0.511944843,0.471232404,39.36426771,0.170725287,54980,12.9,0.79290998
10003,New Castle ,Delaware,11.1,38.3,41.5,40.6,37.7,34.5,35.9,41,35.2,30.3,0.620901632,0.325944869,0.678065451,0.307210925,39.57999678,0.155591908,69562,8.5,0.83468997
10005,Sussex ,Delaware,9.8,31.7,25.3,30.6,30.5,35.3,26.5,23.3,27.1,28.4,0.371038035,0.590625236,0.438199641,0.550667945,46.02075574,0.277273798,59821,12.3,0.71723998
11001,District of Columbia,DistrictofColumbia,29.6,62.6,74,70.4,52.5,48.9,57.6,63,46.8,42.7,0.908638215,0.040874745,0.921496939,0.053973214,37.09902058,0.121435537,82533,9.4,0.99615997
12001,Alachua ,Florida,17.8,46.7,52,51,44.2,41.4,42.5,48.4,39,38.2,0.589713077,0.364265659,0.629042664,0.357437379,36.84172606,0.140156174,51026,7.6,0.81159002
12003,Baker ,Florida,7,14.1,12.2,17.5,14.4,12.5,13.4,14.4,13.2,11.3,0.167167959,0.814785499,0.144889395,0.847215307,38.32101922,0.141597602,52804,15.5,0.66503
12005,Bay ,Florida,7.2,26.6,24.1,30.7,26.3,26.2,22.8,26.4,22.5,23.5,0.24924245,0.711170572,0.275348297,0.710537066,40.47557303,0.170967202,51777,9.7,0.70344001
12007,Bradford ,Florida,5.7,13.2,10.7,6.8,13.8,19.2,10.6,6.6,10.9,13.6,0.241692842,0.736733344,0.231807512,0.758069249,41.07330881,0.177953267,45075,21.7,0.61645001
12009,Brevard ,Florida,10,32.9,33.6,37.7,33.5,29.7,29.3,32.6,30.3,26.9,0.380232691,0.577750102,0.41176226,0.57622989,44.8336472,0.236818693,57612,8,0.78833997
12011,Broward ,Florida,12.2,34.9,37.6,39.8,34.6,29.6,31.9,36.5,32.1,27.1,0.665087247,0.313661502,0.646100126,0.348145294,40.57496438,0.166206964,57200,11.2,0.75189
12013,Calhoun ,Florida,6.7,11.1,4.5,15.1,9.8,15.1,9.9,9.9,7.8,13.3,0.204078277,0.765499096,0.185258964,0.808152007,41.32566669,0.180366079,38323,21.9,0.58503997
12015,Charlotte ,Florida,5.6,25.1,18,21.4,24.4,27.7,23.2,19,20.7,27,0.347033432,0.624836574,0.363357401,0.629559911,53.45365896,0.402134077,52724,9.7,0.77934003
12017,Citrus ,Florida,4.4,19.7,18.9,19.5,17.9,21.3,17.6,16.3,17.7,19.4,0.285934755,0.683262233,0.290661746,0.701141533,50.81814587,0.363045785,41556,11.9,0.69256002
12019,Clay ,Florida,7.2,27.6,24.3,29,28.4,27.4,24.1,29.6,24,23.2,0.261281143,0.703990308,0.30800209,0.679072385,39.69389833,0.157836277,62835,8.9,0.79848999
12021,Collier ,Florida,10.2,38.7,30.3,31.7,35.1,46,36.2,27.9,33.7,43.8,0.35766355,0.617270433,0.373504701,0.620494856,48.04827366,0.32216345,70649,13.6,0.65601999
12023,Columbia ,Florida,1.9,16,13.7,16.3,15.9,17.3,15.6,15.7,16.2,16.1,0.264778625,0.709513359,0.269777858,0.721384904,40.89269251,0.188843028,46195,13.3,0.58517998
12027,DeSoto ,Florida,6.1,11.6,6.9,13,9.2,16.3,11.4,6.7,10.8,17.8,0.349510076,0.626548345,0.336440477,0.656686942,42.47372563,0.221851743,37233,27.3,0.42908001
12029,Dixie ,Florida,2.9,8,8.4,4.1,8.3,9.5,9.4,4.6,7.7,13.9,0.176339906,0.808386559,0.167136035,0.827598874,44.5248503,0.236467066,37148,20.7,0.51828998
12031,Duval ,Florida,9.2,32.2,34.1,35.6,30.7,29.8,29.2,32.6,27.6,25.9,0.475401842,0.489194467,0.512471085,0.474335457,38.21993652,0.140481656,55733,10.5,0.67084002
12033,Escambia ,Florida,13.1,28.1,29.8,29,27.1,27.5,26.4,27.9,26.7,23.7,0.376870052,0.582465944,0.416318409,0.56742892,39.54634049,0.168438267,50644,9.2,0.68265998
12035,Flagler ,Florida,9.6,28.4,22.8,27.4,31,27.9,24.4,20.8,21.7,29,0.383040885,0.588664939,0.39267388,0.600186848,47.92180124,0.30720908,58975,8,0.82933998
12037,Franklin ,Florida,5.3,21,8.1,10.7,22.6,30.5,17.1,9.7,17.9,29.3,0.289941812,0.685785536,0.309534239,0.682581399,44.73798569,0.239775051,40297,19.7,0.57659
12039,Gadsden ,Florida,5.6,19.7,13,20,20.5,22.1,16.7,14.2,16.3,21.9,0.679238457,0.304255415,0.679782847,0.314157057,40.81448555,0.178607225,42259,20.7,0.41552001
12041,Gilchrist ,Florida,3.9,14.6,9.7,12.6,17.2,15.1,14.2,15.3,14.6,14.2,0.173159145,0.800475059,0.175529169,0.81517811,41.81912796,0.204918931,42186,14.1,0.62075001
12043,Glades ,Florida,6.3,13,13.7,4.8,12.2,17.2,9.9,10.8,9.4,12.5,0.291982541,0.688260969,0.26670518,0.72828808,46.43762751,0.272806762,38680,24.4,0.50062001
12045,Gulf ,Florida,0,21.4,12,18.8,23.6,25.9,17.7,17.3,18.3,22.5,0.235842589,0.730700672,0.243170403,0.748866838,44.18986637,0.215726305,45426,15.1,0.66769999
12047,Hamilton ,Florida,1.7,9.2,6.7,4.8,11.4,11.3,9.3,4.3,11.4,13.7,0.348717949,0.630586081,0.33670669,0.654373928,40.80048917,0.179944095,36299,23.9,0.48493999
12049,Hardee ,Florida,5.7,10.4,7.6,10.8,11,11.7,10.4,7.2,12.1,13.5,0.283397072,0.691283133,0.270830878,0.721508544,37.82941824,0.166342448,39169,24.2,0.45475999
12051,Hendry ,Florida,4.7,10.5,15.2,6.8,8.2,13.2,8.2,6.4,9,11.1,0.415204678,0.557354926,0.380911901,0.610973725,36.89142362,0.137453075,44391,34.3,0.43957999
12053,Hernando ,Florida,6.4,20,18.4,23,19.6,19.8,17.5,19.6,17.9,17.1,0.33898034,0.628704849,0.344457502,0.646444245,45.97329264,0.274602468,45884,12.6,0.73304999
12055,Highlands ,Florida,6,18.3,14,22.9,18.1,18.3,17,18.3,17,18.5,0.326949175,0.64713479,0.32466935,0.6684493,49.11912847,0.35306951,39994,15.3,0.60219997
12057,Hillsborough ,Florida,12.6,36.2,40.7,40.4,35.3,29.4,32.7,37.6,32.2,25.9,0.51516916,0.44652478,0.528558569,0.459787968,38.45294832,0.142888659,58361,11.6,0.67980999
12059,Holmes ,Florida,1.5,11,8.9,11.7,13.4,8.8,10.3,11.1,9.7,11.1,0.100187926,0.878905332,0.10189678,0.891045434,41.98785747,0.19874724,38040,22.6,0.59316999
12061,Indian River ,Florida,13.2,32.7,29.7,27.3,31.2,36.2,28.3,26.4,27.5,32.4,0.362996663,0.607681636,0.388207296,0.603914489,49.07271,0.330461906,58228,11.3,0.70945001
12063,Jackson ,Florida,5.4,13.9,8.6,11.6,14.9,17.2,13.4,12.2,15.1,16.3,0.304025474,0.677581864,0.301797582,0.690842589,42.17373978,0.195093676,39545,19.3,0.55905998
12065,Jefferson ,Florida,9.5,19.5,13.2,13.7,20.7,23.8,22,16.6,25.8,25.6,0.463178548,0.514061478,0.46112886,0.52999645,45.12353024,0.235302352,46332,17.9,0.61988997
12067,Lafayette ,Florida,15.3,8.1,11.3,6.6,6.9,8.5,15.8,21.2,9.8,19.5,0.152712264,0.828125,0.139420448,0.855112083,39.66674301,0.160444343,42689,23.9,0.56705999
12069,Lake ,Florida,7.6,25.7,25.3,28.8,23.6,26.5,22.7,25.6,20.8,22.9,0.368633478,0.599476716,0.395170221,0.595601806,45.16883126,0.266789156,52447,10.7,0.73413002
12071,Lee ,Florida,8,30.1,28.4,26.6,27.4,34.4,27.8,25,26.4,31.8,0.382660376,0.586823724,0.400343743,0.592149257,46.30818569,0.286100105,56343,12,0.67043
12073,Leon ,Florida,14.5,47.5,48.9,50.3,45.9,46.3,45.7,46.2,44.8,44.7,0.605184971,0.353778298,0.635350367,0.35262599,36.43879358,0.133862333,51046,6.4,0.75659001
12075,Levy ,Florida,2.6,16.1,12.5,13.9,15.1,19.7,12.6,15.6,11.2,15.3,0.263005929,0.710234597,0.268092461,0.723655217,44.63698798,0.247804758,39037,15.7,0.60833001
12077,Liberty ,Florida,7.7,16.8,4.6,22.3,19.2,19.7,12.7,10,13.4,14.3,0.197512136,0.771541262,0.194889076,0.799213704,40.13805132,0.145323401,40814,18.6,0.62063003
12079,Madison ,Florida,6.5,13,9.1,21.7,12.5,11.6,13.8,13.5,10.6,19.6,0.414579659,0.57037037,0.399466951,0.59445629,42.63789195,0.204975984,38249,19.3,0.49355999
12081,Manatee ,Florida,10.1,32.8,29.7,36.1,30.7,34.8,29.3,29.3,27.9,32.7,0.397992825,0.569653215,0.415591958,0.57608846,46.01164351,0.273956262,59587,10.8,0.66821998
12083,Marion ,Florida,4.1,22,16.4,22.5,21.7,24.1,19.4,19.1,18.2,22.1,0.355128792,0.617246709,0.366275884,0.625445258,46.0414207,0.289401823,44517,12.7,0.62976998
12085,Martin ,Florida,11.3,35.1,24.7,36.8,36.8,36.2,33,30.7,34,34.4,0.351839332,0.620151063,0.373690821,0.619573365,48.48600477,0.308802327,61592,9.5,0.78965002
12086,Miami-Dade ,Florida,11.5,32.5,37.3,38.6,32,24.4,28.8,33.1,28.6,21.7,0.636751125,0.340744376,0.534107412,0.460603069,40.43562999,0.16226647,52043,18.5,0.58605999
12087,Monroe ,Florida,10.5,36.3,34.8,35,37.2,36.6,33.3,31.1,33.1,35.8,0.446607656,0.515655163,0.455578921,0.534947636,45.57475975,0.230130486,67094,8.7,0.78771001
12089,Nassau ,Florida,16.3,32,23,33.4,28.5,40,28.2,30.5,25.3,33.6,0.233205313,0.735211449,0.264644369,0.723776164,43.5759973,0.22185199,66898,8.6,0.85834002
12091,Okaloosa ,Florida,11.2,33.3,34.6,32,34.3,31.5,30.6,30.1,31.3,31.1,0.235784046,0.712835259,0.294295068,0.685708884,39.13512151,0.160125248,62779,8.2,0.83223999
12093,Okeechobee ,Florida,6.3,16.8,13,22.8,17.9,13.7,11.4,13.6,11.2,12.2,0.2899729,0.685270636,0.275166103,0.718941958,41.46634326,0.197847702,42258,25,0.50796998
12095,Orange ,Florida,12.9,37.4,40.2,42.3,36,30.5,33.8,36.7,32.9,26.7,0.603897304,0.357358473,0.610151637,0.379049834,37.11322425,0.119378986,58037,11.5,0.74878001
12097,Osceola ,Florida,9.5,26.5,28.7,29,26.6,21.2,20.5,22.8,20.9,16.9,0.609517424,0.35876496,0.564249925,0.426129115,37.31133998,0.132082394,50473,13.2,0.73128003
12099,Palm Beach ,Florida,11.6,38.8,34.7,38.8,38.7,40.7,35.7,35.8,35.7,37.3,0.565687601,0.411277124,0.560780591,0.4329141,44.14417026,0.239084863,61735,11.8,0.68330997
12101,Pasco ,Florida,10.1,27.1,28.7,35.5,27.2,21.5,23.4,30.5,22.4,19,0.373817591,0.589290824,0.394320628,0.594830612,43.35033264,0.226275411,53788,11,0.76490003
12103,Pinellas ,Florida,14.1,35.1,38.6,41.9,34.6,31,31,34.6,30.6,28.8,0.474613274,0.485782987,0.495698704,0.493481504,45.923827,0.24776577,52226,8.9,0.78494
12105,Polk ,Florida,6.9,21.4,20.2,22.9,20.9,22,20,21.7,20.2,19.1,0.413039808,0.553718776,0.422567996,0.566883026,41.03957365,0.202175396,51354,15.2,0.61522001
12107,Putnam ,Florida,2.5,13.3,6.6,16.2,11.4,17.5,12.4,9.5,11.6,15.6,0.30479814,0.668478425,0.289417975,0.701454375,43.24895838,0.231975513,39578,19.1,0.49083999
12109,St. Johns ,Florida,12.4,47.4,41.9,54.9,47.1,45.2,43.7,53.9,42.8,39.8,0.315711209,0.649633005,0.361506494,0.628155043,42.36924853,0.202469116,81925,5.4,0.97408003
12111,St. Lucie ,Florida,6.1,25,24.9,23.9,24.6,26.1,20.3,19,19.7,23.5,0.474848595,0.499045063,0.48868844,0.504335856,44.03538464,0.24134613,53377,13.9,0.66801
12113,Santa Rosa ,Florida,15.5,29.9,28,35.4,29.3,27.8,28.1,30.9,28.4,26.7,0.210427945,0.744646419,0.258229837,0.723711282,40.02465863,0.15971653,69541,8.4,0.86142999
12115,Sarasota ,Florida,10.3,38.3,31.7,35.4,36.7,41.6,34.7,34.1,32.7,38.4,0.427262369,0.543247927,0.443906495,0.548350735,51.23301572,0.366773841,61652,7.2,0.81924999
12117,Seminole ,Florida,15.7,41.7,43.1,46.7,42.9,34.2,38.2,42.7,39.6,32,0.470946571,0.486638268,0.508130284,0.48019094,39.90799048,0.155040698,67187,5.7,0.84119999
12119,Sumter ,Florida,9.6,33.7,11.4,15,27.4,40.1,31.1,12,28.6,36.7,0.29528468,0.687797561,0.317251446,0.678607342,60.17688771,0.575873371,55324,8.4,0.66283
12121,Suwannee ,Florida,5,15.9,10.5,19.6,16.1,15.8,14.7,15.3,14,15.9,0.212046646,0.764255911,0.212993304,0.779313292,42.397151,0.213663416,38525,18.5,0.56638998
12123,Taylor ,Florida,8.6,13.9,7.1,12,16.9,15.4,7.4,8.7,8.9,5.2,0.231646932,0.745963402,0.227016886,0.765379678,41.93486103,0.204411969,42307,22.6,0.53534001
12125,Union ,Florida,4.3,10,10.3,8.4,10.6,10.1,8.3,8.1,10.3,4.8,0.178082192,0.80224798,0.168614892,0.82193755,40.21184739,0.149732262,45906,23.1,0.64183003
12127,Volusia ,Florida,8,26.2,25.3,29.5,25.1,26.2,23.6,25.9,23.2,24,0.418183073,0.548194688,0.424718399,0.565383702,44.7190058,0.244244235,50285,10,0.72371
12129,Wakulla ,Florida,8.2,19.7,20.7,23.2,16.9,20.9,18.4,24.5,17,19,0.283238877,0.684776236,0.29075201,0.699521843,40.28472629,0.156680324,58203,12.1,0.75171
12131,Walton ,Florida,11.3,33.1,25,29.5,35.5,36.7,28.4,27.8,28.4,33,0.204417754,0.765704433,0.236507973,0.753746197,42.91884413,0.205632224,60973,11.5,0.75123
12133,Washington ,Florida,1.8,12.4,11.3,8.4,14.5,12.8,11.7,11.6,13,12.8,0.202940122,0.774202223,0.190395068,0.801168167,41.0426045,0.175361736,39225,18.8,0.60503
13001,Appling ,Georgia,5.4,10,13.9,9.3,9.7,8.5,9.7,10.9,9.5,8.4,0.20450656,0.783513976,0.213283779,0.782400192,39.52463933,0.172313179,42781,25.5,0.50406998
13003,Atkinson ,Georgia,3.9,11.4,7.3,5,17.2,13.6,9.9,10.1,9.9,12.8,0.267049808,0.71954023,0.261489699,0.729001585,37.36320357,0.140653248,36779,30.9,0.44181001
13005,Bacon ,Georgia,1.8,10.9,8.1,10.1,11.3,12.8,10.1,5.6,9.5,17.9,0.151243781,0.83681592,0.133890317,0.860754071,38.57510058,0.160393384,38775,18.5,0.46742001
13007,Baker ,Georgia,5.6,19,9.9,11.2,19.9,23.8,12.3,12.6,15.8,10.4,0.451388889,0.538194444,0.419292605,0.576848876,44.00064683,0.225097025,38288,21.7,NA
13009,Baldwin ,Georgia,5.2,23.5,31,15.1,22.1,25,20.9,16.1,20.2,21.1,0.494539588,0.477599901,0.500794477,0.487808888,38.75192424,0.160118689,42727,15.6,0.51651001
13011,Banks ,Georgia,2.4,17.1,19.5,30.1,16,8.3,12.8,18.3,10.4,10,0.098064516,0.879426523,0.105897057,0.885694808,40.61196545,0.174899937,55384,22.9,0.73139
13013,Barrow ,Georgia,3.5,21.2,21.2,23.2,19.2,22.6,17.6,20,14.9,16.2,0.22642808,0.726359257,0.275652014,0.706837899,36.89895309,0.124466334,61413,17,0.77371001
13015,Bartow ,Georgia,6.5,21,22.9,24.4,20.3,17.6,19.5,21.1,18.9,16.1,0.207635904,0.756283186,0.239602117,0.746507619,38.46294452,0.14017743,57409,17,0.73395997
13017,Ben Hill ,Georgia,7.5,12.2,10.6,10.9,13.9,11.7,12,11.2,12.2,10.2,0.353942049,0.629885445,0.364634146,0.626524391,39.68174778,0.175075952,35020,17.3,0.42513999
13019,Berrien ,Georgia,3.7,14.8,11.3,12.3,19.9,11.6,11.8,16.8,12.2,11.8,0.158877086,0.82276176,0.163889965,0.829006845,39.90364637,0.170995221,39412,21.9,0.57459998
13021,Bibb ,Georgia,8.6,25.9,27.4,24.4,27.3,23.5,25.7,30.2,25.4,22.1,0.587689309,0.384098025,0.61393746,0.375483744,38.18088442,0.155955452,41390,14.3,0.48056999
13023,Bleckley ,Georgia,3.7,18.6,17.8,18.8,19.8,17.1,17.2,18.9,18.5,14.9,0.221351025,0.747687977,0.22975815,0.758499825,39.59066833,0.168484188,46019,12.4,0.56774998
13025,Brantley ,Georgia,0,10.3,4.2,23,4.8,13.9,8.2,15.5,6.5,9.3,0.098238375,0.883510554,0.090240125,0.902530337,39.85434196,0.166163941,41874,20,0.55225003
13027,Brooks ,Georgia,2.7,14.7,12.6,18.2,17.8,9.6,15.2,17.2,13.7,15.4,0.398989899,0.584122475,0.392957747,0.6,41.95432863,0.198285309,36354,17.2,0.46237001
13029,Bryan ,Georgia,13.9,33.9,30.5,43.1,32.9,25.9,32.6,37.5,33.6,27,0.26454887,0.693930007,0.31579194,0.667478913,35.04834816,0.106274108,79658,8.1,0.84745002
13031,Bulloch ,Georgia,6.4,29.6,27.7,33.1,31.1,26.1,27.4,32.4,25.5,24,0.365816085,0.596342234,0.37372025,0.611155432,34.84617574,0.114624301,43766,13.1,0.67528999
13033,Burke ,Georgia,7.9,14.7,16.8,14,16.6,10.8,12.6,13.3,9.3,15.9,0.505935194,0.48026949,0.487551479,0.505428678,38.64346876,0.155955938,42785,20.8,0.49522001
13035,Butts ,Georgia,0,13.1,17.6,14.5,10.2,12.4,11.4,13.6,10.6,10.5,0.269707799,0.706012193,0.278141195,0.714127942,39.61280122,0.155499525,48831,20.8,0.68724
13037,Calhoun ,Georgia,2.9,11.4,11.8,13,9,12.3,9.4,8.6,12,12.8,0.582222222,0.409876543,0.574293528,0.420692798,41.0138539,0.156643577,33393,25.7,NA
13039,Camden ,Georgia,5.2,21.7,17.7,19,24.7,23.8,24.5,31.1,23.9,27,0.313740014,0.651288292,0.336330631,0.643828099,36.56859549,0.136352628,56555,8.2,0.81356001
13043,Candler ,Georgia,12.5,12.2,4.3,17.5,14,10.6,14.1,14.7,14.2,18.3,0.272654797,0.707945788,0.286391333,0.707063868,39.65762274,0.180140273,35841,23.4,0.54737997
13045,Carroll ,Georgia,4.7,21.2,19.8,22.8,22.1,19.8,20.6,20.7,18.2,18.3,0.282495864,0.680605607,0.298087161,0.687961229,37.1536179,0.136131594,52502,16.3,0.70406002
13047,Catoosa ,Georgia,9.4,23.2,25.4,27.5,25.1,15.9,20.8,24,19.8,18.9,0.17830848,0.780207049,0.212683705,0.772159666,40.49762682,0.177306437,55807,12.6,0.77608001
13049,Charlton ,Georgia,4,12.1,7.1,6.2,16,15.4,10.5,13.3,8.8,10.7,0.25,0.734810757,0.241568112,0.748795445,40.0694016,0.159777915,40499,26.7,0.59315997
13051,Chatham ,Georgia,12.4,36.1,38.3,38.5,34.4,34.4,33.2,35.5,31.7,34.5,0.555456475,0.407412031,0.58652376,0.399018138,38.52729992,0.15379934,54165,10.4,0.66373003
13053,Chattahoochee ,Georgia,3.7,30,34.2,35.1,18,21,33.4,40.2,24.5,15.2,0.427338129,0.54028777,0.421618205,0.556257901,28.29698615,0.048296518,46869,7.2,0.95985001
13055,Chattooga ,Georgia,3.5,9.5,12.4,8.9,7.9,10.1,9.8,12.6,10.8,8.8,0.195467765,0.783082889,0.184477611,0.802388059,40.43989512,0.175635337,39513,26.9,0.51730001
13057,Cherokee ,Georgia,11.4,39.5,41.2,40.3,41.4,33.9,37,43.7,37.4,29.1,0.225190329,0.719804004,0.295477457,0.687613063,38.57610103,0.139209676,82733,8.6,0.96524
13059,Clarke ,Georgia,14.7,47.9,57.5,47.8,41.6,45.1,42.7,42.8,38.4,41.3,0.658195482,0.2827508,0.702238326,0.281417412,34.43893819,0.109628524,42112,12.9,0.74735999
13061,Clay ,Georgia,10.2,16.6,0,10.4,13.8,27.8,7.9,7,8.3,11.5,0.54752553,0.44461901,0.550906556,0.444211994,45.00779356,0.268098372,30239,20.2,NA
13063,Clayton ,Georgia,7,20.6,19.2,22.8,20.9,19.4,19.5,21.7,20,15.2,0.842352384,0.1361742,0.849854019,0.140755181,34.52092433,0.093216857,46059,15.3,0.54623002
13065,Clinch ,Georgia,5.4,12.9,24.6,5.7,7.6,17.8,11.1,9.3,16.1,5.9,0.279429735,0.703462322,0.260824023,0.734986033,38.60785199,0.16200361,37593,29.2,0.44760001
13067,Cobb ,Georgia,15.5,49.7,51.1,54.4,50.7,41,46.5,50.1,48.5,37.6,0.484013917,0.462222545,0.563424136,0.420217602,37.59575023,0.122580645,78603,8.2,0.79141998
13069,Coffee ,Georgia,2.7,12.9,11.8,16.3,13.5,9.9,13.2,13.3,14.8,11,0.294214876,0.689040604,0.296503221,0.695280662,37.36204256,0.137609357,39480,22.6,0.43913001
13071,Colquitt ,Georgia,6.6,14.7,13.9,12.8,15.9,15.3,12.5,12.6,12.9,12.2,0.254183793,0.726512038,0.260337002,0.732263882,37.93000965,0.154720126,38633,26.2,0.43972
13073,Columbia ,Georgia,9.5,37.4,38.9,40.8,38.3,31.3,35.1,41.2,35.1,27,0.291722657,0.665477349,0.362824061,0.620670398,37.6394443,0.135024078,82184,7.4,0.84439999
13075,Cook ,Georgia,2.7,16,16.9,17,17,13.1,15.5,21.1,14.6,12.3,0.289417203,0.689450223,0.292679459,0.696517413,38.95612399,0.16542361,38827,20.1,0.51209003
13077,Coweta ,Georgia,12.7,34.1,35.2,42,34.2,25.8,29.8,35.4,29.9,25,0.268572354,0.6888493,0.31523848,0.67059467,38.54247792,0.138773104,70974,11.2,0.79878002
13079,Crawford ,Georgia,8.2,11.3,14.8,18.5,8.3,10.3,10.3,10.4,12.5,5.1,0.274536321,0.702279753,0.264667323,0.725663717,42.33073551,0.188017535,48004,16.5,0.55186999
13081,Crisp ,Georgia,4.7,14.1,24.1,9.9,14.7,10.4,13.7,14.1,14.3,12.9,0.377662407,0.60556443,0.371439234,0.62035079,40.39633202,0.186584664,36096,19.9,0.38777
13083,Dade ,Georgia,5.6,18.3,30.1,16.2,14.7,17.5,13.9,13.8,12.4,13.4,0.154597885,0.809195771,0.169626043,0.81598063,41.51978306,0.193023542,48779,20.9,0.70831001
13085,Dawson ,Georgia,12.6,35.5,38.6,33.2,35.7,34.5,30.4,32.3,27.1,37.5,0.123076923,0.841478963,0.154592376,0.833157142,42.17089264,0.201132241,68835,14,0.93358999
13087,Decatur ,Georgia,1.2,15,13.8,11.3,14.5,19.7,14.6,16.8,14.7,17.1,0.400933307,0.585261521,0.411112067,0.581233336,39.01815616,0.162069614,38441,18.4,0.43533999
13089,DeKalb ,Georgia,17.2,46.7,51.5,50.7,44.3,40.5,43.4,45.8,42.4,37.8,0.798616075,0.163516618,0.831239685,0.157422789,37.36790834,0.124405531,63477,11,0.67078
13091,Dodge ,Georgia,5.6,14.7,7.8,18.6,17,13.2,13.7,21.6,13.1,12.8,0.262376944,0.716364674,0.269021067,0.724039653,41.62098527,0.180487805,35636,16.8,0.50563997
13093,Dooly ,Georgia,1.5,13,6,20.6,8.9,16.7,11.3,9.2,12.8,13.7,0.485099767,0.505571392,0.465529842,0.52594397,43.48278126,0.201225741,37278,24.8,0.40094
13095,Dougherty ,Georgia,7.4,23.3,21.5,28.4,21.3,24,21.4,22.6,22.9,21.3,0.68386775,0.300173087,0.696015406,0.296055053,37.56203216,0.153732341,38806,17.5,0.41666999
13097,Douglas ,Georgia,6,29.9,27.6,35.2,31.2,23.3,27.1,32.9,27.7,18.2,0.5369947,0.429820915,0.619549329,0.368337265,36.84494361,0.115419284,60512,12,0.70517999
13099,Early ,Georgia,0.8,14,17.1,9.6,13,16.6,15.6,21.7,14.9,12.6,0.45308255,0.533333333,0.469828418,0.524773472,40.32960867,0.190104421,34984,19.9,0.37959999
13101,Echols ,Georgia,3.6,14,8.5,10,16.1,20,8.8,7.4,11.7,4.8,0.131979695,0.851945854,0.115891742,0.871616933,37.04375,0.13025,38667,28.5,NA
13103,Effingham ,Georgia,7.2,25.2,24.4,33.7,23.5,19,20.1,26.1,18.1,13.5,0.206880382,0.761957541,0.244535952,0.739879633,36.63322078,0.116127995,65793,12,0.78047001
13105,Elbert ,Georgia,3.7,14.1,12.3,23.1,13.8,10.6,10.8,10.7,11,12.4,0.317891574,0.662576687,0.313924327,0.678879075,42.13519874,0.20915272,39681,22.6,0.47905001
13107,Emanuel ,Georgia,2,11.6,6.5,13.8,8.8,18.7,12.4,17.9,10.5,10.7,0.309796438,0.678753181,0.303546995,0.689506368,38.52755174,0.161109146,37574,20.8,0.48594999
13109,Evans ,Georgia,0.7,16.4,14.4,19.4,18.2,13,15.5,20.2,13.1,15.1,0.31275948,0.665375035,0.311749471,0.680009419,38.44674004,0.160246246,37319,25.7,0.48333001
13111,Fannin ,Georgia,4.1,23.2,9.8,19.6,24.1,27.4,21.3,19.1,21.2,23.5,0.162800542,0.815441923,0.173131313,0.81946128,47.78404714,0.295139424,43439,13.3,0.71499997
13113,Fayette ,Georgia,15.5,47.2,46.5,54.9,53.1,34,46.5,50.8,52.1,33,0.382250094,0.575377998,0.459280764,0.527162363,41.36663905,0.181880679,95021,5.2,0.92997998
13115,Floyd ,Georgia,5.1,22.3,18.6,26,22.2,22.6,20.4,23.5,20.4,19.4,0.264649792,0.696775312,0.288321168,0.699265271,39.27259591,0.167369571,44906,19,0.59062999
13117,Forsyth ,Georgia,15.7,56.2,57.6,69.2,56.6,37.1,51.7,63.2,51.7,35.4,0.238869488,0.711161564,0.326383357,0.65830401,37.26753081,0.120116478,105921,7.2,1.04118
13119,Franklin ,Georgia,13.2,16.8,19,19.5,15.1,16.6,13.5,14.2,12.6,11.4,0.146200894,0.829687132,0.147979564,0.842452392,40.84426443,0.190070799,42904,20,0.63177001
13121,Fulton ,Georgia,21.4,57.1,62.2,60,57,46.4,51.4,54.4,51.6,41,0.688588774,0.273030731,0.726460425,0.261579426,37.23972826,0.116873025,70808,7.9,0.77526999
13123,Gilmer ,Georgia,3.4,23.4,16.3,27.8,17.9,30.4,20,21,20.9,21.7,0.153840132,0.820245831,0.17742814,0.812647503,44.81503115,0.248280114,47757,18.1,0.64308
13125,Glascock ,Georgia,3.7,12.9,26.7,22.7,7.6,6.9,9,18.9,7,7.4,0.099280576,0.888489209,0.098978288,0.895913154,41.47495826,0.179632721,42820,22.6,0.68391001
13127,Glynn ,Georgia,6.4,30.6,27.9,23.5,31.7,34.6,29.6,30.7,27.9,34.2,0.343665178,0.627849283,0.378215511,0.610137195,41.63522806,0.202384445,53906,12.1,0.58587998
13129,Gordon ,Georgia,3,16.7,18.5,13.7,17.2,16.6,14.4,14,14.1,13.3,0.167783111,0.80125534,0.182415845,0.807431448,38.72614198,0.14839213,49101,22.3,0.62281001
13131,Grady ,Georgia,3.5,15.8,18.8,25.1,13.6,11.8,14.1,11.2,13.6,13.9,0.327037881,0.657006404,0.338003175,0.656953395,40.11516082,0.182317763,41002,19.7,0.47452
13133,Greene ,Georgia,4.3,33.4,25,23.7,33.3,39.2,25.8,21.8,25.9,33.8,0.361387257,0.620198825,0.363474705,0.628434249,46.41202396,0.290541304,54016,16.8,0.51841003
13135,Gwinnett ,Georgia,12.7,38.9,39.2,39.3,41,32.8,36.1,37.9,38.3,31.1,0.506053343,0.447685415,0.584313724,0.402094886,35.90691392,0.100523723,72008,12.3,0.76938999
13137,Habersham ,Georgia,7.8,22.9,20.5,20.5,21,28.6,18.7,19,21.7,16.7,0.15286585,0.81204211,0.174383321,0.814261943,40.12514321,0.181501719,51829,21.8,0.68133998
13139,Hall ,Georgia,6,25.5,23.4,23.1,25.3,29.4,24,21.8,25.2,27.7,0.228873738,0.731787705,0.27651536,0.708880615,38.0578586,0.148930487,61631,21.6,0.65626001
13141,Hancock ,Georgia,0.8,9.6,6.9,2.6,9.6,15.1,8.8,4.3,9.5,14.6,0.754469274,0.23547486,0.716686675,0.278271309,44.90836128,0.233349305,31716,28.5,NA
13143,Haralson ,Georgia,6.8,17.9,19.6,27.5,15.7,12.2,14,21.6,12.4,13.5,0.129875847,0.84397288,0.125772038,0.8654548,39.44612806,0.16161582,47662,19.3,0.69749999
13145,Harris ,Georgia,4.9,32.4,28.8,31.6,36.1,29.2,29.9,32.4,33.5,28.4,0.247606351,0.723306266,0.272972837,0.716272324,41.94931109,0.187846265,74686,9.2,0.78325999
13147,Hart ,Georgia,7,18.3,14.4,17.7,19.2,19.3,15.1,11.1,15.5,18.8,0.255510527,0.720173965,0.248055316,0.743615935,42.80422622,0.216061918,47171,19.6,0.57889003
13149,Heard ,Georgia,7.2,11.6,8.5,19.8,11.3,9,9.8,9.2,10.6,9.3,0.175941274,0.798010893,0.152847337,0.83769245,40.44932233,0.174593821,46218,20.7,0.66123003
13151,Henry ,Georgia,12,27.5,28.6,32.5,28.5,18.5,28.3,34.1,29.2,18,0.506824211,0.462952838,0.596992064,0.392587704,37.14049605,0.116479889,72970,9.6,0.68510002
13153,Houston ,Georgia,8.5,32,37.7,36.7,30.2,24.2,27.3,30.9,29.2,20.7,0.375389071,0.589723531,0.430776633,0.555096695,37.11464987,0.127112157,60728,9.1,0.65016001
13155,Irwin ,Georgia,1.4,16.8,11.3,18.8,18.2,17.3,14.3,23.1,14,12.6,0.242779292,0.740054496,0.24184261,0.751919386,40.53202809,0.179399872,38156,18.4,0.51484001
13157,Jackson ,Georgia,8.5,26.5,27,32.5,23,26.5,21,26.5,20.8,16.7,0.165171019,0.801176903,0.202867002,0.783036899,38.16108602,0.144216296,68984,16.3,0.80273998
13159,Jasper ,Georgia,5.6,18.3,14.9,17.9,23.2,12.4,10.8,8.6,9.1,13.9,0.255417701,0.721257237,0.230376765,0.761643119,40.51638177,0.174786325,51241,21.4,0.66744
13161,Jeff Davis ,Georgia,5,11.5,15,16.3,9.7,7.5,10,8.3,10.9,12.2,0.176805338,0.80533752,0.178132039,0.813550511,38.14442079,0.157495509,37211,22.3,0.47599
13163,Jefferson ,Georgia,1,10.8,7,6.6,16.8,7.9,11,8.1,12.1,11.9,0.548363949,0.439580941,0.531405391,0.462836952,40.29844459,0.182696047,38274,24.9,0.43592
13165,Jenkins ,Georgia,4.6,9.1,5.7,4.7,12.2,9.7,9.3,17.6,6.2,9.3,0.367473822,0.620091623,0.366425471,0.625470333,40.11315214,0.167914315,31419,20.7,0.49079999
13167,Johnson ,Georgia,2.2,9.5,14.4,6.3,8.9,10.3,10.4,11.3,7.7,13.3,0.308193163,0.683396636,0.29804878,0.69512195,42.16676967,0.187886279,34849,22.8,0.48172
13169,Jones ,Georgia,6.9,17.9,16,18.7,22,12.4,20.1,27.3,18.3,17.4,0.315592383,0.661700263,0.326606975,0.665842576,40.54846939,0.176404808,55737,12.6,0.71539003
13171,Lamar ,Georgia,1,17.5,13.9,18.9,17.5,19.3,17.1,22.9,20.5,11.5,0.298213347,0.681818182,0.289301914,0.700298706,39.35473684,0.169631579,48323,13.3,0.61382002
13173,Lanier ,Georgia,3.3,18.4,15.2,21.5,22.6,11.2,16.4,17.3,21.6,5.7,0.280738419,0.691048415,0.284955257,0.701621924,38.19052224,0.140812379,41564,20.6,0.58043998
13175,Laurens ,Georgia,5.3,17.1,13.5,26.9,15.6,15.3,15.6,17.2,14.9,14.2,0.345724526,0.635483871,0.355185006,0.637643539,39.638299,0.176629688,42114,14.9,0.49801001
13177,Lee ,Georgia,11.5,32.6,32.8,39.4,33.5,23.5,25.6,34.5,25.5,16.4,0.22413915,0.752739871,0.272705517,0.718379801,37.28447117,0.126024728,66090,9.4,0.66077
13179,Liberty ,Georgia,5.7,20.2,21.6,20.2,19.7,18.3,18.3,18.4,19.3,15.9,0.591959363,0.379978938,0.612417598,0.372107158,32.25437826,0.092508578,47685,9.1,0.70756
13181,Lincoln ,Georgia,6.9,16.2,23.5,10,14.6,18.7,13.5,17.5,9.9,15.8,0.310336421,0.672598732,0.30860215,0.683655914,44.39892609,0.238155401,46967,17.6,0.67811
13183,Long ,Georgia,1,13,9.2,20.5,11.7,10,15.5,13.6,20.5,7.6,0.330337624,0.63784309,0.359441301,0.623762376,35.11817033,0.096378566,46428,14.8,0.73553002
13185,Lowndes ,Georgia,7.4,26.1,24.8,29.7,24.9,26.1,25.6,29.1,26.4,21.9,0.398465811,0.572278799,0.433976917,0.554222845,35.12545026,0.123503065,41820,14.9,0.61049002
13187,Lumpkin ,Georgia,4.4,32,26.1,28.5,36,32.4,26.2,21.8,28.9,28.9,0.178672032,0.77416499,0.20127487,0.783143389,39.66628736,0.175572751,55583,16.3,0.88255
13189,McDuffie ,Georgia,2.5,18.4,15.9,16.8,22.1,15.8,13.7,13.2,15.4,11.4,0.399115235,0.586102719,0.398660927,0.590052607,39.52963169,0.175421485,42768,17.8,0.48166999
13191,McIntosh ,Georgia,8.1,17.8,12.3,12.2,19.4,20.3,15.6,10,17,21.1,0.390140606,0.590716585,0.390083632,0.599761051,46.79393305,0.266945607,42513,13.7,0.56230003
13193,Macon ,Georgia,0.6,10.1,2.1,12,11.8,12.7,8.6,5.2,11.6,11.1,0.630977373,0.359225566,0.612827112,0.382453883,40.99121205,0.172715514,32868,27.2,0.41894001
13195,Madison ,Georgia,3.3,19.6,16.6,18.3,20.8,20.9,18,22.9,19.4,14.8,0.20211702,0.766877813,0.228359108,0.758251322,40.23591906,0.169713322,51338,16.7,0.65618998
13197,Marion ,Georgia,5.5,12.2,7.8,18.1,10.8,12.6,13.1,16.7,10.9,12.2,0.380250784,0.602194357,0.361754967,0.627759382,42.70596336,0.200095797,39114,23.1,0.53254998
13199,Meriwether ,Georgia,10.4,13.1,7.9,7.6,14,17.9,11.5,9.8,12.6,9.7,0.412715634,0.566561788,0.394134412,0.599797738,42.00042719,0.203626353,38886,20.9,0.5438
13201,Miller ,Georgia,1.9,19.7,24.6,14.3,25.3,14.8,12.3,12.2,17.5,8.4,0.244889937,0.74331761,0.264197531,0.728747796,42.53077735,0.222300387,42483,17.7,0.4876
13205,Mitchell ,Georgia,3.9,12.3,6.5,14.8,10.7,16.4,11.1,8.5,10.4,13.8,0.443274112,0.543020305,0.445721299,0.550596898,39.60413663,0.162851478,36788,25.3,0.41181999
13207,Monroe ,Georgia,11.2,28.6,24.1,26.9,34.2,23.6,26.3,26.6,31.2,16.3,0.28146922,0.696145661,0.28116983,0.709338123,41.89734738,0.185428779,59362,15,0.64038998
13209,Montgomery ,Georgia,4,19.6,16.2,21.8,22.3,16.9,14.1,16,8.5,19.3,0.236856823,0.746644295,0.246848209,0.746343923,39.90454694,0.171326009,41834,18.3,0.55312002
13211,Morgan ,Georgia,6.2,29.9,35.2,46.1,24.6,24.6,20.8,33.5,17.7,21.8,0.281055409,0.692242744,0.286580678,0.702998206,41.72664828,0.200445552,57978,13.5,0.65363002
13213,Murray ,Georgia,3,11.4,12.9,14.8,10.3,9,9.4,9,9.5,10.2,0.144485471,0.830069032,0.149587368,0.8410553,38.58351494,0.148568423,46810,30.7,0.55356002
13215,Muscogee ,Georgia,11.3,28.4,28.9,30.7,28.6,25.5,26.2,29.4,26,22.8,0.577282999,0.390775293,0.614938604,0.373080217,36.92181706,0.133930779,46628,12.7,0.57656997
13217,Newton ,Georgia,4.2,22.6,20.2,26,23.7,19.4,19.6,24.2,19.8,18.5,0.498851934,0.475435924,0.549309536,0.440070798,37.16857159,0.130188696,56598,14.2,0.63354999
13219,Oconee ,Georgia,10.3,53.5,52.6,64.3,54.7,42,51.1,58.5,52.6,38,0.276986451,0.666286168,0.3243007,0.659369041,38.78475759,0.151634752,99497,5.5,0.98903
13221,Oglethorpe ,Georgia,4.8,22.7,13.6,27.1,23.2,24.6,16.9,16.8,15.4,16.9,0.274348217,0.692987714,0.299594146,0.687861272,41.80051813,0.188521323,51105,20.6,0.64497
13223,Paulding ,Georgia,8.4,26.5,27.4,30.4,27,19.5,24.1,30.6,22.5,17.5,0.277777778,0.688272461,0.347883118,0.638578204,36.46512521,0.106032528,73309,9.9,0.90148997
13225,Peach ,Georgia,4.1,22.9,27.5,20.9,21.6,23.1,19.4,22.8,18.6,24.2,0.474330357,0.50344122,0.471901156,0.518294141,39.0226948,0.15998095,46525,16,0.56546998
13227,Pickens ,Georgia,3.1,24.3,20,20.3,22.9,30.2,23.7,20.5,26.2,28,0.140974498,0.829961533,0.164057023,0.822329984,43.24953096,0.219011882,65062,15.1,0.80698001
13229,Pierce ,Georgia,2.1,17,18.8,20.7,13.6,18.4,11.9,12.6,9.9,14.7,0.123512515,0.861988784,0.121573829,0.87301061,39.41165094,0.170302749,44389,16.3,0.61289001
13231,Pike ,Georgia,3.9,20.2,9.5,28.2,21.5,19.1,15.9,20.8,15.8,9.2,0.142120344,0.834154728,0.140391791,0.851399254,39.8634217,0.159332403,66901,13,0.73501003
13233,Polk ,Georgia,9.3,14.4,10.4,17.5,16.4,11.8,12.2,13.7,13.7,12.2,0.201688357,0.774815336,0.210241967,0.781021898,38.34318342,0.154815164,43679,20.9,0.59742999
13235,Pulaski ,Georgia,8.4,12.9,9.9,13.5,13.3,14.4,12.4,10.9,15,11.2,0.306241331,0.676005548,0.299827545,0.691056911,43.92876502,0.226127021,40582,19.6,0.60264999
13237,Putnam ,Georgia,4.3,25.6,28.2,22.4,27.7,23.6,22.2,19.7,20.4,29.2,0.290682968,0.689713322,0.290847744,0.699367356,44.21236645,0.240542895,51205,14.6,0.56972998
13239,Quitman ,Georgia,0,10.9,18.7,16,6.7,11.6,9.1,5.9,6,10.7,0.441570881,0.550766284,0.449367089,0.546112117,48.2261957,0.311978938,33908,32.4,NA
13241,Rabun ,Georgia,19.8,28,22.6,17.2,27.8,34.3,24.8,15.3,24.3,32.5,0.180680681,0.786661662,0.20735786,0.781145485,46.58341732,0.276456987,44213,15.8,0.70200998
13243,Randolph ,Georgia,0,12.4,15.3,17.7,11,9,11.7,7.6,12.3,15.3,0.55122456,0.438427044,0.543591412,0.452504879,43.61590809,0.238840919,28298,24.2,0.41136
13245,Richmond ,Georgia,6.3,23.6,25.1,26.6,21.8,22.2,21.3,21.7,20.2,18.6,0.64641462,0.3239224,0.679461248,0.307770985,37.47209185,0.140617403,40168,16.6,0.53325999
13247,Rockdale ,Georgia,5.5,28.1,24.2,31.9,29.9,25.1,26.5,29.3,28.4,19.7,0.614090681,0.355911167,0.699189902,0.291187397,38.66790295,0.144148619,59673,11.8,0.66245002
13249,Schley ,Georgia,3.4,18,28,16,16.1,15.1,12.9,12.4,15.2,7.2,0.210057622,0.771084337,0.203076923,0.791208791,40,0.17131398,45378,15.7,0.64025003
13251,Screven ,Georgia,7,15.7,11.9,12.5,18.9,15.9,14.2,15.8,14.8,11.2,0.402449694,0.578302712,0.401478576,0.590826795,41.55617736,0.188118812,39048,16.9,0.57675999
13253,Seminole ,Georgia,0,17,9.5,19.1,15.2,21.3,14.4,11.3,17.7,15.8,0.331382386,0.653567447,0.322863028,0.672245109,43.51262778,0.230667468,36869,14.5,0.49382001
13255,Spalding ,Georgia,7.9,18.3,19.9,15,18.9,18.5,16.4,18.1,16,16.1,0.364028945,0.608699035,0.391287023,0.599581619,39.82889561,0.178562784,43510,18.1,0.54765999
13257,Stephens ,Georgia,5.8,16,9.4,14.6,17,19.1,22.1,26.5,22.9,21.5,0.187162506,0.783087112,0.200673118,0.788220446,40.65171884,0.194046476,45850,16.5,0.60609001
13259,Stewart ,Georgia,10.1,15.8,4.3,28.2,9.3,25.9,11.2,9.6,11,13.8,0.593780369,0.391156463,0.593969849,0.402512563,40.04637845,0.155508953,33053,28.4,NA
13261,Sumter ,Georgia,3.4,22.2,21.2,18.6,24.6,21.8,18.6,17.3,18.3,18.8,0.503007108,0.480772736,0.52,0.471769548,38.49014563,0.167457034,37562,19.3,0.41328999
13263,Talbot ,Georgia,2.5,15.4,23.5,18.3,12.9,14.1,12,14.5,14.5,9.7,0.616759088,0.368453481,0.600227144,0.395229984,46.23565051,0.243781888,37265,19.5,NA
13265,Taliaferro ,Georgia,0,11.5,18.9,6.8,8.9,11.8,7,5.4,7.1,4.6,0.607580825,0.389074693,0.604525862,0.387931034,46.29975124,0.263059701,34090,28.8,NA
13267,Tattnall ,Georgia,2.8,14,7.1,18.2,16.7,11.6,13.2,17.4,15.6,11,0.243517311,0.738229755,0.251863619,0.739704265,39.06472766,0.142924658,41440,24.6,0.51916999
13269,Taylor ,Georgia,5.8,16.3,23.7,18.2,17.7,9.5,11.2,16.5,8.8,9.5,0.38028169,0.605633803,0.361292003,0.629851524,42.68907824,0.202263963,36310,21.8,0.50997001
13271,Telfair ,Georgia,0.4,8,7.8,6.4,6.2,12,8.4,5.6,8,8,0.345890411,0.645416228,0.343180245,0.651973228,42.63605442,0.180964979,34297,29.7,0.45355001
13273,Terrell ,Georgia,1,13,7.5,9.6,17.7,11.9,12.3,4.2,15.3,15.7,0.541179279,0.447362139,0.538043478,0.453804347,41.08901405,0.198350946,35290,23.4,0.34740999
13275,Thomas ,Georgia,10,23.8,29.9,25.9,23,19.6,23.1,25,22.2,20.6,0.379853207,0.597170514,0.398480758,0.592779024,40.35333423,0.182932865,41642,17.4,0.54233003
13277,Tift ,Georgia,1.8,18.7,24.4,19.2,17.4,15.5,16.5,20.4,18.6,13.7,0.305717702,0.674027709,0.326843948,0.66228582,37.65084666,0.148800868,45680,18.2,0.49325001
13279,Toombs ,Georgia,2.2,16.4,7.2,11.8,18.2,23.6,15.8,16.4,19,16.4,0.255854673,0.723900197,0.269287155,0.721275427,38.34650575,0.163610667,37148,19.1,0.50645
13281,Towns ,Georgia,7.7,32,33,21.1,26.6,37.7,26.2,20.4,24.1,30.5,0.178888232,0.795830869,0.194259933,0.800100263,48.76729666,0.345342558,45853,10.8,0.75435001
13283,Treutlen ,Georgia,0,13.7,8.5,21.3,10,17,13.6,20.2,10.1,17.5,0.31890492,0.669256382,0.309392265,0.68280793,40.20744603,0.184314877,35069,25.5,0.53789997
13285,Troup ,Georgia,11.1,20.3,16.8,18.8,21.5,22.6,18.5,18.2,20.2,18.4,0.371988817,0.603194056,0.385304003,0.603780492,38.28197733,0.148413628,45234,17.1,0.52875
13287,Turner ,Georgia,5.1,10.5,9.1,6.4,8.3,16.9,12.5,12,16.5,13.4,0.366686286,0.616539141,0.371835443,0.619462025,40.0195905,0.198685541,33261,17.6,0.42993999
13289,Twiggs ,Georgia,2.2,10.6,7.1,20.5,10.3,9.7,9.4,12.2,10.7,8.5,0.485587583,0.501355014,0.459945995,0.53330333,44.23058134,0.22740596,42054,29.2,0.51507002
13291,Union ,Georgia,5.2,25.5,11.8,26.6,26.9,27.4,22.4,17.8,26.5,24.4,0.162729006,0.816712261,0.180012854,0.813046272,49.27680097,0.330111245,45943,11.1,0.73474997
13293,Upson ,Georgia,3.4,15.4,14,21.4,11.8,17.6,13.7,20.7,12.3,15,0.317815987,0.666910554,0.32553274,0.667028284,40.97873355,0.18474156,40965,20.1,0.52252001
13295,Walker ,Georgia,3.6,19.7,17.2,25.3,20.3,16.8,15.9,19.1,16.1,12.1,0.175947571,0.791033562,0.196531989,0.789466511,41.31731739,0.185506411,43767,18.1,0.66544998
13297,Walton ,Georgia,5.3,24.3,28.9,30.2,22.4,19.3,19.9,22,19.3,18.7,0.203744656,0.764779596,0.248204325,0.740620414,38.91476744,0.1549469,65416,12.7,0.77209002
13299,Ware ,Georgia,7.6,15.1,15.8,20.4,14.8,11.3,13.9,13.3,14.5,11.2,0.282337492,0.698703217,0.29671646,0.695109921,39.38354821,0.172841928,38357,17.1,0.47767001
13301,Warren ,Georgia,3.1,11.1,10,5,12.8,12.3,13.4,25.9,15.2,8.9,0.562982005,0.424592973,0.554130517,0.439834026,43.8673586,0.22681394,38352,26.5,NA
13303,Washington ,Georgia,4.5,17.4,25.6,15.1,14.1,17.9,14,18.8,12.5,12.4,0.496395225,0.490367569,0.50005286,0.492969658,40.62322182,0.173648582,39444,19.8,0.47859001
13305,Wayne ,Georgia,3.2,14.1,13.8,18.7,12.1,13.9,12.9,13.2,13.2,9.6,0.196004994,0.782963603,0.210283299,0.781577713,38.98299114,0.158413849,44607,18.1,0.57977998
13307,Webster ,Georgia,39.8,9.3,0,1.8,21.1,4.5,11.7,10.6,8.5,13.5,0.423835125,0.564516129,0.45971223,0.538129497,44.61796247,0.236307928,38187,22.5,NA
13309,Wheeler ,Georgia,0.1,12.8,2.6,34.3,5.8,13.2,12.8,20.9,10.1,6.4,0.307326356,0.676022835,0.301531728,0.692778994,39.91972332,0.146211448,32691,22,0.48390001
13311,White ,Georgia,5.1,23.1,17.7,19.3,23.1,27.2,21.4,13.2,23.7,24.6,0.141588429,0.825594181,0.162729481,0.824919007,43.4357691,0.229896563,51579,14.9,0.80394
13313,Whitfield ,Georgia,7.1,18.6,19.6,19.1,16,21.6,15.7,15.5,15.7,15.9,0.258888381,0.702492009,0.290371741,0.697654166,37.51220426,0.140493168,47074,30.6,0.55201
13315,Wilcox ,Georgia,2.5,13.6,8.6,11.7,15.2,16.8,11.4,8.3,10.8,18,0.286290323,0.704301075,0.262724779,0.732398659,41.06786201,0.180549251,35961,17.7,0.47446001
13317,Wilkes ,Georgia,3.8,15.6,17.8,8.9,18.6,14.1,12.6,9.6,11.4,18.7,0.411948284,0.573339278,0.429508848,0.561344203,43.60419198,0.231065209,39361,19.5,0.52776003
13319,Wilkinson ,Georgia,8.6,12.1,11.7,12.3,12.8,11.1,10.6,8.9,11.3,10.8,0.441800793,0.544203406,0.435010483,0.558490566,41.74468792,0.193780434,41036,15.5,0.55173999
13321,Worth ,Georgia,4.6,9.5,7.9,10.6,8.9,10.8,10.4,21.5,8.8,10.1,0.243520193,0.741651597,0.257942919,0.735595046,41.27038278,0.190748313,48708,18.7,0.49377999
16001,Ada ,Idaho,12,42.8,43.5,46.7,42.8,38.4,37.8,43.9,36.9,34.3,0.386760294,0.479135683,0.464703592,0.503872562,38.27221544,0.144248733,66827,4.9,0.98964
16003,Adams ,Idaho,19.7,21.3,29.3,16.4,15.8,26.4,19.1,25.9,14.1,23.5,0.19010536,0.712780577,0.228538283,0.750580046,47.96,0.287294118,45311,10.4,0.86124003
16005,Bannock ,Idaho,8.6,29.5,32.7,36.7,24.9,26.6,27.2,32.4,24.7,27.5,0.309492459,0.51412497,0.371198139,0.589866761,36.64021437,0.142303014,51300,8.1,0.8642
16007,Bear Lake ,Idaho,6.8,20.8,27,27.3,19.9,15.3,20.3,17.4,17.4,22.8,0.087090164,0.75239071,0.105580694,0.879034691,40.38842975,0.206280992,53780,6.2,0.98764998
16009,Benewah ,Idaho,0.6,18.6,21.2,20.9,15.2,20.6,15.1,18.1,14.4,14.9,0.183990442,0.741457587,0.196460889,0.779810979,43.16605246,0.22469109,48451,11.7,0.69935
16011,Bingham ,Idaho,5.2,19.9,22.3,19.9,18.8,19.5,20.7,25.5,17.5,19,0.175879699,0.65606015,0.206241248,0.764902981,36.11514837,0.142637771,50941,12.5,0.82173997
16013,Blaine ,Idaho,14.6,44.5,38.7,23.8,45.7,58.5,38.2,27,38.3,47.8,0.598284222,0.311450951,0.671156596,0.303408834,42.04891376,0.196230255,76113,11.6,0.91799998
16015,Boise ,Idaho,3.9,27.1,22.1,36.6,26,25.6,27.2,28.6,28,26,0.203723125,0.700839014,0.249792531,0.723029046,47.25897302,0.251375426,56837,6.3,0.88226002
16017,Bonner ,Idaho,3.9,27.2,24.6,21.9,27.6,30,23.1,24.4,23,24.8,0.277849401,0.637110252,0.304005853,0.67199561,44.90771793,0.245332797,51373,9.2,0.88963002
16019,Bonneville ,Idaho,6.2,31.9,32.2,34.8,30.1,31.4,30.1,34.5,30.4,27.1,0.201940255,0.603762918,0.263987406,0.700157422,35.2490287,0.133012135,60444,8.3,0.90030003
16021,Boundary ,Idaho,1.2,18.2,14.3,23.6,13.1,22.8,19,25.7,18,21.3,0.18070889,0.733875654,0.19325202,0.782037066,42.65148979,0.225225979,47118,8,0.83205003
16023,Butte ,Idaho,0,16.2,7.8,27.3,18.5,14.2,18.2,28.3,16.5,16.6,0.130081301,0.743089431,0.132862191,0.849469965,42.99406358,0.234392953,50050,5,0.89429998
16025,Camas ,Idaho,0,27,38.2,15.3,23.1,38.2,19.5,13.1,19.7,25.5,0.186440678,0.694915254,0.197612732,0.672413793,43.35625555,0.224489796,53866,6.4,NA
16027,Canyon ,Idaho,8.1,21.6,21.6,24.9,19.9,21.3,18.3,20.5,18,19.9,0.231957134,0.648787525,0.286262582,0.683099215,36.0793225,0.1376382,53381,15.4,0.77136999
16029,Caribou ,Idaho,5.9,15.7,9.8,19.7,18.3,12.1,19.9,26.2,19.3,17.2,0.089291598,0.749588138,0.12617096,0.850702576,38.36968839,0.174787535,61219,7.8,0.98451
16031,Cassia ,Idaho,3.5,20.5,26,21.4,19.3,16.7,18.6,23.2,19.3,15.8,0.12668134,0.727439472,0.15204071,0.82116523,35.51206839,0.142096882,51804,17.5,0.70995998
16035,Clearwater ,Idaho,2.3,18.1,11.8,18,21.1,17.1,16.9,12.3,15.3,21,0.185214417,0.750328861,0.19846119,0.781398506,46.91025348,0.272779173,46417,10.5,0.72012001
16037,Custer ,Idaho,21.8,28.8,60.9,35.5,22,28,23,22.3,18.4,24.3,0.176884838,0.736122618,0.220153341,0.762687112,47.52336449,0.290420561,47682,10.6,0.88988
16039,Elmore ,Idaho,3.7,20.9,17.1,24.4,18.4,26.4,16.4,18.3,17.9,15.7,0.212860831,0.682468904,0.254875061,0.710044096,35.83853039,0.134781173,49344,10.6,0.87404001
16041,Franklin ,Idaho,5.4,17.2,17.8,22.1,14,17.2,18.1,16.1,16.4,24.5,0.07001273,0.709401709,0.098589436,0.87710084,35.85130409,0.141556171,58170,8.8,1.01656
16043,Fremont ,Idaho,4,21.4,19.5,21.8,17,28.5,20.9,23,18.4,21,0.113910761,0.715660542,0.148534008,0.825718113,38.89846598,0.168058931,51155,12.3,0.96243
16045,Gem ,Idaho,5,22.5,18.8,21.1,25.2,21.7,14.8,13,15.2,14.2,0.154513452,0.751822982,0.181060454,0.798453505,42.50680504,0.219065442,49857,12.1,0.82819003
16047,Gooding ,Idaho,1.8,15.8,15.5,14.3,14.1,19.3,15.2,9.7,15.6,15.3,0.179156232,0.721055673,0.207603306,0.770082645,38.52592788,0.172874441,51302,20.2,0.68133003
16049,Idaho ,Idaho,1.9,21.5,26.7,34.8,15.7,20.2,20.2,17.4,22.8,17.4,0.145269039,0.782339366,0.162570298,0.815038534,45.97847151,0.278931751,40569,9.4,0.79925001
16051,Jefferson ,Idaho,5.3,26.8,27.2,39.5,19.2,25.1,22.6,31.4,18.5,20.2,0.085054466,0.735163399,0.117194666,0.85366542,33.77093312,0.114983525,61927,10.9,1.0208
16053,Jerome ,Idaho,5,13.1,12.8,14.4,11.4,15.2,14.9,16,15.5,14.6,0.196859724,0.687898089,0.242319508,0.733998976,35.36175307,0.129793879,54020,22.3,0.55858999
16055,Kootenai ,Idaho,3.9,26.7,20.6,29.9,25.5,30.2,24.9,30.2,24.7,26,0.245272206,0.670321219,0.271742654,0.702348352,40.76101359,0.189901241,56188,7.5,0.9138
16057,Latah ,Idaho,8.8,44.3,48.2,48.4,40.4,42.7,45.1,48.5,45.2,36.9,0.445330986,0.399768888,0.49761789,0.460476422,35.74039468,0.134698759,49538,3.7,1.07522
16059,Lemhi ,Idaho,0.5,22.2,18.5,29.7,20.3,21.9,21.1,18.5,22.8,19.2,0.178955078,0.735107422,0.217813423,0.758125791,47.4095591,0.302600176,44248,7.8,0.89494997
16061,Lewis ,Idaho,7.8,18.5,16.9,26,15.3,19.2,17.3,20.8,19.5,14.6,0.169811321,0.755974843,0.186631016,0.796256684,44.71704222,0.263662264,44911,11.5,0.79544002
16063,Lincoln ,Idaho,14.2,11.2,12.3,8.4,12.3,11,10.1,9.6,10.2,11.2,0.205949657,0.677345538,0.213402062,0.757216495,36.74533582,0.14141791,50464,20.6,0.67234999
16065,Madison ,Idaho,2.9,39.1,35.4,45.1,42.8,35.5,36.4,45.4,33,33.4,0.076555329,0.569926058,0.155797101,0.792367929,28.30462548,0.069662121,41827,4.1,1.28088
16067,Minidoka ,Idaho,2.8,15.9,14.5,12.7,17.7,17.2,13.4,15.4,12.7,10.5,0.169844273,0.711250182,0.19391968,0.783810834,37.43445378,0.162641056,53447,21.6,0.66323
16069,Nez Perce ,Idaho,5.2,25.7,22.8,31.4,26.2,23.4,21.9,23.9,21.5,21,0.280681356,0.621998721,0.318882053,0.655220108,41.37472778,0.1994902,54476,7.7,0.76748002
16071,Oneida ,Idaho,17.6,23.8,33,40.4,19,14.9,15.5,22.2,15,15.3,0.088974855,0.74032882,0.101591187,0.876376989,40.29857398,0.203208556,52602,9,1.03951
16073,Owyhee ,Idaho,2.1,13.9,12.8,14.4,10.1,19.5,11.2,8,10.3,14.3,0.150573248,0.777579618,0.172079291,0.80535639,39.46228513,0.178055247,48192,25,0.70852
16075,Payette ,Idaho,8.3,20.2,12.3,35.6,20.7,15.5,14.2,22.8,13.8,12,0.173138787,0.745519301,0.191357478,0.784733906,39.55808671,0.183898773,51835,15,0.71708
16077,Power ,Idaho,4.6,14.7,11.4,15,10,23.5,15.9,15.7,17.2,14,0.253444525,0.604060914,0.281392323,0.688353936,36.29119464,0.154351184,51921,19.1,0.64029002
16079,Shoshone ,Idaho,4.3,11.6,11,12.3,10.2,13.5,11.6,11.8,13.7,7.6,0.2703125,0.643945313,0.279880972,0.696974707,43.61988121,0.22843076,36085,14.4,0.72836
16081,Teton ,Idaho,9,47.1,37.4,49.7,52.5,41.6,41.5,51.5,35.6,38.4,0.433882637,0.435490354,0.522766661,0.450291476,37.83591065,0.125171821,68749,7.1,1.02827
16083,Twin Falls ,Idaho,5,23.6,21.3,27.3,21.5,25.4,20.6,23.1,21.6,18.7,0.208642967,0.663720961,0.257280622,0.709487411,37.18581917,0.153948026,51594,12.2,0.80756998
16085,Valley ,Idaho,34.4,36.4,31.2,50.7,31,36.6,30.1,45.6,25.6,33.4,0.357636941,0.543279118,0.421350701,0.558827694,45.57807264,0.251064215,60285,5.4,0.94411999
16087,Washington ,Idaho,3.3,17.5,12.6,17,16.2,20.7,14.8,10.9,15.3,16.1,0.174186308,0.736924804,0.200785928,0.777320359,43.73167011,0.251353213,43402,14.1,0.75248998
17001,Adams ,Illinois,15.3,26.9,31.4,33.8,27.1,19.9,24.8,30.3,24,17.8,0.240242872,0.71327971,0.25749396,0.72240284,41.62765828,0.202310819,55174,7.4,0.84658998
17003,Alexander ,Illinois,0,10.3,7.5,17.8,6.1,12.8,11.3,13,12.8,6.8,0.443429375,0.525650035,0.425515661,0.567608862,42.91336634,0.219141914,35249,19.1,0.60172999
17005,Bond ,Illinois,5.5,21.1,9.5,22.2,22.7,25.4,21.8,25.3,20.1,22.4,0.274634794,0.649136786,0.280908533,0.690607735,41.96662658,0.18556825,54800,10.3,0.87770998
17007,Boone ,Illinois,9.3,24,25.2,30.7,25.1,16.4,23.2,29.4,22.7,17.5,0.390678666,0.533976784,0.422034509,0.555786861,39.23731265,0.158351531,74507,13.8,0.80488002
17009,Brown ,Illinois,1.3,14,18.5,19.7,6.3,15.1,13.7,12.4,14.2,11.9,0.200084069,0.75493905,0.192780643,0.765965887,39.70637584,0.139261745,55327,15.7,0.86974001
17011,Bureau ,Illinois,9,21.5,25.6,23,21.9,18.2,19.7,19.2,20.2,17.5,0.363828375,0.56007483,0.382528393,0.597166456,43.03162792,0.219167702,56099,8.4,0.87740999
17013,Calhoun ,Illinois,9.1,19.5,33.7,26.5,20.5,9.7,13.6,22.5,16.2,5.8,0.287436795,0.669389343,0.244227994,0.738095238,44.30237401,0.233444398,56099,9.4,0.99957001
17015,Carroll ,Illinois,10.7,18.7,16.7,20.1,19.7,17.8,18.1,17.4,17.2,16.6,0.328676964,0.595567495,0.342472582,0.636216351,45.1240218,0.255100615,51963,8.6,0.87941998
17017,Cass ,Illinois,4,19.2,23.7,22.2,15.4,19.2,14.6,12.6,12.3,12.6,0.316354411,0.62763466,0.303742712,0.681775437,40.28344209,0.178466558,52486,16,0.59776002
17019,Champaign ,Illinois,19.1,45.6,53.9,49,42.6,38.8,44.4,49.7,38.9,35.2,0.547179901,0.364168158,0.599808707,0.370866705,35.84155622,0.128248477,53251,4.9,0.91205001
17021,Christian ,Illinois,15.1,17.2,19.8,22.6,15.3,14.7,16.6,21.8,14.7,14.2,0.258231451,0.681997542,0.267526537,0.713589237,42.50979762,0.199350908,52936,11.2,0.81603003
17023,Clark ,Illinois,11.7,24.4,33.9,30.9,22.5,17.9,17.6,22.9,14.5,14.1,0.236755802,0.70913219,0.238511249,0.745093346,41.7334573,0.198576558,54092,9.1,0.86019999
17025,Clay ,Illinois,6.3,15,18.5,14.1,16.3,11.9,15.2,25,13.4,9.8,0.160629921,0.790708661,0.163955852,0.817455707,41.70546291,0.203199276,45427,10.1,0.80944997
17027,Clinton ,Illinois,12.5,23.6,30.1,28.4,22.2,17.6,22.5,30.5,21.5,13,0.226476836,0.712555256,0.23437663,0.746165884,41.03755413,0.172241558,66597,10.1,1.05951
17029,Coles ,Illinois,12.3,27,31.6,31.4,25,23.6,25.6,23.7,27,21.4,0.334309107,0.59474912,0.356852163,0.620941343,39.5674069,0.169185418,47291,9.5,0.81581002
17031,Cook ,Illinois,19.7,41.3,52.5,47.1,36.9,31.4,38,41.6,34.3,27.9,0.746750115,0.209989739,0.743477669,0.240479159,38.77257483,0.146350357,63347,13.3,0.75869
17033,Crawford ,Illinois,12.7,18.9,16.3,21.1,17.3,21.5,16.6,18.7,16,13.6,0.228230981,0.719179652,0.233633952,0.747267905,41.86300314,0.189131706,52313,13.1,0.88082999
17035,Cumberland ,Illinois,5,17.7,18.4,26.5,13.4,17.7,15.8,26.3,13.2,13.9,0.185198491,0.755523621,0.195816187,0.788923182,42.02535159,0.195873427,60572,10.4,0.86751997
17037,DeKalb ,Illinois,12.2,34.1,40.2,36.4,31,30.9,31.4,34.9,29.2,30.6,0.46940367,0.437866972,0.515274438,0.458024046,36.08775914,0.126479936,63274,7.6,0.96710002
17039,De Witt ,Illinois,12.4,21.5,24.7,29.8,18,19.7,21.3,30.1,18.5,15.6,0.253214901,0.673074374,0.273055833,0.701894317,42.17594648,0.192212569,55300,8.9,0.89556998
17041,Douglas ,Illinois,4.9,19.9,19.8,19.1,22.8,16.7,19,21.4,19.9,15.9,0.238584894,0.697514996,0.267223621,0.71263447,40.07687766,0.180912778,56976,17.7,0.89494997
17043,DuPage ,Illinois,20,51.1,55.8,58,51.2,41.7,48.8,55.7,49.7,37.6,0.533205526,0.388122742,0.579714865,0.399112355,39.68362483,0.155007221,93540,7.4,1.03581
17045,Edgar ,Illinois,19.8,18.8,27.3,17.8,16.2,18.5,16.7,26.2,12.5,16.1,0.227740379,0.717007494,0.230234261,0.755612494,43.39660138,0.217569124,51577,10.8,0.74488002
17047,Edwards ,Illinois,0.7,13.9,16.1,21.6,13.3,9.6,13.9,21.5,9.6,10.4,0.12966836,0.829997012,0.144979204,0.841651812,42.71511264,0.215112641,51280,8.5,0.86596
17049,Effingham ,Illinois,13.4,25.9,37.2,32.6,23.6,16.8,22.5,30.2,21.9,13.8,0.175080925,0.77431995,0.195075857,0.787757888,40.17729771,0.176654584,60773,7.4,0.88552999
17051,Fayette ,Illinois,1.5,14.8,15.8,21,13.4,12.2,11.7,12.5,9.4,13.7,0.189775691,0.769118414,0.181583134,0.80101432,41.3679025,0.18985805,47484,17,0.73540002
17053,Ford ,Illinois,8.6,19.8,17.9,24.8,21.6,14.9,20.2,19.6,21.6,14.6,0.221075672,0.700437774,0.252265209,0.726017546,41.44149578,0.1875,55357,10,0.92458999
17055,Franklin ,Illinois,6.6,17.7,17.8,21.5,17,16.3,15.9,19.7,15.9,13.3,0.252632142,0.700978034,0.255556749,0.731343284,41.9413581,0.204955944,42071,12.3,0.71328998
17057,Fulton ,Illinois,6.6,17.7,12.8,26.6,18.4,14.1,17.6,20.4,16,16.5,0.388238273,0.537570425,0.389914858,0.5916177,42.7151016,0.206262197,51258,11.9,0.80118001
17059,Gallatin ,Illinois,0.9,12.4,20.5,9.5,11.1,12,9.9,10.2,8.1,8,0.2427041,0.717399335,0.232610322,0.755048616,43.58442072,0.232898379,43330,12,0.74414998
17061,Greene ,Illinois,6.6,15.4,16.7,16.4,15.4,14.2,12.4,13.3,13.6,11.2,0.215756491,0.742166517,0.216637225,0.76601895,42.21174486,0.195568844,47314,12.1,0.82710999
17063,Grundy ,Illinois,8,25.7,33.5,31.3,23,18.9,23.6,26.5,21.7,17.7,0.347075784,0.578990403,0.360645911,0.619047619,38.23854273,0.140724319,79348,6.9,1.0577199
17065,Hamilton ,Illinois,4.5,17.2,25.1,18.4,14.8,15.2,18.3,27.1,17.1,8.2,0.192510802,0.76956313,0.190961761,0.795365006,42.88956266,0.218424599,53028,11.5,0.82358003
17067,Hancock ,Illinois,5.4,24.6,39.9,28.7,19.6,21.9,21.3,25.7,21.2,18.2,0.234513759,0.704966561,0.246722797,0.736011936,43.81136516,0.231674512,53553,6.8,0.91314
17069,Hardin ,Illinois,0,12,17.6,14.8,6.6,14.5,11.2,8.9,6.2,12.2,0.195530726,0.769553073,0.207678076,0.782146161,45.92199488,0.257033248,41713,18.9,0.71897
17071,Henderson ,Illinois,8.9,20.7,33.2,32.2,16.9,15.9,15.4,19.7,14.7,12.6,0.328311541,0.612563957,0.325472991,0.656429942,45.98189,0.251304218,53632,9.9,0.85506999
17073,Henry ,Illinois,10,24.7,29.2,34.7,23.3,18.2,22.6,27.8,22.1,16.9,0.359980522,0.567503956,0.382172811,0.596840257,42.0532695,0.203320432,58042,9.8,0.87853003
17075,Iroquois ,Illinois,5.3,17.6,19.2,22.6,16.2,16.1,15.4,19.1,15.3,13,0.19167177,0.746325781,0.207344029,0.775543672,42.97076511,0.215620925,55247,10.8,0.86128998
17077,Jackson ,Illinois,22.1,35.2,38.1,35.3,32.8,35.9,36,41.1,33.3,35.2,0.472600236,0.440467969,0.493794992,0.480943338,37.68600115,0.157038611,41445,7.8,0.81449002
17079,Jasper ,Illinois,18,21.4,31.9,31.9,17.1,16.1,17.5,20.2,13.9,14.7,0.179906542,0.773948598,0.180595409,0.805954089,41.74721673,0.193736344,54552,10.7,0.86857998
17081,Jefferson ,Illinois,3.3,18.1,16.9,20.1,17.9,17.9,17.4,20.7,18,15.5,0.26030943,0.687981646,0.26476672,0.716846702,41.06583818,0.191406663,47425,14,0.71473998
17083,Jersey ,Illinois,10.2,21.8,31.6,28.1,20.6,14.5,20.5,26.4,19.6,14.7,0.243744882,0.704940406,0.248052274,0.729831616,42.29837049,0.194992447,59117,8.3,0.90250999
17085,Jo Daviess ,Illinois,9.5,27.9,26.7,31.1,26.2,28.6,23.8,22.6,20.7,24.9,0.393682725,0.540056467,0.408850832,0.573463508,46.47921932,0.281007208,56832,8.2,1.01666
17087,Johnson ,Illinois,4.5,16.6,8.7,15.2,20.3,17.9,16.5,20.9,17.2,13.2,0.187551322,0.763507965,0.199005748,0.78592512,43.13021837,0.214836224,53884,17.8,0.84772998
17089,Kane ,Illinois,12.7,36.3,37.4,40.6,36.6,31.1,33.1,34.8,35,28.3,0.520108974,0.415093772,0.561360382,0.417356691,37.93719207,0.136665693,79834,15.9,0.81374002
17091,Kankakee ,Illinois,8.4,20.3,22.7,22.5,20.1,17.3,21,22.2,19.7,16.2,0.401035831,0.531212345,0.406216184,0.571760651,39.51283356,0.168599578,53884,12.1,0.81575
17093,Kendall ,Illinois,11.9,35.8,40.3,43.4,34.1,22.9,35.4,44,33.5,21.8,0.465582727,0.467023406,0.518460625,0.460999781,35.43550405,0.102583747,93345,7.9,0.97558999
17095,Knox ,Illinois,5.6,20.4,23.5,25.5,18.6,18.2,18.5,22.4,18,15.8,0.453311154,0.482713663,0.462472454,0.518904204,42.52105284,0.215916347,44553,11.2,0.74163997
17097,Lake ,Illinois,14.4,46.9,41.5,51.1,49.5,42.9,45,48.7,47.8,39.6,0.563702557,0.361646679,0.610550696,0.36984592,38.68061105,0.142416442,87336,9.4,0.79540002
17099,LaSalle ,Illinois,9.3,18.4,21,21.9,17.8,15.4,17.9,21.8,17.6,15.2,0.3928794,0.536537804,0.418764345,0.561904051,41.67728228,0.189317372,54063,11.3,0.88068002
17101,Lawrence ,Illinois,1.5,14.1,10,16.3,12.5,18.2,13.5,14.3,11.4,17.2,0.211683623,0.741877256,0.221338325,0.762127593,41.1026007,0.174310181,43767,15.3,0.77241999
17103,Lee ,Illinois,7.6,18.9,20,21.1,19.2,16.3,17.7,22.6,17.8,14.1,0.356898444,0.556007489,0.390742209,0.587302555,42.54412237,0.196008532,54915,11.2,0.89144999
17105,Livingston ,Illinois,4.4,18.7,23.5,17.7,18.3,16.8,15.7,14.6,15.4,15.6,0.263475015,0.668544109,0.268720158,0.71084197,41.66990576,0.192052795,59323,10.7,0.88341999
17107,Logan ,Illinois,12.5,20.2,22.2,25,19.2,16.8,20.4,24,18,20.8,0.267155875,0.659704863,0.288852114,0.687227321,41.0713051,0.182713915,52959,11.1,0.84324002
17109,McDonough ,Illinois,10.1,31.2,36.1,38.7,27.7,27.9,32.4,43.4,33.6,26.5,0.403910785,0.519019248,0.406349206,0.571998372,39.02779169,0.17639793,42887,6.5,0.87976003
17111,McHenry ,Illinois,15.2,35.3,37.1,40.5,36.9,26.6,33.7,38.5,34.5,25.5,0.428945326,0.505199295,0.47690064,0.501955711,39.59198885,0.145911787,86268,7.2,1.0315599
17113,McLean ,Illinois,10.7,46,48.8,50.7,46.8,37.9,44.8,51.5,43.7,34,0.453385107,0.466424501,0.504965403,0.465529528,36.79588955,0.132270234,67087,4.1,0.96234
17115,Macon ,Illinois,8.1,23.9,29.1,30.6,20.4,21.3,22.5,27.6,21.8,19.1,0.381668747,0.559009571,0.401842478,0.578841871,41.3754393,0.20016808,50684,9.7,0.67282999
17117,Macoupin ,Illinois,11.1,19.3,20.6,28,18.2,15.2,19.4,25.1,19.3,14.2,0.299150268,0.640518784,0.306593956,0.672425277,42.34242932,0.19875091,53409,9,0.8581
17119,Madison ,Illinois,10.5,29.4,31.2,39.5,27,24.4,25.8,32.4,24.6,20.2,0.388595703,0.541485186,0.421732695,0.554408301,40.60334983,0.171991333,60121,7.9,0.80873001
17121,Marion ,Illinois,3.4,16.7,18.9,17.6,17.7,13.7,15,16.4,14.4,13.5,0.255886143,0.694564835,0.259136213,0.726200023,41.3261563,0.196916534,46096,11.2,0.69865
17123,Marshall ,Illinois,3.9,17.4,22,18.8,18.4,13.6,16.8,22.5,15.7,12.2,0.298963904,0.632520053,0.316545627,0.662614462,44.28212242,0.234610716,57422,7.2,0.90486002
17125,Mason ,Illinois,6.2,17.3,25.1,16.3,16.5,15.2,15.4,19.6,13.9,12,0.310514955,0.625655257,0.293378658,0.68785102,43.42554368,0.221968301,48764,11.2,0.82437003
17127,Massac ,Illinois,1.6,14.7,10.9,18.9,14.2,14.9,13.2,27.6,12.9,7.1,0.233128834,0.725123448,0.253192426,0.733450756,42.86434659,0.210014205,43783,13.8,0.80937999
17129,Menard ,Illinois,13.7,25.9,42.8,31.4,20.7,20.7,23.1,34.1,19.7,20.4,0.278894858,0.649424405,0.291859122,0.687644342,42.01904297,0.193522135,74872,6.6,0.91246998
17131,Mercer ,Illinois,1.8,17.9,17.3,26.8,17,14.3,17.8,27.9,18.3,12,0.360234604,0.563870968,0.368829416,0.609243225,43.12367797,0.216652779,58384,8.6,0.92795002
17133,Monroe ,Illinois,9.4,37.9,49,52.5,36.6,22.7,32.5,42.7,31.6,17.2,0.285987393,0.652526609,0.31062039,0.668715718,41.63382845,0.177661279,88481,4,1.13726
17135,Montgomery ,Illinois,7.2,18.2,22.6,22.3,16,16,15.6,15.3,15.6,15.6,0.269995377,0.66497149,0.284475851,0.695272091,42.57254991,0.201531415,53138,13.4,0.80458999
17137,Morgan ,Illinois,7.1,22.4,29.8,24.2,22.7,16.7,19.9,24.3,18.7,15.2,0.317297297,0.613243243,0.331569665,0.649944477,42.18521898,0.200111844,48976,8.3,0.74520999
17139,Moultrie ,Illinois,6.2,20.7,18.9,24.9,22.3,17,19.5,24.1,17.4,15.7,0.235715423,0.709056183,0.246441281,0.736061684,40.18770809,0.189033091,59901,14.7,0.88616002
17141,Ogle ,Illinois,6.1,23.4,25.7,28.1,23.8,18.5,20,21.2,19.9,16.3,0.332740875,0.593229447,0.358861145,0.618453106,41.42052707,0.187479135,61794,10.1,0.92101002
17143,Peoria ,Illinois,16,33.7,41.6,43.3,30.7,25.2,30.4,37.8,27.8,23,0.484822236,0.45390622,0.51895252,0.455527372,39.32689167,0.170611391,56478,9.6,0.70376998
17145,Perry ,Illinois,4.2,10.9,12.8,10.2,11.5,9.5,11.7,11.5,12.4,11.5,0.249873135,0.69572719,0.259822938,0.727444544,41.44705771,0.186313403,49965,15.6,0.78083003
17147,Piatt ,Illinois,15.7,30.8,36.1,34.1,31.8,24.6,27.9,29.6,26.4,20.1,0.293627886,0.62544405,0.338933008,0.636122989,41.83825323,0.193583801,67460,6.4,1.01722
17149,Pike ,Illinois,4.5,18.1,15.2,20.3,17.7,18.8,15.1,19.1,13.2,15.2,0.187649402,0.764143426,0.18669015,0.796578186,42.14416117,0.20953174,47815,11.3,0.82776999
17151,Pope ,Illinois,1.4,15.4,28.4,15.1,13,14.7,13.4,8.6,12.2,15.6,0.175070028,0.783380019,0.19908046,0.791724138,48.82359924,0.279677113,43053,14,0.80373001
17153,Pulaski ,Illinois,7.4,14.5,14.7,8.7,19.1,12.1,12.3,8.3,12.8,13.2,0.351736746,0.612431444,0.339557927,0.647484756,43.10223321,0.224052718,38400,14.3,0.64888
17155,Putnam ,Illinois,7.1,23.5,31.5,20.5,20.7,24.8,14.6,13.9,12.2,14.5,0.368691739,0.567984571,0.394690265,0.587905605,43.92595819,0.226132404,66319,7.7,0.93984997
17157,Randolph ,Illinois,5.1,13.7,12.2,19.2,11,15,12.8,14.9,11.9,13.6,0.242285473,0.706143441,0.241219529,0.743804983,41.99464275,0.186008846,53607,16.6,0.80009001
17159,Richland ,Illinois,3.8,18.9,18.6,24.6,19.4,15,21.3,29.2,22.5,15.3,0.206142634,0.746876627,0.226962669,0.755177973,41.85830743,0.204783353,48152,12.2,0.81281
17161,Rock Island ,Illinois,9.7,24.1,25.3,26.6,23.1,23,23.2,24.8,22.5,20.7,0.504703566,0.421883302,0.549612032,0.428458013,40.93971508,0.192867149,52642,11.1,0.74805999
17163,St. Clair ,Illinois,10.9,30.4,28.5,39,30.4,24.9,27.3,34.3,27.1,21.4,0.503864654,0.446649527,0.533409841,0.446167178,39.49841798,0.158052394,58222,9.2,0.70964003
17165,Saline ,Illinois,4,20.2,24,22.9,18.6,18.6,17.8,20.8,15.4,17.5,0.225931131,0.726985242,0.252033255,0.732242906,41.98172007,0.202668786,40761,13.6,0.69823998
17167,Sangamon ,Illinois,14.5,34.6,36.4,42.9,31.8,31.6,34.2,39.2,32.8,29.3,0.415835646,0.507700284,0.466979151,0.51058691,40.75618896,0.17858898,62242,7.6,0.77772999
17169,Schuyler ,Illinois,2.5,16.9,22.8,25,16,11.6,18.2,24.4,11.3,18.4,0.280825496,0.659352142,0.273425499,0.709933436,44.66302302,0.227884755,52018,10.2,0.83855999
17171,Scott ,Illinois,6.1,22,22.6,33.4,21.8,15.5,15,19.6,14.4,14.1,0.205138037,0.753834356,0.208987943,0.772378517,42.82988226,0.198741372,55198,7.4,0.85881001
17173,Shelby ,Illinois,11.1,18.3,23.7,28.5,15.1,14.5,16.9,16.3,17.8,13.2,0.207811081,0.747411444,0.206993469,0.779201455,43.23662665,0.225242629,56509,7.8,0.88202
17175,Stark ,Illinois,6.4,19,24.7,31.1,16.9,12.8,17.5,26.3,16.8,14,0.273787824,0.648195406,0.282691641,0.695109261,43.20573061,0.222959278,52651,9.1,0.92452002
17177,Stephenson ,Illinois,7.1,20.3,18.7,28.9,20.3,17.1,19.3,21.4,19.5,18.8,0.381851251,0.544806567,0.410694848,0.567897315,43.46440462,0.227292025,47357,7.1,0.77122998
17179,Tazewell ,Illinois,9,27.5,30.6,35.8,26,22,26.4,34.5,24.9,19.9,0.321195652,0.601040373,0.359424781,0.615666454,41.16033644,0.187647361,61508,7.4,0.89353001
17181,Union ,Illinois,3.5,21.7,17.9,24,21,23.3,22.8,24.6,20.6,24.3,0.281363477,0.678224201,0.290231825,0.693337835,42.88982246,0.213585892,49716,12.3,0.73984998
17183,Vermilion ,Illinois,3.1,15.6,13.8,19.7,13.8,16.5,15.1,15.9,14.5,14.2,0.32839385,0.624370298,0.326842705,0.656186677,40.83417962,0.193422389,44638,11.9,0.63591999
17185,Wabash ,Illinois,15.5,18.5,27.8,25.8,15,14.2,17.2,13.3,17.8,16.2,0.210651537,0.740666179,0.224030038,0.757554085,41.90297861,0.206684561,53414,9.5,0.85715997
17187,Warren ,Illinois,9,21.1,24.8,28.5,16.3,21.6,23,22.4,21.5,18.9,0.382605354,0.5475855,0.390694146,0.591225186,40.60914749,0.195338187,53532,12.3,0.74355
17189,Washington ,Illinois,5.9,23.1,30.7,28.2,23.6,15.3,20.6,31.5,14.2,18.3,0.194964319,0.750100983,0.207668945,0.77385472,42.57216863,0.201143265,66937,7.9,0.92009997
17191,Wayne ,Illinois,5.3,15.8,22.2,16.1,16.9,11.1,14.6,14.4,15.3,9.2,0.126861155,0.843360368,0.139877445,0.845628093,42.30222875,0.21534411,50471,11.6,0.79851002
17193,White ,Illinois,7.4,16,12.9,26,14.3,14.3,15.2,22.5,14.9,10,0.192501704,0.768916155,0.20441989,0.780353052,42.9888401,0.216099524,49507,8.7,0.76433003
17195,Whiteside ,Illinois,6.1,19.3,25.8,25.7,18.4,13.7,18.5,21.7,17.1,16,0.431357986,0.493120163,0.447598174,0.530666667,42.34737353,0.208535577,57197,9.7,0.80208999
17197,Will ,Illinois,13.1,36.1,36.1,43.7,36.6,27.6,34,41.3,33.9,23.8,0.504901896,0.441070906,0.532924762,0.449474798,38.03039823,0.130586009,86108,9.1,0.88901001
17199,Williamson ,Illinois,8.1,27.1,27.4,32.7,26.3,24.2,22.6,27.4,22.3,18.9,0.269402235,0.677194525,0.303271625,0.677532464,41.24142508,0.189587807,46187,8.8,0.76560998
17201,Winnebago ,Illinois,9.8,24.1,22.8,27.4,23.5,23.9,22.6,23,22.8,20.7,0.470644387,0.469892546,0.501577806,0.476559992,40.09404888,0.175368997,53795,12.3,0.69253999
17203,Woodford ,Illinois,13.9,35.4,37.4,52.6,36,21.6,31.6,45,31.7,22.6,0.256343133,0.664871124,0.287420679,0.690509518,40.54162442,0.180953124,72247,5.5,1.06163
18001,Adams ,Indiana,11.2,15.4,22.6,20,13.6,9.6,15.3,22.3,15.7,10.7,0.214285714,0.737051184,0.22774298,0.752058554,36.38918509,0.155011786,56693,15.9,0.88123
18003,Allen ,Indiana,12.3,30.5,33.7,35.6,29.8,24.3,28.2,31.1,27.3,22.8,0.376397507,0.570420764,0.432860979,0.544605576,37.71212145,0.145778218,54473,10.7,0.76571
18005,Bartholomew ,Indiana,18.1,34.8,41.5,48.4,31.9,22.5,32.3,38.4,31.1,22.7,0.302893198,0.635272392,0.356947702,0.618462812,39.04344858,0.162978986,63067,9.1,0.82498997
18007,Benton ,Indiana,3,18.7,22,27.8,15.2,15.4,16.9,25.2,15.6,11.9,0.234588107,0.703491544,0.245260088,0.730918814,40.28400555,0.178319658,51649,10.5,0.85102999
18009,Blackford ,Indiana,2.2,14.8,8.3,14.9,20.8,10.2,13.6,14.1,14.3,12.3,0.256871254,0.692291796,0.257148197,0.717809755,42.55951383,0.216261526,45161,10.6,0.73729998
18011,Boone ,Indiana,22.5,49.5,45.6,54.8,55.3,36.5,48.3,55.9,48.6,35.6,0.316396296,0.610789981,0.395742471,0.580244029,37.77440708,0.133643786,85876,6.4,0.98833001
18013,Brown ,Indiana,0,27.5,18.9,27.1,26.5,32.1,27.4,31.5,27.5,26.4,0.316928886,0.631340466,0.338046988,0.643246854,45.68202704,0.240777209,60944,8.8,0.84320003
18015,Carroll ,Indiana,4.5,16.6,19.6,20,16.5,13.3,17.2,15.7,19.8,14.5,0.218905473,0.725789656,0.234228541,0.74628752,41.86329309,0.196204104,57092,10.8,0.89156002
18017,Cass ,Indiana,5.6,15.4,11.8,14.3,18,14.4,13.9,12.1,13.9,12.7,0.264550637,0.682736294,0.283195157,0.694301882,40.58233434,0.177921223,48598,15.8,0.64837998
18019,Clark ,Indiana,6.3,24.6,27.4,28.4,24.2,19.6,20.9,24.9,18.8,17.2,0.367724402,0.587228967,0.39905649,0.581796817,39.65345944,0.157839127,56774,10.8,0.82122999
18021,Clay ,Indiana,4.6,16.9,14.7,21.2,17,15.4,16.8,18.6,18.3,13.4,0.204396384,0.756160255,0.208037825,0.774353958,40.73519297,0.178639664,52699,8.4,0.7888
18023,Clinton ,Indiana,5.4,16.3,19,15.9,15.8,15.4,16.6,16.4,15.4,16.3,0.236176273,0.714728552,0.259556723,0.720827863,38.98356589,0.166790698,51730,13.8,0.70153999
18025,Crawford ,Indiana,4.2,12.2,17.7,9,8.3,17.2,11.4,8.4,10.6,13.6,0.288047028,0.656433703,0.274069579,0.704490291,42.28783861,0.195207426,44152,17.8,0.77706999
18027,Daviess ,Indiana,5.4,15.1,17.2,18.8,11.5,15.8,13.8,18.4,13.4,10.7,0.167161961,0.793554978,0.181445541,0.801070771,36.96616587,0.153256705,55434,26.8,0.73146999
18029,Dearborn ,Indiana,11.1,24.7,34.2,36.2,22.2,15.3,21.6,27,21.9,16,0.2035686,0.755117355,0.214553047,0.769333806,41.14226921,0.177110232,66502,9.4,0.94990999
18031,Decatur ,Indiana,16.3,20.5,22.7,35.3,18.2,11.9,19.6,29.2,18,10.2,0.190617417,0.763008897,0.198502482,0.779278913,39.63405986,0.167388221,57441,9.1,0.86707002
18033,DeKalb ,Indiana,5.6,19,21.9,25.3,16.9,15.4,17.7,21.1,16,15.3,0.233226837,0.713170039,0.25300591,0.725341349,39.40036089,0.162379124,58987,9.8,0.85146999
18035,Delaware ,Indiana,8.4,25.5,30.6,28.9,22.7,23.6,24.3,28.1,23.7,20,0.402300379,0.537708042,0.424851113,0.556680708,39.06205346,0.17140069,43096,10.7,0.75151998
18037,Dubois ,Indiana,6.8,23.9,24,35.8,22.2,18.5,22.2,25.4,20.5,14.9,0.269665733,0.668785028,0.289021589,0.690537437,40.32121461,0.174556561,62126,10,0.88872999
18039,Elkhart ,Indiana,8.5,20,16.4,22.3,19.8,21.7,19.2,19.8,19.5,19.5,0.316014018,0.63792473,0.350975305,0.631454421,37.26184569,0.147314653,59251,18.8,0.68068999
18041,Fayette ,Indiana,5.9,15.4,16.3,17.6,15.5,13.6,11.6,14.8,11.4,9.7,0.236306401,0.717628541,0.2206985,0.765094712,42.17653057,0.203931097,47737,17.4,0.69010001
18043,Floyd ,Indiana,10.7,31.3,31.6,38.2,31.1,26.2,29.5,33.3,29.5,24.9,0.37261189,0.572665331,0.418903402,0.559781829,39.91929263,0.161337602,64992,9.7,0.89868999
18045,Fountain ,Indiana,8.1,13.5,18.7,24.1,11.3,7.5,15,18.1,16.5,10.4,0.197010144,0.755739455,0.203981968,0.770598547,42.02113021,0.200721668,53493,11.3,0.84794003
18047,Franklin ,Indiana,12.4,20.7,22.3,21.8,23.3,15.2,19.8,24.3,19.6,15,0.178788704,0.787160628,0.178083333,0.807583333,41.17214989,0.184157284,62251,11.8,0.89889997
18049,Fulton ,Indiana,0.3,17.8,12.4,22.7,18.3,17.5,14.4,17.1,12.3,13.9,0.234057798,0.717697636,0.249262053,0.731824642,41.08326697,0.195102528,52798,12.6,0.78792
18051,Gibson ,Indiana,4.9,18,19.5,27.7,15.1,14.6,17.4,22.1,16.1,14.4,0.240312581,0.715641953,0.248932616,0.731204752,40.36888676,0.175654669,56960,9.1,0.86931002
18053,Grant ,Indiana,5.9,18.4,20.9,21.7,19.3,14.1,17.1,18.8,18.5,14.4,0.276943742,0.67193426,0.295113959,0.682757097,40.89768867,0.192216695,45138,13,0.63485998
18055,Greene ,Indiana,4,16.1,21.5,20.3,15.5,11.5,14.8,20.2,14.3,10.7,0.212230998,0.744656184,0.229234307,0.75101461,42.07070549,0.195213397,46835,12.3,0.80587
18057,Hamilton ,Indiana,23.8,60.8,63.7,67.9,62.1,47.3,57.8,66.1,58,40.8,0.371220568,0.566616534,0.455620905,0.523647029,37.14860673,0.123791981,101740,3.6,1.1047699
18059,Hancock ,Indiana,14.7,32.8,38.9,47,28.7,23.8,30.3,37.3,30.7,20,0.246096017,0.693015671,0.300505698,0.675724173,39.95648387,0.162473314,73831,6.2,0.97965997
18061,Harrison ,Indiana,8.4,20.6,18.7,28.9,20.6,16,17.4,21.7,18,13.6,0.257732514,0.697435068,0.264034394,0.719756869,41.01115242,0.177001239,60379,11,0.90402001
18063,Hendricks ,Indiana,12.3,39.2,42.2,49.6,38,28.4,36.3,46.7,34.4,23.5,0.299104011,0.639725248,0.368385967,0.607897859,38.23415205,0.138561395,80834,6.6,0.92931998
18065,Henry ,Indiana,8,17.1,17.8,20,16.6,15.3,16.6,21.3,16,15.9,0.25422972,0.689407095,0.263623395,0.71531146,41.84246235,0.189223343,50183,10.4,0.76604998
18067,Howard ,Indiana,11.6,19.8,22.3,18.9,19.6,19.1,21.2,24.2,21.3,17.8,0.30439975,0.642591537,0.327418164,0.650972188,41.20589806,0.194934803,55365,11.1,0.77929997
18069,Huntington ,Indiana,11.3,21.9,25.6,32.5,17.1,19.5,19,18.7,18.5,14.8,0.21853768,0.726111076,0.238656122,0.737394133,40.63189845,0.171909492,53809,9,0.80271
18071,Jackson ,Indiana,6.8,18.6,21.7,26.4,16.9,12.7,15.5,20.8,14,13.8,0.21868776,0.731747567,0.223619919,0.756575528,39.41981592,0.163632654,55518,13.4,0.67777997
18073,Jasper ,Indiana,8.1,19,21.9,21.8,18.3,16.4,14.9,17.3,14.5,12.1,0.248841381,0.701300643,0.24542811,0.735573506,40.16946359,0.175966437,66720,11.8,0.88543999
18075,Jay ,Indiana,6.5,12.9,10.6,16.6,13.7,11.1,10.6,11,9.7,10,0.236538943,0.713373403,0.227632668,0.751802387,39.68358698,0.178722789,48392,15.2,0.70731997
18077,Jefferson ,Indiana,8.9,18,19.7,12.5,19.2,18.8,17.9,17.1,20,15.4,0.319403426,0.630980508,0.321902429,0.657481119,41.04942871,0.179955291,51031,9.9,0.80694997
18079,Jennings ,Indiana,5.5,14.1,13.9,12.3,14.6,14.9,11.1,13.3,11.4,8.9,0.212017937,0.737578475,0.205942372,0.774630642,40.06962805,0.164391004,51560,14.6,0.74383998
18081,Johnson ,Indiana,14,32.4,33.8,40.4,34.2,21.2,31.8,36.9,32.1,22.1,0.260421053,0.683548872,0.318688964,0.659885594,38.2037286,0.145744919,69880,8,0.90367001
18083,Knox ,Indiana,3,18.1,21.1,22.7,16.8,15,16.4,18.7,14,16.5,0.243103893,0.713908224,0.254012866,0.727937043,39.91469034,0.178398157,48606,11.7,0.77276999
18085,Kosciusko ,Indiana,7.9,24.1,30.5,23.5,22.2,22.7,22.7,25.5,20.8,20.6,0.196764743,0.746010473,0.233716154,0.740464414,39.3930858,0.167296834,57367,14.5,0.82953
18087,LaGrange ,Indiana,3,11.2,10,13.1,12.9,8.2,10.4,10.8,11.3,9.7,0.217436755,0.734371733,0.221480297,0.762719834,35.02657005,0.136359013,67498,36.3,0.80260998
18089,Lake ,Indiana,8.7,24.5,26.7,28.3,24.6,19.7,22.1,24.5,22.1,16.9,0.58117343,0.375860441,0.56770445,0.417174344,39.78994593,0.16536371,55280,11.9,0.73655999
18091,LaPorte ,Indiana,9.7,21.1,19.5,21.4,21.2,21.7,17.9,17.1,18.8,18.8,0.43797978,0.501891467,0.454061386,0.526340298,40.7746098,0.17900679,52095,11.7,0.7274
18093,Lawrence ,Indiana,7.1,19,20.5,18.5,20,17,15.5,18.1,15,13.6,0.219820384,0.732821637,0.235957194,0.742021403,42.05012262,0.200183936,53187,11.5,0.76993001
18095,Madison ,Indiana,6.7,19.4,18.8,22.4,18.8,18.9,18,21.4,16.8,17.1,0.344933128,0.600567623,0.376962138,0.602687622,40.86540909,0.182920527,49522,11.9,0.70077997
18097,Marion ,Indiana,15.6,33.2,39.1,34.4,30.8,28.7,30.4,31.4,28.4,24.3,0.58751504,0.359740819,0.635934079,0.344374889,36.78598364,0.126072884,48409,14.3,0.64282
18099,Marshall ,Indiana,6.9,20,16.5,23.4,21.4,18,20.5,24.5,17.9,20.6,0.265346754,0.679570844,0.286646259,0.694735786,39.9940538,0.17862394,55766,15.2,0.79961002
18101,Martin ,Indiana,5.5,14.1,23.4,9.1,13.1,13.3,13.4,17.3,11.8,7.3,0.18319817,0.768766895,0.196539658,0.783242613,41.89218949,0.198492708,55444,14.5,0.90463001
18103,Miami ,Indiana,5.4,15.5,13.4,16.6,17.6,13.1,12.7,12.3,11.8,13.6,0.205162439,0.739875389,0.223519657,0.754853866,40.8629488,0.176821211,47624,14.5,0.72579002
18105,Monroe ,Indiana,15.3,48.2,53.6,57.3,43.2,42.7,45.6,49.3,41.2,38.9,0.585349163,0.352277004,0.631201406,0.349495653,36.27481843,0.131019555,48883,7.8,1.02991
18107,Montgomery ,Indiana,4.3,20.8,25,18.7,23.8,15,18.1,20.1,17.1,15.2,0.221826339,0.729678015,0.244970345,0.736073962,40.46262974,0.179262505,53700,10.5,0.82707
18109,Morgan ,Indiana,12.9,20.3,21.3,24.5,19.3,18.4,16.9,21.3,16.8,14.2,0.193094629,0.756841432,0.215188473,0.760861749,40.77642763,0.169347938,66151,12.3,0.88023001
18111,Newton ,Indiana,2.5,13.4,26.6,12,11.1,10,11.2,11,8.8,11.5,0.242277826,0.703537532,0.228948566,0.749810347,42.2908786,0.194704161,53060,14.5,0.8114
18113,Noble ,Indiana,5.3,17.7,17.8,19,17.5,17.1,14.3,14.2,13.4,11.6,0.231142688,0.722202487,0.24283481,0.739708181,39.25744761,0.160418245,61341,15.9,0.74302
18115,Ohio ,Indiana,6,15.7,15.3,31,13.9,10.6,13.7,18,10.6,16,0.234851078,0.725094146,0.217235772,0.66796748,44.47553046,0.220910335,58022,12.3,0.89984
18117,Orange ,Indiana,8.1,13.9,15.5,19,12.1,12.7,12.3,13.6,9.3,17,0.25,0.708374023,0.251811594,0.72826087,41.5392016,0.195392273,44968,16.7,0.78084999
18119,Owen ,Indiana,6,15.3,21.1,24.7,11.2,12.9,12.6,15,12.2,12.6,0.227416151,0.719060418,0.244345719,0.735662359,42.39062125,0.19280403,49731,14.8,0.78828001
18121,Parke ,Indiana,4.9,15.1,13.5,12.4,16.3,15.8,12.2,13.5,13.3,12.6,0.218930416,0.738833181,0.21431627,0.769998574,41.43926862,0.193832339,49639,13.1,0.82599002
18123,Perry ,Indiana,5.8,16.2,17.5,24.5,13.7,12.9,14.9,17.7,13.5,13.4,0.380136561,0.565611421,0.367232286,0.612818161,41.45822427,0.187938436,52332,10.6,0.88709998
18125,Pike ,Indiana,13.9,14.1,15.6,15.4,13,14.2,13.7,18.5,12,12.5,0.216998494,0.735820646,0.227491961,0.754340836,42.28082192,0.200402901,54265,12.8,0.84871
18127,Porter ,Indiana,10.7,29.9,30.3,38,28.1,26.1,28.2,34.8,26.2,22.9,0.436274129,0.503070346,0.459443526,0.520269567,40.12662594,0.163938583,69298,6.9,0.91794997
18129,Posey ,Indiana,11.4,25.5,29,42.6,23.6,15.7,20.7,25.6,20.7,15.8,0.282425604,0.674099623,0.287926866,0.69552735,41.71985121,0.187901331,68162,6.7,0.88253999
18131,Pulaski ,Indiana,4.2,14.1,24.2,10.2,12.5,12.5,12.5,21,9.9,8.3,0.243084814,0.705990108,0.25198071,0.731312435,41.84918598,0.195925896,49730,11.8,0.83494002
18133,Putnam ,Indiana,5.1,19.4,16.2,28.2,18.1,17.9,16.1,20.5,14.6,18.3,0.228066599,0.722867822,0.237753811,0.739772248,39.76435321,0.165779931,54718,10.8,0.91301
18135,Randolph ,Indiana,2.9,15.1,15.6,21.2,13.5,13.7,14.3,16.4,13.2,12.9,0.233887933,0.718779881,0.227009937,0.750858175,41.82155648,0.203009939,46441,13.2,0.72804999
18137,Ripley ,Indiana,5.4,19,18.4,24.6,19.2,15.5,18.1,23.7,17.3,11.6,0.192896175,0.765495706,0.194380212,0.789082755,40.44551765,0.17827718,57436,10.6,0.96222001
18139,Rush ,Indiana,3,15.7,13.9,21,15.8,13.3,13,12.9,13.1,12,0.211394511,0.733573607,0.221129602,0.760842158,41.19951389,0.183400348,53271,15.4,0.85039997
18141,St. Joseph ,Indiana,12,32,34.8,36.6,30.5,28.3,29.2,31.5,28.5,23.6,0.474759222,0.472660367,0.519759107,0.461340877,38.53607846,0.158004365,54674,11.6,0.73885
18143,Scott ,Indiana,5.4,11.5,11.9,11.1,12.5,10,11.9,10.9,11.9,13.3,0.290297769,0.667399187,0.265663421,0.721058326,40.3191222,0.166471229,44913,16.1,0.73525
18145,Shelby ,Indiana,10,19.6,24.5,28,17.7,13.5,19.4,20,18.8,15.2,0.236023119,0.706791153,0.251263068,0.728727928,40.69837194,0.171417039,57193,12,0.80817997
18147,Spencer ,Indiana,7.9,19.9,22.8,30.1,18.3,14.8,14.9,19.8,14.8,10.7,0.286702074,0.658583024,0.298356393,0.683164639,42.12512914,0.1934373,56862,9.9,0.92299002
18149,Starke ,Indiana,3.7,13.1,17.6,22.1,9.6,9.8,10.8,12.3,9.7,9.8,0.269781054,0.690114893,0.257531584,0.725558795,41.13440157,0.186003924,49972,15.9,0.79974997
18151,Steuben ,Indiana,9,24.4,28.1,30.2,21,24.3,20.6,26,17.1,21.1,0.257036935,0.695661129,0.279235243,0.70084148,41.98736483,0.201902504,58295,9.9,0.80950999
18153,Sullivan ,Indiana,10.1,13.8,10.2,15.4,14.1,15.1,10.8,13.9,11.6,9.5,0.246874635,0.717139853,0.23938181,0.743940405,41.40285162,0.179700338,47554,11.3,0.82416999
18155,Switzerland ,Indiana,6.4,10.8,11.8,11,11.8,8.7,9.9,14.1,8.6,9.1,0.251419303,0.691538254,0.232065479,0.754212807,40.0851451,0.173089484,47713,16.9,0.89344001
18157,Tippecanoe ,Indiana,12.7,39.1,49.5,41.2,35.9,29.7,37.7,38.9,35.1,32,0.436407262,0.492169879,0.490104692,0.484002351,34.57028822,0.116401102,52269,8.3,0.88608998
18159,Tipton ,Indiana,11.5,24.8,26.9,34.6,24,19.9,23,26.5,22.5,17.9,0.211318242,0.744207723,0.225973386,0.752833908,42.87149656,0.208619778,60896,11.6,0.93202001
18161,Union ,Indiana,5.5,19.9,27.6,26.4,18.3,14.5,16.9,12.4,17.9,18,0.217259192,0.742935278,0.211312087,0.771748493,42.28541992,0.193690493,50300,11.4,0.90530998
18163,Vanderburgh ,Indiana,9.1,27.1,28.7,35.9,25.3,22.2,26.3,33.3,24.3,21.1,0.39347925,0.558511592,0.443138214,0.538796323,39.93286328,0.168935869,50500,10.3,0.79108
18165,Vermillion ,Indiana,5.6,17.9,25.6,19.3,13.5,18.5,13.4,17.7,12.7,9.9,0.299899121,0.650381899,0.286726373,0.692955487,41.90823051,0.200400543,49287,9.7,0.81395
18167,Vigo ,Indiana,7.9,25.6,24.5,28.3,23.4,27.6,24.5,25.5,22.8,24.7,0.400095434,0.550931739,0.415722347,0.563036198,38.84915166,0.163121822,48335,11.9,0.75757998
18169,Wabash ,Indiana,1.9,21.7,20.6,23.6,24,18.4,18.4,20.7,14.5,22.3,0.224086724,0.729209979,0.239709111,0.738336992,42.25,0.208631714,51487,11.7,0.77568001
18171,Warren ,Indiana,3.2,19.2,29.9,23.9,13.7,18.3,18.9,17.8,18.9,20.2,0.213486005,0.73740458,0.217799642,0.760509839,42.28760741,0.202226794,60596,8.5,0.84447998
18173,Warrick ,Indiana,9.9,34.5,41.6,44.6,33.6,24.1,29.6,37.9,27.7,21.4,0.307073575,0.645949508,0.352449082,0.630405865,40.44883884,0.174964438,75534,7,0.96556002
18175,Washington ,Indiana,3.5,14.1,15.3,18.6,13.6,11.1,13.2,17.7,11.9,10.2,0.231593745,0.721226498,0.229343439,0.750803196,40.5317074,0.1705615,44534,15.4,0.81598002
18177,Wayne ,Indiana,6.3,19,19.4,20,19.1,18.1,18.2,20.2,18.8,15.6,0.32534501,0.626607764,0.344087575,0.634668883,41.21746845,0.191564547,45130,13.2,0.68084002
18179,Wells ,Indiana,5.1,19.1,26.9,21.5,19.3,12.5,18.1,19.8,19.1,13.5,0.196131968,0.758816837,0.208398577,0.772597865,40.34017585,0.183081614,60010,8.9,0.83754998
18181,White ,Indiana,2.6,18.3,18,26,17.2,15.9,16.8,21.5,16.1,14.6,0.257634537,0.68566597,0.271538599,0.712609708,41.5394895,0.201135375,58380,11.4,0.79141998
18183,Whitley ,Indiana,6.6,22.8,27.3,24.8,23.4,17.5,20.9,27.3,20.8,15.1,0.216283684,0.727005057,0.24117111,0.732627022,40.8261431,0.179726478,67758,7.3,0.93697
19001,Adair ,Iowa,5.2,19,33.7,18.6,15.4,16.1,15.4,12.5,16,12.6,0.297297297,0.645762267,0.286808714,0.699545128,43.60859408,0.226957384,54282,5.8,1.04217
19003,Adams ,Iowa,0.8,21.4,30.4,30.3,21.4,13.4,17.7,14.1,15.9,17.1,0.268281102,0.662393162,0.273148148,0.710648148,43.90329218,0.230727023,51577,5.9,0.99168003
19005,Allamakee ,Iowa,7.1,18.4,18.3,23.9,18.6,15.8,18.5,26.7,18,14.7,0.349703886,0.59121768,0.34707626,0.639180814,42.60013013,0.227226721,53359,12.3,0.95157999
19007,Appanoose ,Iowa,5.6,18.8,16.2,15.9,17.5,22.7,17.1,19,18.3,11.1,0.295632334,0.657268579,0.290208717,0.693984039,43.1886709,0.226983999,44298,9.1,0.83076
19009,Audubon ,Iowa,12.9,21.7,28.3,27.6,18.5,20.3,14.6,13.8,15.7,13.6,0.316529894,0.626025791,0.313157895,0.672222222,44.95277879,0.247366509,51210,10.2,1.0862499
19011,Benton ,Iowa,3.6,23.3,31.5,27.8,20.9,19.5,22.6,30.8,22.7,13.8,0.337908119,0.594625831,0.352410873,0.628875837,41.49422822,0.185905936,62799,6.1,1.12208
19013,Black Hawk ,Iowa,8.8,30,33.6,37.6,25.7,27.4,28.6,34,26.3,23.3,0.500473566,0.426612841,0.535296502,0.447689697,38.37253036,0.164030874,52320,8.7,0.84346002
19015,Boone ,Iowa,7.7,26.4,27.2,33.5,27.1,20.2,24.8,25.2,23.8,21.5,0.390321217,0.527190758,0.410886571,0.569035203,41.70993699,0.184240492,63099,5.7,1.105
19017,Bremer ,Iowa,7.1,34,41.3,48.1,33.4,21.6,30.3,41.4,26.6,20.5,0.395627124,0.532427242,0.409597141,0.572253541,40.51799816,0.195855213,74646,3.8,1.1985101
19019,Buchanan ,Iowa,7.8,21.1,30,24.7,20.9,13.6,20.6,27.9,17.5,15.7,0.387241514,0.537456106,0.386950065,0.596807128,39.76708807,0.17859333,59724,5.9,1.12161
19021,Buena Vista ,Iowa,6.4,21.6,24.6,17.7,18.9,26.2,19.6,20.7,16.9,21.3,0.345010872,0.592292824,0.36255663,0.621280764,38.12443393,0.160913757,52683,22.2,0.61985999
19023,Butler ,Iowa,6.5,19.4,27.3,26,17.4,14.6,17.5,27.1,16.2,11.2,0.287102356,0.654998003,0.299333168,0.686095332,42.90511727,0.223330353,57971,7.3,1.15878
19025,Calhoun ,Iowa,5.7,21.4,17.2,23.1,24.5,19.4,19.5,25.6,18.7,18.2,0.270982749,0.672223299,0.279573982,0.703309243,43.23976699,0.229405093,54865,6,1.0970401
19027,Carroll ,Iowa,5.6,22.1,35.4,28,19.1,16.2,22.2,29,22,14,0.313827769,0.629552352,0.304719894,0.685134539,41.37962687,0.203185472,60531,6.5,1.1022201
19029,Cass ,Iowa,2.5,20.9,25.8,27,18.8,18,19.6,24.3,18.6,16.1,0.273824561,0.668210526,0.302501375,0.684304563,43.39945862,0.231786543,50356,11.8,0.91459
19031,Cedar ,Iowa,14.9,20.9,20.3,34.1,19.4,14.9,23,26.3,26.1,14.6,0.377214128,0.554973273,0.405213492,0.57778193,42.32095882,0.197025823,67597,5.1,1.12602
19033,Cerro Gordo ,Iowa,3.9,24,26.9,25.1,24.2,21.6,22.7,21.6,20.9,21.7,0.429436098,0.506030917,0.459686567,0.525146002,43.0627594,0.21774099,51939,6.9,0.93401003
19035,Cherokee ,Iowa,7.6,21.7,31.8,12.9,20.1,23.3,21.4,22.1,18.9,23.1,0.26829658,0.669862576,0.297023627,0.69193004,44.12353149,0.240349792,56312,7.4,1.06761
19037,Chickasaw ,Iowa,5.7,18.6,27.4,26.9,16.5,13.2,16.9,25.3,14.1,11.6,0.352136752,0.581507382,0.336751621,0.651787061,42.17569375,0.207706453,64190,7.7,1.0524
19039,Clarke ,Iowa,9,15.2,14.1,13.8,19.7,11,16.9,22.8,17.5,13.4,0.328917827,0.609115402,0.313918629,0.675160599,40.02148997,0.184972939,52541,10.9,0.78982002
19041,Clay ,Iowa,9,26,27.5,35.8,27.6,18.3,22.6,32.1,19.1,17.7,0.260995706,0.682023906,0.296800089,0.686587133,42.10704103,0.207264163,56338,6.5,0.96508002
19043,Clayton ,Iowa,3.6,17.2,22.4,20.7,15.1,15.8,17.2,23.2,15.6,15.1,0.354584292,0.58242962,0.348134251,0.637794455,44.25723399,0.237696514,53968,8.8,1.11678
19045,Clinton ,Iowa,4.1,21.6,26.2,26.5,20.1,18.3,19.1,24.3,18.3,14.9,0.437638184,0.488836867,0.4379633,0.543200875,41.69246313,0.196913023,51317,8.9,0.85602999
19047,Crawford ,Iowa,4.2,16.1,19.6,12.6,15.8,16.6,12.8,10,12.5,13.5,0.287094448,0.665753425,0.310315907,0.679619793,39.30702879,0.175195244,54828,22.2,0.70107001
19049,Dallas ,Iowa,25,51.5,61.7,62.1,46.6,34.6,49.4,59.7,44.6,30.3,0.410462198,0.505568336,0.479793653,0.50269537,35.96457086,0.119904635,87267,4.7,1.05221
19051,Davis ,Iowa,0.3,19,26,22.3,15.4,17.3,20.5,20.2,20.1,15.8,0.251674395,0.701442555,0.246952706,0.739882984,38.32011756,0.17888433,54830,16.8,0.95643997
19053,Decatur ,Iowa,6,24.9,35.1,31.5,23.8,18.1,23.5,27.7,21.1,21.4,0.321638993,0.614890198,0.294426919,0.688222924,39.66413181,0.200760456,41101,11.3,0.97814
19055,Delaware ,Iowa,6,18.5,23.2,23.1,18.9,13.4,16.6,22.4,15.6,11.5,0.319987014,0.616167081,0.315605318,0.668599421,41.71963794,0.192864257,61342,8.7,1.10604
19057,Des Moines ,Iowa,5.5,23.3,30.4,29.7,19,21.1,20.5,23.5,19.7,18.4,0.429880124,0.498822175,0.445630387,0.533273201,41.97301855,0.208237519,51805,8.4,0.82726002
19059,Dickinson ,Iowa,4.9,32.7,39.7,36,31.1,30.4,31.3,38.6,29.2,28.1,0.295151632,0.652211706,0.325595873,0.662753469,45.51871393,0.261470297,55603,4.2,1.1104701
19061,Dubuque ,Iowa,15.9,32,41.9,38.5,28.3,26.3,30.5,41.4,26.2,24.1,0.459564369,0.471832827,0.475781627,0.507324853,40.06654346,0.17974477,60367,7.6,1.01527
19063,Emmet ,Iowa,7.8,15.2,21.7,20.6,11.1,14.4,20.2,22.6,18.2,14.2,0.285503892,0.657269093,0.313208324,0.673397899,42.78423214,0.213876581,51497,9.5,0.91679001
19065,Fayette ,Iowa,9.7,17.2,21.2,23.6,14.3,15.6,19.8,24.6,19.3,14.7,0.369824561,0.563408521,0.376497153,0.606126056,42.68387589,0.215005086,50893,7.9,0.99362999
19067,Floyd ,Iowa,6.5,18.2,16.9,24.3,22.1,11.4,19.9,18.5,25.6,12.5,0.394416873,0.54280397,0.394920319,0.591010957,42.22400228,0.218069919,53811,10.7,0.96565998
19069,Franklin ,Iowa,0.8,18.5,26.1,22.6,15.5,16.6,17.7,16.8,17.9,14.5,0.300523349,0.636674718,0.316959064,0.66920078,42.35480047,0.209897274,59367,9.4,0.81181997
19071,Fremont ,Iowa,10.9,19.2,23,16.9,20.6,16.8,19.3,25.4,16.5,16.2,0.267872045,0.669541029,0.280010371,0.704433497,43.31867582,0.226512227,54658,7.5,0.98953998
19073,Greene ,Iowa,5.1,19.7,21.9,20.5,19,19.1,20.1,25.1,21.9,14.6,0.350757104,0.584940884,0.349812141,0.638520862,42.56792117,0.220799466,51861,6.3,1.02468
19075,Grundy ,Iowa,9.9,26.1,22.3,39.2,25.3,21.4,28,45.2,22.9,18.4,0.27008149,0.658760186,0.303188565,0.679631666,42.12898244,0.208793888,65060,5.8,1.1821001
19077,Guthrie ,Iowa,9.5,21.6,20.9,22.7,25.8,16.4,19.8,25,20.1,14.6,0.301217391,0.630956522,0.311568043,0.671794067,43.25,0.224533582,60306,7.2,1.09542
19079,Hamilton ,Iowa,12,22.5,27.8,25.5,19.3,22,24.3,23.5,22.3,22.5,0.354302054,0.580062386,0.357925217,0.627218935,42.08400214,0.204989299,56738,6.5,0.87664002
19081,Hancock ,Iowa,5.5,20.2,33.7,25.4,17.5,14.6,23.1,28.6,21.7,18.5,0.270311702,0.677397377,0.272683085,0.713058976,43.30517177,0.22470127,60859,6.6,1.02168
19083,Hardin ,Iowa,14.5,20.8,22.6,24.5,18.7,20.5,19.8,26.1,16.1,16.8,0.326614321,0.615727177,0.331071309,0.652352876,43.56710932,0.220298791,55303,8.4,1.0229501
19085,Harrison ,Iowa,5.8,20.6,29.3,21.5,21,14.9,18.8,25.7,16.9,13.9,0.285465506,0.656664434,0.299202943,0.684242796,41.91382482,0.197042592,60044,8.2,1.09229
19087,Henry ,Iowa,4.9,22.8,18.7,27.9,24.6,19.8,20.1,22.4,20.2,19.1,0.308804764,0.614525734,0.328090563,0.653676618,40.86572482,0.189664624,55856,7.1,0.93019003
19089,Howard ,Iowa,5.7,19.2,28.6,23.5,13.6,18.7,14.9,24.7,11.7,12.9,0.367843825,0.572713314,0.357402179,0.631908027,41.61342114,0.208773267,53500,9.7,1.07022
19091,Humboldt ,Iowa,20.1,18.4,24.4,17.7,18,16.2,20.8,25.7,19.9,18.3,0.246117555,0.701395715,0.270696452,0.718040173,42.45181732,0.215250864,60166,7.8,1.03614
19093,Ida ,Iowa,8.5,19.7,30.6,23.1,17.7,15.5,19,26.9,17.3,16.3,0.219269103,0.735049834,0.2382437,0.749545336,42.25076743,0.222043561,60312,6.5,1.06471
19095,Iowa ,Iowa,11.3,22.8,26,23.8,24.4,17.9,19.1,33.1,17.8,12.4,0.346361186,0.584568733,0.364093615,0.619482653,41.57688495,0.189641286,64188,6.2,1.10716
19097,Jackson ,Iowa,8.1,18.4,22.1,23.7,18.2,14.1,18.8,26.5,18.2,14.4,0.372162949,0.564888458,0.361832061,0.624786709,42.65927336,0.208985179,54663,7.7,1.00366
19099,Jasper ,Iowa,8.8,19.7,19.5,30.1,17.8,15.4,17.9,23,17.2,16.7,0.373489545,0.55479668,0.383323424,0.600723346,41.47999838,0.191374808,60378,6.3,0.97178
19101,Jefferson ,Iowa,9.7,39.5,37.6,40.2,33.9,45.6,31.6,29.6,28.4,37.7,0.454879843,0.45953899,0.482085054,0.499609331,42.93686415,0.224090093,46715,7.3,0.99169999
19103,Johnson ,Iowa,21.5,54.1,62.4,59.3,49.8,46,53,57.2,49.7,43.3,0.65245646,0.273511827,0.705739943,0.276752811,35.21198598,0.117255058,64387,4.7,1.09649
19105,Jones ,Iowa,3.2,22.5,32.5,22.6,17.7,23.3,18.4,27.4,17.3,13.3,0.373729399,0.564492253,0.383383383,0.6002366,42.57881797,0.205987273,55405,8.3,1.0578001
19107,Keokuk ,Iowa,7.6,16.4,26.5,14.2,16.3,12.7,18.2,23.4,15.7,13.6,0.269207623,0.68004012,0.266641523,0.718272675,42.56699267,0.214376528,52122,7.5,0.96718001
19109,Kossuth ,Iowa,4.1,19.9,21.2,20.1,20.8,18.4,18.3,23.2,20.1,12.7,0.295457186,0.656790984,0.296589659,0.691749175,43.91031661,0.237322243,55486,5.6,1.01635
19111,Lee ,Iowa,6.3,20.3,22.9,27.8,17.7,18.2,15.7,20.2,15,14.4,0.384805894,0.545043651,0.390880842,0.586112107,42.20841286,0.203112612,48241,7.8,0.79536003
19113,Linn ,Iowa,11.5,34.6,36.8,40.7,35.5,26.5,33,38.9,32.7,23.5,0.503296384,0.413243608,0.556057681,0.421660468,39.04861028,0.158037086,64878,5.3,1.00389
19115,Louisa ,Iowa,7.9,14.4,22.5,13.7,12.1,13.5,14.2,12.5,10.6,17.3,0.329073482,0.612819489,0.323705926,0.657539384,41.09835258,0.18488674,49585,18.1,0.82337999
19117,Lucas ,Iowa,4.7,14.9,12.6,15.6,17.3,12.7,17,19.6,19.6,14,0.284565916,0.660771704,0.277321814,0.711663067,42.41208791,0.217698091,49956,7.2,0.91488999
19119,Lyon ,Iowa,15.3,19.4,24.3,31.3,16.2,12.8,21.4,33.5,17.2,14.3,0.144268465,0.814175945,0.155471368,0.833163339,39.02315638,0.181187029,69048,9.4,1.16634
19121,Madison ,Iowa,8.6,25.8,22,36.6,26.3,19.2,23.9,35.5,22.9,17.6,0.310097267,0.620657712,0.319014658,0.664189739,40.2503231,0.169856607,74794,5.1,1.16129
19123,Mahaska ,Iowa,13.7,22.4,26.1,29.9,20.2,18.4,22.3,28.9,21.2,15.7,0.246331828,0.699021821,0.253770607,0.729568572,40.01795455,0.183045455,56492,8.8,0.96131998
19125,Marion ,Iowa,6.6,31.7,38.1,39.8,29.9,25.4,26.4,38.9,23.5,18.1,0.307700943,0.615289627,0.321235441,0.661501664,39.88423085,0.178315922,63491,6.6,1.0699
19127,Marshall ,Iowa,16.7,21,17.9,24.4,21.3,20.4,19,17.4,20.8,19.9,0.425583982,0.508676307,0.450816057,0.529885311,39.75256997,0.181886396,59552,16.4,0.70670003
19129,Mills ,Iowa,10.9,30.5,36.8,39.6,31.7,20.1,23.7,31.1,25.7,16.5,0.271499091,0.658222915,0.303338171,0.679245283,41.20908849,0.184159862,64271,6.6,1.09574
19131,Mitchell ,Iowa,7.2,21.4,40.3,30.3,16,14.2,17.7,25.8,12.7,14.5,0.348532398,0.588886838,0.352627962,0.632772243,42.25352446,0.211562116,59558,10.1,1.13223
19133,Monona ,Iowa,11,15.7,17.6,16.9,16.2,13.8,16.7,21.2,18.2,14.2,0.272747157,0.682414698,0.297588832,0.689932319,44.1021431,0.246111303,50530,7.6,1.00617
19135,Monroe ,Iowa,15.2,22.7,35.4,24.2,20,18.7,16.6,20.5,12.7,13.8,0.273221216,0.682535576,0.263698631,0.728473581,41.60654685,0.199614891,56541,12,0.97517002
19137,Montgomery ,Iowa,4.8,18.6,22.4,15.2,16.1,21.5,17.5,21.4,15.8,15.5,0.260507534,0.681205393,0.297165383,0.688192228,42.63845846,0.214335699,49966,9.9,0.90561002
19139,Muscatine ,Iowa,11.2,23.2,22.7,26.9,22.4,22.3,22,29,21.8,17.5,0.430585572,0.493156324,0.453388805,0.525615596,39.22366,0.166437606,58465,12.4,0.81383002
19141,O'Brien ,Iowa,8.3,21.6,27.8,20.1,21.5,19,19.9,27.9,22.3,14.8,0.177558736,0.776667567,0.207787048,0.777512913,41.78468208,0.206575145,53147,7.7,1.0548
19143,Osceola ,Iowa,8.7,14.2,12.8,16,15.9,11.7,18.1,20.3,21.3,11.2,0.171802054,0.787737317,0.180588943,0.809795673,42.66887417,0.215066225,60627,10.9,0.94143999
19145,Page ,Iowa,7.1,17.7,17.6,17.5,18.3,17.1,21.3,25.9,21,21.1,0.25653038,0.694633731,0.277098831,0.707757704,43.68204472,0.223227753,54313,9.1,0.96125001
19147,Palo Alto ,Iowa,4.6,20.2,23.6,18.8,22.7,16.5,25,31.5,22.6,19.7,0.29725707,0.655113757,0.306373538,0.681323115,42.16681599,0.219285474,55322,6.5,1.0679801
19149,Plymouth ,Iowa,11.1,24.1,29.7,34.5,20.3,19.3,21,29.5,20.9,16,0.218726308,0.73388931,0.246264449,0.741119255,40.36690576,0.183741781,66360,7,1.04109
19151,Pocahontas ,Iowa,15.1,17.1,26.5,20.3,15.2,13.9,14.7,20.3,11.4,12.8,0.24915912,0.699094437,0.244049176,0.740779493,43.45697329,0.230267062,55865,8.6,0.91883999
19153,Polk ,Iowa,16.6,38.9,42.7,44.3,37.5,31.6,36.1,40.9,34.1,28.2,0.517388957,0.403757207,0.56520647,0.415698248,37.15441581,0.130604429,68479,8.5,0.86509001
19155,Pottawattamie ,Iowa,6.3,23.4,25.1,30.2,22,19.7,21.2,27.8,18.8,16.3,0.359770384,0.572797563,0.406064183,0.576075551,40.08368704,0.174644243,56337,10.5,0.82823998
19157,Poweshiek ,Iowa,2.8,28.9,32.6,35.3,26.2,27.1,25.1,40,25.4,16.6,0.437709753,0.503000102,0.424654832,0.559467456,41.40555645,0.207872079,56170,7,1.02074
19159,Ringgold ,Iowa,6.5,22.6,20.3,26.3,26.2,17.8,20.6,25.6,20.6,16.5,0.278167713,0.673808644,0.261238025,0.72733972,43.62822061,0.24537037,48754,7.7,0.99833
19161,Sac ,Iowa,10.2,21.6,26.7,23.3,17.2,23.7,20.6,29,16.3,19.3,0.243668457,0.710475825,0.25094851,0.735140018,43.78253936,0.23490071,56698,7.4,0.92429
19163,Scott ,Iowa,13.4,34.9,39,40.5,33.6,29.3,31.9,38.7,30.3,26.6,0.469032707,0.454059383,0.506765731,0.47471355,39.35332664,0.162404852,59865,7.1,0.84495997
19165,Shelby ,Iowa,11.7,22.8,21.9,34.9,26.4,13.4,20.8,29.5,20.6,14.2,0.260910518,0.68477237,0.28830022,0.693303899,43.61115909,0.226118501,58862,8.1,1.04129
19167,Sioux ,Iowa,12.5,31.3,42.3,40.6,27.7,21.7,28.1,36.5,27.8,17.5,0.126415302,0.812630538,0.158469372,0.828040523,37.07346243,0.158583746,70162,9.2,0.98806
19169,Story ,Iowa,10,52.5,58.5,60.6,48.8,45.3,51.1,62.2,46.6,42.1,0.507411135,0.384036947,0.571632901,0.40246483,34.52441262,0.120401611,57464,2.9,1.1839
19171,Tama ,Iowa,5.7,18.3,19.4,21.3,17.6,17,16.1,20.5,15.6,13.6,0.365173675,0.567984461,0.395335986,0.588527851,41.37630147,0.197290582,56954,9.1,0.88661999
19173,Taylor ,Iowa,3.4,15.5,15,30.4,12.4,11.8,14.9,13,17.4,11.5,0.250247606,0.69692968,0.22960911,0.760233918,42.08488128,0.221127443,47781,9.8,0.92896003
19175,Union ,Iowa,12.9,24.1,40.8,22.3,19.3,21.3,17.2,25.3,15.5,15.6,0.329561043,0.604423868,0.333225546,0.650606305,41.55615341,0.205841897,49887,9.8,0.89901
19177,Van Buren ,Iowa,7.3,18.5,14.3,25.3,13.1,23,14.1,11.3,14.8,13.5,0.237292895,0.709632126,0.230809813,0.757056186,42.93732194,0.224501425,47905,10.1,0.91786999
19179,Wapello ,Iowa,1.8,18.5,21.9,17.9,18,17,18,22.8,16.5,16.6,0.369265298,0.575285497,0.372353355,0.609991685,40.38297117,0.180002841,48226,12.1,0.71122998
19181,Warren ,Iowa,11,32.2,35.8,41.4,30.4,24.5,31.7,42,28.7,22.5,0.381355311,0.542637363,0.405103257,0.575662875,38.76899875,0.157180351,78192,4.3,1.11465
19183,Washington ,Iowa,11.6,24.4,28.4,26,27.7,16.9,21.5,27.3,21.7,13.6,0.360783237,0.564827523,0.387675308,0.594220144,40.56354727,0.192945215,65849,8.9,1.02451
19185,Wayne ,Iowa,0.2,15,20.6,18.9,12.9,13,13,13.6,14.2,9.7,0.244557823,0.703741497,0.233837246,0.753940174,41.938369,0.221215435,46725,11.1,0.94835001
19187,Webster ,Iowa,3.5,20.7,18.7,23.7,21.6,19.2,19.6,24.4,19.6,17.1,0.361732645,0.576936317,0.371058243,0.615531366,40.3433994,0.183422003,52093,9.2,0.87379003
19189,Winnebago ,Iowa,9.2,25.9,37.2,36.6,19.2,22.7,22.4,35.4,22.8,14.1,0.333678936,0.595645412,0.35762144,0.624120603,42.18957977,0.215154972,54433,8.2,1.0075999
19191,Winneshiek ,Iowa,4.4,30.5,37.1,33.8,29.2,28,29.7,39,26.6,28.5,0.462418588,0.470339729,0.465600132,0.519147878,42.11555744,0.206899995,61807,5.3,1.2157
19193,Woodbury ,Iowa,7.4,24,23.5,28,23.8,21.5,23,27.1,22.4,20.5,0.370785489,0.565602269,0.412327499,0.571535646,37.64984542,0.150879178,60059,13.3,0.77585
19195,Worth ,Iowa,16.3,19.5,24.8,27.6,17.8,14.4,15.5,17.2,17.2,10.4,0.359408034,0.57622739,0.361249434,0.620642825,42.78914531,0.205420636,58587,7.2,1.03399
19197,Wright ,Iowa,11.1,21,28.6,18.6,22.9,16.6,17.7,18.2,22,11.8,0.314636575,0.63060073,0.31915574,0.663255517,42.61150512,0.227265563,54802,8.2,0.76385999
20001,Allen ,Kansas,6.9,19.6,21.1,17.2,18.6,21.4,20.4,29.4,17.4,22.1,0.262742941,0.669416942,0.266463001,0.715885947,41.58871745,0.207087753,44423,8.1,0.77282
20003,Anderson ,Kansas,0.8,15.3,25.9,14.3,15.4,11,17.5,20.1,14.7,18.5,0.200597015,0.726865672,0.206223629,0.772415612,41.49086062,0.212744351,50646,8.7,0.96709001
20005,Atchison ,Kansas,8,22.2,27.8,24.9,17.2,24.1,21.9,28.9,19.9,23,0.302509506,0.61581749,0.317069892,0.659408602,39.01392577,0.171617366,49332,7.6,0.91580999
20007,Barber ,Kansas,5.2,23.6,14.3,33.7,24.2,24.2,18.3,19.2,14.8,26.3,0.126998224,0.821492007,0.124252775,0.859948762,43.14177102,0.229651163,47634,8.5,1.00301
20009,Barton ,Kansas,2.8,21.7,19.6,24.5,19.9,23.5,18.4,18.1,16.9,18,0.179082676,0.768137112,0.210242588,0.773405211,40.84533338,0.192179541,49991,11.4,0.83504999
20011,Bourbon ,Kansas,7.2,23.7,19.9,22.1,20.9,30.3,20.6,23.8,23.8,18.4,0.219268012,0.726079107,0.230826842,0.752396645,39.89234286,0.197160991,41807,8.8,0.81825
20013,Brown ,Kansas,9.5,20.1,27.3,23.7,16.6,18.7,21.8,22.5,24.2,17.6,0.21382557,0.720019822,0.246924625,0.729590696,41.17211919,0.205042717,47529,7.4,0.88506001
20015,Butler ,Kansas,8,32,31.8,42.4,31.6,23.8,29,35.8,29.7,19,0.237661352,0.689626496,0.282318573,0.69600246,38.71635588,0.151711226,65953,7.5,0.9878
20017,Chase ,Kansas,3,26.5,14.8,29.2,23.8,33.8,21.6,21.7,23.2,21.9,0.23082542,0.707815924,0.23138833,0.753185781,44.18124762,0.251426398,50981,10.1,0.98408002
20019,Chautauqua ,Kansas,15.2,16.2,6.7,22.7,14.3,19.9,16.8,12.7,20.9,11.3,0.133018231,0.834571236,0.129347163,0.855399634,45.50392868,0.267452403,41129,12.7,0.82738
20021,Cherokee ,Kansas,3.7,19.8,23.3,23.2,18.8,17.5,19.1,23.4,17.7,16,0.232598608,0.717169374,0.240359334,0.741235758,41.52548089,0.193005246,44475,11,0.80658001
20023,Cheyenne ,Kansas,7.9,22.2,29.3,28.8,23.4,14.9,26.3,24.6,32.1,19.5,0.128642502,0.833688699,0.156752974,0.827851645,44.88909774,0.269548872,43274,6.5,0.99049002
20025,Clark ,Kansas,15.8,26.1,25.3,24.7,32.5,19.1,31.5,26.2,36.9,24.1,0.119402985,0.820895522,0.134020619,0.847235239,41.83416459,0.219451372,51235,6.4,1.10186
20027,Clay ,Kansas,4.4,26.3,35.2,36,28.4,15.9,27.2,42,26.6,20.4,0.177225131,0.756806283,0.213773314,0.759684362,42.60191322,0.229836189,52681,7,0.97689998
20029,Cloud ,Kansas,3.3,22.4,21.3,30.7,24.1,16.8,22.5,33.3,21.2,21.7,0.193638677,0.742748092,0.215810462,0.760497302,41.73989002,0.215946844,44467,8.6,0.94858998
20031,Coffey ,Kansas,13.8,22.2,20.1,25.4,23.4,20.1,22.9,25.2,24.6,18.7,0.178711898,0.749754179,0.211171961,0.764293538,42.64879145,0.214502611,58371,6.7,1.0122
20033,Comanche ,Kansas,3.7,21.1,36.5,32.3,21.7,12.1,18.6,12.6,21.8,20.1,0.117647059,0.824682814,0.137554585,0.831877729,43.55263158,0.255720824,46818,7.2,1.11961
20035,Cowley ,Kansas,6.5,24.5,19.4,24.5,26.4,25.1,20.1,21,21.1,22.7,0.281356469,0.655257111,0.300259996,0.678518727,39.83928673,0.182293146,47864,10.1,0.79356998
20037,Crawford ,Kansas,8.2,30.9,34.7,33,29,29.2,29.5,29.6,30.5,22.4,0.349137063,0.579141763,0.371222589,0.60348453,37.51255798,0.155180809,43852,9.1,0.84542
20039,Decatur ,Kansas,0,24.8,23.5,26.5,18.5,30.6,23.5,29.8,25.4,18.6,0.122589532,0.833333333,0.14552737,0.841121495,46.64489725,0.28143504,44774,8.7,0.94524002
20041,Dickinson ,Kansas,6.8,23.5,29,18.5,28.9,16.6,22.1,19.7,23.3,21.7,0.195980512,0.734348356,0.220344422,0.762220558,41.49182561,0.197574398,50605,9.4,0.96974999
20043,Doniphan ,Kansas,3.2,18.9,18.7,25.5,15.9,19.2,19.3,26.9,17.4,17.1,0.173771462,0.771462404,0.184955514,0.802372607,41.07979693,0.195521999,50949,10,0.97083998
20045,Douglas ,Kansas,14.5,52.3,52.7,58.8,49.4,50.1,50.4,52.3,51,44.2,0.6228163,0.293249745,0.685519792,0.290545424,35.74211931,0.123143055,57120,4.5,1.08681
20047,Edwards ,Kansas,7.3,17.9,23.6,21.5,17.8,12.7,17.9,16.1,16.4,18.3,0.160727824,0.786201668,0.189378057,0.797344514,42.53685504,0.212706213,46962,15.7,0.85889
20049,Elk ,Kansas,9.8,18.2,12.5,29.6,10.4,24.7,15,31,13.6,13.3,0.127084988,0.832406672,0.143277002,0.837619398,46.465311,0.290669856,37360,13.2,0.91036999
20051,Ellis ,Kansas,14.1,38.7,47.4,46.8,35.5,29.2,34.8,42.9,33.1,21.1,0.229513685,0.708629782,0.270797101,0.707101449,37.5148032,0.153814002,53840,7.3,1.10554
20053,Ellsworth ,Kansas,4.6,20.8,21.8,16.4,24.2,19.1,20.4,33.3,16.9,16.1,0.194475551,0.734975737,0.227129338,0.752891693,42.99790187,0.209328599,50261,8.8,0.95778
20055,Finney ,Kansas,8.1,18.5,17.4,22.2,16.1,20.4,17.1,16.2,18.4,14.5,0.314499459,0.625061522,0.366525424,0.613220339,34.18392013,0.110185463,56206,29.1,0.69670999
20057,Ford ,Kansas,6.1,19.8,19.9,17.5,18.9,23.9,17.6,15.5,19,17.8,0.27844001,0.662606893,0.330566461,0.650925407,34.50424929,0.111898017,56052,28.5,0.60279
20059,Franklin ,Kansas,6.1,23.9,24.9,29.4,23.3,20.4,19.5,21.5,17.7,20.3,0.26374829,0.655266758,0.295744169,0.67957041,39.82706488,0.166283017,58033,7.4,0.96956998
20061,Geary ,Kansas,5.9,23.8,22.3,31,24.9,16.2,21.9,29.2,23.1,16.8,0.362739872,0.5695629,0.414766219,0.554305946,29.75670369,0.08645763,50856,6,0.87906998
20063,Gove ,Kansas,16.3,19.7,24.8,24.6,20.6,14.3,22.7,34,19,25,0.110945644,0.848845867,0.112848402,0.877634262,43.34609495,0.243108729,49626,8.7,1.12533
20065,Graham ,Kansas,2.7,24.4,31.2,17,29.3,21.6,26.2,41.8,26.3,17.7,0.146417445,0.798286604,0.17053104,0.807778609,46.70345104,0.274478331,41906,8.8,1.01243
20067,Grant ,Kansas,0,20.2,22,28,12.4,26.6,15.4,26.1,15.9,15,0.184596065,0.755127668,0.207117153,0.774090364,35.98146129,0.13672301,61614,26.5,0.71670002
20069,Gray ,Kansas,5.3,21.9,20.4,18.5,25.9,19.3,21,19.7,22.2,22.5,0.127299129,0.821878025,0.149038462,0.835227273,37.27788828,0.150837063,65771,22.9,1.03863
20071,Greeley ,Kansas,13.4,28.8,30.3,31.3,25.8,29.9,29,48.9,28.3,19.8,0.127692308,0.821538462,0.121684867,0.856474259,41.26120619,0.207008965,51606,12.8,NA
20073,Greenwood ,Kansas,5.6,16,10.5,11.9,17.2,18.2,19.6,18.5,19.1,18.3,0.170774648,0.76056338,0.184920377,0.794280143,44.62881916,0.249215524,43083,8.4,0.93081999
20075,Hamilton ,Kansas,0,19.2,0,26.6,20.9,20.2,18.2,25,16.1,19.4,0.138127854,0.804794521,0.164144354,0.812572759,36.48542386,0.140007672,51559,22.4,0.63841999
20077,Harper ,Kansas,5.5,17.5,23.1,22.9,10.9,19.8,17.1,17,11.7,20.6,0.152443755,0.7742436,0.172143391,0.809559373,42.20759172,0.230112604,45570,9.6,0.92580998
20079,Harvey ,Kansas,5.2,30.7,23.2,34.4,30.1,33.5,31,41.8,30.5,25.8,0.339769375,0.581120944,0.389797215,0.588248888,40.48713826,0.195323005,57934,9,0.90732002
20081,Haskell ,Kansas,5.6,15.8,8.8,20.3,14.4,19.5,16.3,16.2,13.8,25.5,0.180945347,0.768094535,0.190070922,0.795744681,37.33487616,0.147860896,60808,30.9,0.89012998
20083,Hodgeman ,Kansas,0,30.5,20.9,21.8,39,27,28.4,28.3,29.1,25.9,0.121927237,0.840707965,0.147368421,0.837320574,44.05115512,0.239823982,54058,9.4,1.13598
20085,Jackson ,Kansas,9,21,16.8,24.8,18.7,23.8,21.3,35.9,17.5,17,0.259883121,0.677036782,0.285692588,0.686057108,40.62274096,0.190512048,56330,5.5,0.99778998
20087,Jefferson ,Kansas,3.6,24.5,25.3,34.6,23.7,18.9,21.9,27.7,20.5,17.3,0.302027108,0.625284875,0.326518094,0.647515845,41.76139657,0.186455863,69246,6.5,1.10123
20089,Jewell ,Kansas,9.4,18.5,22.2,26.2,21.7,12.1,16.9,19.3,18.7,13,0.120481928,0.818607764,0.13022113,0.851965602,47.33456529,0.301302358,44271,6,0.95844001
20091,Johnson ,Kansas,23.8,56.7,59.5,62.6,56.6,48.8,55.3,59,56,47,0.447626599,0.473956358,0.530678486,0.448227894,38.45962715,0.145129737,87087,4.1,1.0613101
20093,Kearny ,Kansas,6.3,16.6,11,25.9,16,14.3,15.9,13.7,18.9,12,0.132218845,0.816869301,0.183505155,0.8,36.82538676,0.155211768,63248,25.9,0.82278001
20095,Kingman ,Kansas,2,24.3,23.9,33.9,21.5,22.4,24.2,30.4,21.6,22.3,0.179664067,0.75884823,0.190427956,0.792605723,43.24281806,0.216826265,56005,6,0.98304999
20097,Kiowa ,Kansas,8.1,25.3,29.8,36.3,22.3,21.3,27.9,35.3,29.8,17.2,0.105653383,0.834105653,0.133905579,0.841201717,41.39308426,0.219395866,64399,10.3,1.12808
20099,Labette ,Kansas,4.6,22.6,20.9,32.3,21.9,18.9,17.8,19.3,16.7,16.8,0.282595288,0.65807327,0.310054887,0.669741913,40.8635544,0.190943699,44571,12,0.78236997
20101,Lane ,Kansas,1.5,19.9,11.3,27.9,10.2,32.7,21.6,18.4,20.9,25.2,0.121699196,0.824339839,0.12849162,0.851396648,43.87820513,0.23525641,59240,4.5,0.94128001
20103,Leavenworth ,Kansas,9.7,35.5,34,42.2,36.3,28.8,31.7,34,33.4,25,0.336919574,0.582093,0.380542614,0.592217046,38.5945029,0.14479054,70807,8.1,0.97672999
20105,Lincoln ,Kansas,8,23.7,22.7,29.9,22.8,21.2,22.6,18.4,20,23.6,0.146857923,0.805327869,0.168461051,0.812539582,44.36735031,0.244459147,44439,6.3,0.97731
20107,Linn ,Kansas,2.8,22.1,16.9,28.1,24,18.4,16,13.3,17.8,13.9,0.166252541,0.786988932,0.177566389,0.80221958,43.07846154,0.223589744,47153,11,0.94910002
20109,Logan ,Kansas,2.5,26.7,32.3,14.9,35.9,19.3,17.6,20.1,19,10.6,0.109801032,0.834193073,0.127572016,0.856652949,41.53305204,0.208157525,50267,8.3,0.99975002
20111,Lyon ,Kansas,7.6,26.7,33.9,28,21.9,26.7,27.3,30.6,25.3,26.1,0.378336589,0.533203125,0.432871032,0.539748356,37.41079447,0.151918817,47982,11.6,0.85102999
20113,McPherson ,Kansas,7.8,31.4,35.5,39.3,29.3,26.8,29,39.8,27.5,25.1,0.253178465,0.67093078,0.286327746,0.690123286,41.29139363,0.198338998,58017,8.7,1.04287
20115,Marion ,Kansas,3,27.6,25,33.1,27.9,25.9,25.1,25.9,25.7,25.4,0.214082504,0.711770982,0.248077238,0.730649648,43.31046025,0.232887029,51712,9.1,1.00951
20117,Marshall ,Kansas,12.5,20.8,26.1,24.9,20.5,16.7,18.6,21.3,14.9,13.6,0.229402953,0.707682431,0.246186938,0.729174814,42.54937256,0.217239251,51066,7.3,1.00089
20119,Meade ,Kansas,3.7,24,25,29.1,20.6,24.8,20.1,19.9,22.5,19.9,0.122093023,0.822674419,0.144109589,0.834520548,40.12301013,0.192715871,67220,17.5,0.94835001
20121,Miami ,Kansas,6.9,30.6,36.6,30.9,30.3,27.2,27.7,31.7,31.2,20.3,0.265677007,0.665890028,0.292523833,0.686179406,40.30418646,0.167191211,71770,4.3,1.05277
20123,Mitchell ,Kansas,6.2,28.8,42.9,31.4,23.4,27.4,25.3,37.7,19.6,22.7,0.162134602,0.78450034,0.179941954,0.807481458,42.30081301,0.235772358,51514,4.3,1.06715
20125,Montgomery ,Kansas,7.5,20.1,17.3,24.7,18.9,20.7,18.2,21.9,18,14.6,0.219676774,0.723008997,0.240429018,0.739684195,40.89243462,0.198910336,42479,11.3,0.74839002
20127,Morris ,Kansas,10.3,27.9,35.1,40.6,23.2,24.2,20.1,25.3,19.5,19.4,0.229039634,0.693597561,0.251466023,0.732666437,44.72423474,0.247237819,49287,10,1.02764
20129,Morton ,Kansas,0.7,17.5,6.3,23.5,16.9,23.5,17.1,23.5,17.4,18.3,0.123322148,0.834731544,0.125208681,0.863105175,42.11192351,0.202849644,53785,14.1,0.88933998
20131,Nemaha ,Kansas,12.7,28.3,39,40.2,24.5,20.2,24.5,38,23.4,12.7,0.141546271,0.805154237,0.163089374,0.820548909,40.61225997,0.201674052,59567,6.6,1.07207
20133,Neosho ,Kansas,9.2,21.1,24.5,19.3,20,21.8,20.6,24.8,21.7,18.7,0.237725689,0.701773836,0.26116039,0.722698851,40.76719328,0.19835747,46176,8.5,0.81098002
20135,Ness ,Kansas,18.5,20.9,36.9,23.4,15.2,20.4,18.9,28.9,19,14.4,0.111416781,0.844566713,0.098479841,0.884996695,45.0915493,0.258802817,51757,9.1,0.99545002
20137,Norton ,Kansas,1.3,20.8,20.5,13.6,14.8,32.8,15.9,21.3,15.9,20.5,0.125783348,0.823634736,0.150724638,0.831055901,42.83793738,0.204788214,47252,10.6,0.94418001
20139,Osage ,Kansas,2.5,20,19,24.7,20.4,17.4,18.6,26,19.3,14.3,0.248793642,0.684927619,0.265836963,0.710018668,41.93322251,0.198419171,53864,8.8,1.00543
20141,Osborne ,Kansas,5.6,23.1,29.4,36.1,20.7,17.7,23,24.6,20.1,19.4,0.130313199,0.81655481,0.144473008,0.837532134,44.86402878,0.249784173,46101,7.4,0.97916001
20143,Ottawa ,Kansas,21.7,23.7,29.4,16.4,20.6,29.6,23.5,25.6,23.2,19.3,0.146055804,0.786427833,0.158570981,0.817925415,42.32333678,0.203895209,56451,5.8,1.00792
20145,Pawnee ,Kansas,5.5,18.3,13.3,16.9,18.8,22,18.8,21.6,19.4,19.5,0.217587373,0.715520481,0.234757211,0.746622855,44.11993295,0.20984456,47039,12.3,0.95029998
20147,Phillips ,Kansas,7.3,20.1,32.5,22,21.7,12.5,22.3,26.6,22.6,14.4,0.112612613,0.838213213,0.114347357,0.869471413,43.3472823,0.239044574,47405,7.4,1.03273
20149,Pottawatomie ,Kansas,1.4,37.9,43.4,44.3,38.8,25.6,34.5,47.7,33.2,21.7,0.208080052,0.711867577,0.253229382,0.722464267,36.63930881,0.142645302,69975,5.3,1.10542
20151,Pratt ,Kansas,7.5,27.9,24.6,29.4,25,31.8,28.1,42.7,29,24.5,0.200676731,0.738677772,0.225525743,0.751269036,40.46491789,0.202068671,52567,7.8,0.94848001
20153,Rawlins ,Kansas,13.3,17.5,20.6,34.4,16.5,10.7,25.1,40.7,25,17.8,0.110733696,0.828804348,0.142287234,0.838430851,45.42065391,0.279106858,46638,5.2,0.98821002
20155,Reno ,Kansas,6.2,20.5,22.1,18.7,20.9,20.2,20.5,21.1,21.4,19.4,0.282403965,0.640768278,0.318027272,0.660069432,41.29792114,0.197619582,49341,12.1,0.86844999
20157,Republic ,Kansas,8.2,26.4,31.8,33.2,27.1,21.4,24.5,25.5,25.4,21.8,0.148279953,0.800316331,0.159578472,0.821226948,46.067753,0.277444254,48566,4.8,1.0118001
20159,Rice ,Kansas,4.2,23.7,37.9,24,18.4,22.2,23.2,24.8,21.3,24.7,0.182702419,0.745793901,0.22343135,0.755267423,40.3879446,0.193369006,51686,9.1,0.90935999
20161,Riley ,Kansas,11.5,47.8,47,48.3,49,47,46,48.4,48.6,46.2,0.433819432,0.46939439,0.507131222,0.461245084,32.45441163,0.095097893,47057,4.2,1.11905
20163,Rooks ,Kansas,7.4,22.7,17.1,20.4,26.5,22.1,24,30.4,20.7,20.7,0.11368334,0.839603142,0.125602075,0.861430159,42.91292639,0.222022741,47365,10,1.04843
20165,Rush ,Kansas,22,19.5,13.4,26.6,18.9,19.9,23.1,33.1,16.9,23.4,0.155023287,0.796407186,0.175909362,0.805008945,44.85370191,0.248302619,44121,11.1,1.04391
20167,Russell ,Kansas,0,20.2,35.1,23.2,16.5,16.9,25.9,35.1,24.8,24.6,0.144378328,0.806138428,0.173060283,0.804730314,44.13384972,0.24453453,45879,10.3,0.93883997
20169,Saline ,Kansas,8.3,28.2,31.6,32,29.7,21.6,26.2,24.8,25.5,25,0.286303481,0.626722263,0.334841629,0.640903347,40.26814764,0.179334939,53961,9.2,0.83788002
20171,Scott ,Kansas,18,19.9,21.2,15.2,26,14.7,24.9,28,18.7,32.1,0.107175295,0.846957312,0.127017842,0.855564996,39.73197876,0.193587911,63790,15.8,0.85899001
20173,Sedgwick ,Kansas,9.9,31.7,33.5,33.3,31.2,29.6,30.9,33.6,29.9,27.2,0.368820286,0.552766933,0.428588033,0.547262258,37.58480219,0.145027229,56381,10.7,0.79304999
20175,Seward ,Kansas,7.8,11.3,12.7,6.5,12.6,12.2,11.1,9.6,12,14.8,0.323144105,0.627034538,0.346241028,0.636947488,33.05532599,0.097796143,50671,31.8,0.59332001
20177,Shawnee ,Kansas,8.9,31.7,29.6,36.5,31.3,30.5,30.8,35.3,31.4,26.1,0.449911148,0.476540328,0.502177288,0.472150554,40.1814799,0.181950321,53612,8,0.84419
20179,Sheridan ,Kansas,9.4,24.3,23,31.8,19.6,26.1,21.4,23.5,24.5,18.3,0.092430859,0.871179039,0.101730104,0.887197232,42.52171338,0.230556652,50553,5.4,1.06972
20181,Sherman ,Kansas,0,26.1,18.9,31.4,25.3,25.5,19.1,12.3,26.5,16.5,0.132848392,0.799770291,0.145214521,0.832049872,40.64714358,0.192744533,45966,7.3,0.95433003
20183,Smith ,Kansas,12,23.1,27.6,33.2,22.9,18.1,19.1,26.8,18.9,15.9,0.145445642,0.813418217,0.157820573,0.828088304,46.255204,0.27671385,41899,6.7,1.0340101
20185,Stafford ,Kansas,5.6,26.1,18.8,24.3,28,28.1,23.9,23.7,23.5,23.8,0.160337553,0.785864979,0.175516224,0.808751229,42.70224988,0.221876496,47835,9.6,0.91416001
20187,Stanton ,Kansas,23.5,17.4,10.5,13.3,21,19.9,19.3,24.4,19.1,8.8,0.180533752,0.772370487,0.190721649,0.791237113,39.32184197,0.176144942,60136,18.2,0.74300998
20189,Stevens ,Kansas,0.2,12.5,32.2,4.8,7.3,13.5,12.2,10.7,11.7,12.8,0.116340561,0.845584347,0.116691285,0.866568193,37.97850333,0.159021407,58817,20,0.78669
20191,Sumner ,Kansas,7.2,23.9,25.9,23.8,23.8,23,22.2,30.4,20.7,18.4,0.213536309,0.718370706,0.237097365,0.741672767,40.70881893,0.187119499,56946,7.7,0.94945002
20193,Thomas ,Kansas,11.4,26.5,20.4,27.3,22.4,35.4,25.5,32.5,25,23.5,0.132270694,0.813199105,0.164041995,0.82152231,38.86752691,0.176630787,55345,4.9,1.00006
20195,Trego ,Kansas,1.6,25,27.7,17.5,25.1,27.4,22.8,31.9,20.7,18.9,0.133603239,0.827935223,0.148466258,0.836196319,46.49212317,0.264948084,48520,6.7,1.04883
20197,Wabaunsee ,Kansas,1.3,25.1,34,43.3,21.9,15.7,23.3,37.7,21,13.9,0.229585799,0.701775148,0.247052793,0.729113275,42.16082041,0.200173938,59744,4.8,1.10539
20199,Wallace ,Kansas,6.8,25.9,39.7,48,27.4,10.5,30.9,40.9,37.4,12.6,0.05764411,0.903508772,0.053333333,0.933333333,42.2172322,0.232867598,51350,6.6,1.1349699
20201,Washington ,Kansas,4.6,22.5,27.8,28.8,22.5,17.7,20.3,16,22.2,15.4,0.139963834,0.793490054,0.164758932,0.819632327,43.58210332,0.239483395,48104,9.3,1.07432
20203,Wichita ,Kansas,17.4,21.4,41.1,25.3,19.5,9.5,21.1,11.1,23.4,19.7,0.146443515,0.804393305,0.15392562,0.834710744,40.68052257,0.202375297,59800,14,0.80993003
20205,Wilson ,Kansas,1,19.5,14.6,34.5,16.1,18.1,14.4,12.2,12.2,14,0.165413534,0.776385408,0.182852807,0.797420334,41.85833814,0.213964224,45697,12.7,0.77942002
20207,Woodson ,Kansas,10.6,21.1,25.1,23.4,17.1,22.5,13.5,13.9,9.9,13,0.189189189,0.74982675,0.190168176,0.794307891,44.19022934,0.242852655,43894,11.8,0.89772999
20209,Wyandotte ,Kansas,10.7,20,26.6,18.8,16.4,20.3,17.4,16.8,14.9,16.7,0.617986511,0.324019598,0.647847143,0.333433125,35.91904382,0.122674264,47084,20.9,0.59995002
21001,Adair ,Kentucky,8.1,18.6,10.9,21.5,18.4,21.7,16.3,23.1,16.3,9.6,0.160694765,0.806145998,0.158849709,0.830309255,40.87106427,0.185844392,37392,21.5,0.82176
21003,Allen ,Kentucky,2.4,18.3,25.1,21.2,13.9,18.2,14.6,20.5,10.8,14.6,0.166625494,0.798666008,0.175371142,0.810210403,40.39271849,0.176356406,44624,19,0.79587001
21005,Anderson ,Kentucky,10.9,25.3,25.1,31.2,26.8,18.4,20.3,24.3,20.1,19.1,0.230607599,0.721589914,0.252794562,0.729380665,39.75080528,0.157613732,60908,11.3,0.97829998
21007,Ballard ,Kentucky,1,17.3,26.7,21.2,11,18.9,13.3,18,13.5,10.5,0.19897586,0.770787613,0.195266272,0.794319527,42.605903,0.209299411,47658,14.8,0.91286999
21009,Barren ,Kentucky,4.1,17.4,18.2,20.9,16.2,16.3,16,18,14.2,14.3,0.231231069,0.72928386,0.255646971,0.730690601,40.31465049,0.176973922,42439,17.1,0.79999
21011,Bath ,Kentucky,4.1,14.4,15.7,12.2,15.4,13.2,12.4,13.1,15.3,8.1,0.296708088,0.671898845,0.279545051,0.708370357,39.5302027,0.16797222,44183,22.9,0.82356
21013,Bell ,Kentucky,4.9,11.7,14.9,13.8,7.1,15,8.9,11.2,8.6,9.1,0.17699115,0.798929821,0.178116288,0.81043409,41.54493959,0.192141217,29362,30.5,0.54250002
21015,Boone ,Kentucky,12.9,34.6,34.9,42.2,35.8,25,31.6,41.1,31.8,20.3,0.26078656,0.678294977,0.312114468,0.669290398,37.80486646,0.135357667,77696,7.2,0.94
21017,Bourbon ,Kentucky,3,23.2,21.9,39,20.1,19.4,18.9,21.6,17.3,18.1,0.317051005,0.632625241,0.341802344,0.641916416,41.10929449,0.189011098,48614,15,0.85073
21019,Boyd ,Kentucky,8.6,20.8,20.6,19.7,21,21.6,20.2,25,19.9,17.9,0.29436785,0.664466608,0.325789982,0.657513454,42.02434378,0.19519475,48020,11.5,0.84201002
21021,Boyle ,Kentucky,6.5,26.8,23.2,30.4,27,26.4,23.4,20.8,26.5,21.8,0.330681292,0.621041248,0.36621276,0.613257759,40.96528239,0.191262458,47528,12.8,0.87402999
21023,Bracken ,Kentucky,0,17.6,15.5,19.1,20.9,12.3,13.7,13.7,13.1,14.3,0.199886589,0.768641905,0.188501414,0.800659755,40.36988712,0.166282316,56432,15.1,0.97544998
21025,Breathitt ,Kentucky,1.4,17,11.9,28,12.6,19.9,14.3,19.2,8.2,19.7,0.267863367,0.695538515,0.229818053,0.753400459,41.42542826,0.172324375,31182,26.1,0.65075999
21027,Breckinridge ,Kentucky,3.6,14.3,22.7,3.9,13.2,17.8,11.1,10.4,9.1,11.2,0.223387281,0.739001596,0.230459939,0.755222124,41.52736904,0.19329998,47284,17.8,0.92708999
21029,Bullitt ,Kentucky,7.5,17.5,20.9,27.9,15.4,10.5,14.2,18.6,12.8,10,0.228866894,0.726662785,0.251429797,0.731770089,40.08921413,0.156064587,61022,12,0.93434
21031,Butler ,Kentucky,1.6,11.3,12.2,14,12.7,6.9,12.6,7.3,13.3,8.3,0.169835007,0.794117647,0.176249592,0.810192747,41.32164109,0.187911055,43048,21.9,0.81712002
21033,Caldwell ,Kentucky,0.2,16.1,5.5,23.6,17.1,16.8,15.3,23.9,12.2,10.8,0.210878661,0.754309623,0.222930927,0.763223398,41.98879276,0.208572552,43659,12.1,0.91578001
21035,Calloway ,Kentucky,9.8,31.5,37.6,36,27.8,29.4,29,34.2,26.8,25.2,0.295906287,0.64595925,0.332167632,0.650748151,38.82988374,0.169004727,41873,10.9,0.96552002
21037,Campbell ,Kentucky,18.7,39.3,55.1,46.9,35.3,25.8,33.5,43.9,29.3,22,0.344812985,0.589273112,0.396719432,0.583253128,39.66458047,0.156185589,60904,9.2,0.97575003
21039,Carlisle ,Kentucky,5,13.3,11.3,27.3,7.8,13.9,14.8,16.7,10.4,16.5,0.166089965,0.805074971,0.175511751,0.818423048,42.24533641,0.214420457,41249,18.6,0.95319998
21041,Carroll ,Kentucky,15.6,5.8,4,6.5,7.7,3.6,8.8,9.6,6.8,15.8,0.28690013,0.671335927,0.269891173,0.714389359,38.38432523,0.152277172,47623,22.2,0.74715
21043,Carter ,Kentucky,8.2,14.5,12.4,16,15.4,13.5,13.7,22.7,12.3,8.8,0.221443861,0.738178634,0.228053517,0.757444972,40.85024441,0.187564805,32906,21.9,0.77390999
21045,Casey ,Kentucky,7.4,12.2,14.5,12.7,10.5,12.9,13.3,9.6,13.6,14.5,0.119117875,0.851374437,0.128015618,0.86166504,41.25566465,0.201221047,34358,25,0.74149001
21047,Christian ,Kentucky,7.1,19.1,15.8,25.1,18.1,19.9,17.3,21.5,18.5,16,0.325499253,0.638862473,0.347651175,0.631940661,33.57602796,0.1226577,40299,14,0.74645001
21049,Clark ,Kentucky,13.3,20,22.9,22.6,18.6,18.1,20.1,27.7,18.1,17.6,0.290404196,0.660907127,0.331200353,0.651533539,40.84354051,0.178763552,50162,14.6,0.82292998
21051,Clay ,Kentucky,3.9,14.3,14.8,15.2,13.4,14.4,9.5,12,9.3,9.2,0.111127531,0.86611497,0.109486166,0.879710145,39.89567272,0.152449639,28146,35.7,0.56465
21053,Clinton ,Kentucky,4,14,11.9,14.6,12.3,17.1,10.1,14.8,8.6,9.9,0.122590766,0.85365307,0.122262774,0.867802109,41.54565942,0.194983343,31118,26.9,0.64265001
21055,Crittenden ,Kentucky,0,12.5,15.9,15.1,8.8,13.9,13.1,17.4,12.8,13.7,0.152836265,0.814961605,0.172324375,0.813531353,42.32445317,0.207739764,43624,17,0.88957
21057,Cumberland ,Kentucky,0,17.1,21.7,21.4,18.8,10.5,13.1,26.3,9.4,11.9,0.149706458,0.816046967,0.153520701,0.836808704,43.01133804,0.218651449,33541,18.9,0.74738002
21059,Daviess ,Kentucky,8,25.4,27.7,31.1,24,21.7,22.9,25,20.7,20,0.309188552,0.631060755,0.350995126,0.630036556,39.47010009,0.169409717,51441,10,0.88028002
21061,Edmonson ,Kentucky,2.5,11.4,13.1,13.3,10.1,11.3,10.8,16.1,7.3,10.4,0.18668955,0.788520214,0.200130484,0.787473495,43.00839172,0.207430341,43151,21,0.91134
21063,Elliott ,Kentucky,12.8,10.2,7.6,12.8,11.7,8.1,8.3,14.9,9.5,3.5,0.259194396,0.700525394,0.237729549,0.749916528,42.46004262,0.197522643,35446,22,0.77030998
21065,Estill ,Kentucky,1.7,11.1,13.6,16.4,10.4,7.5,9.9,10.4,11,6.3,0.199819657,0.76393147,0.207249924,0.780055063,41.75059868,0.190308494,35701,25.3,0.76797998
21067,Fayette ,Kentucky,20.3,46.5,50.5,49.9,44.6,42.4,42.9,46.6,40.3,36.6,0.511887907,0.417371529,0.593237436,0.385454331,37.36095497,0.133467169,55358,9.1,0.85557002
21069,Fleming ,Kentucky,5,15.8,16.8,24.4,13.6,13,12.7,22.2,10.3,8.3,0.215335463,0.754313099,0.208604585,0.783187093,40.27439024,0.178977273,42571,21.5,0.89704001
21071,Floyd ,Kentucky,6.2,13.1,14.6,14.1,12.9,11.7,11.2,17.1,9.5,10.4,0.242744861,0.725090689,0.237538988,0.749189652,41.19926071,0.183791324,33218,26.2,0.70181
21073,Franklin ,Kentucky,7.6,31.6,35.2,38.3,28.8,28.1,29.8,30.4,28.4,28.3,0.449067672,0.495244081,0.485436893,0.495030508,40.80591361,0.180025583,53134,11,0.87993002
21075,Fulton ,Kentucky,17.2,14,19.1,7,11.7,16.8,13.3,9.6,10.8,16.8,0.324937028,0.650293871,0.326724494,0.662949195,41.56862745,0.202124183,32355,21.8,0.65978003
21077,Gallatin ,Kentucky,4.6,13,6.1,25,11.2,13.3,11.6,22.2,8.8,6.9,0.22438586,0.731875374,0.213561964,0.767731878,38.72678895,0.139605978,49060,18.9,0.81849003
21079,Garrard ,Kentucky,7,19.9,22.8,25.1,20.4,14,16.8,20.3,14.2,16.2,0.190607372,0.774498229,0.21027232,0.776054234,41.81349658,0.181605923,51203,20.1,0.86457998
21081,Grant ,Kentucky,1.4,15.7,14.6,24,17.2,7.2,13.6,16.2,11.8,12.8,0.199811696,0.760330579,0.198541329,0.785611381,37.47691175,0.137414912,53965,13.5,0.87752002
21083,Graves ,Kentucky,7.3,18.6,23.8,26.4,15.3,15.4,16.3,17.5,16.1,14,0.199205107,0.763037456,0.209131508,0.77600188,40.33061339,0.184929121,46785,14.7,0.87553
21085,Grayson ,Kentucky,5.8,13.3,14.1,14,12.7,13,10.4,13.2,8.3,9.8,0.185230711,0.777136914,0.200283735,0.788867562,40.35551461,0.177690817,40780,19.9,0.89462
21087,Green ,Kentucky,2.8,13.5,22,14.6,13.5,8.6,12,14.8,10.3,10,0.156009751,0.819801238,0.158293187,0.832415692,42.84754276,0.206353516,36782,24.2,0.85987997
21089,Greenup ,Kentucky,5.8,17.6,14.6,25.7,18.5,13.5,17.2,22.1,16.5,13.5,0.254715242,0.709344474,0.268100792,0.71875,42.54791879,0.209481683,49457,11.6,0.88020998
21091,Hancock ,Kentucky,3.3,17.4,23.1,24.7,16.8,10,11,13.4,11.3,6,0.289639115,0.649126892,0.294528014,0.685633312,39.55355104,0.169673441,56769,15.1,0.96610999
21093,Hardin ,Kentucky,9.3,23.9,20.9,28.9,24.7,20.8,23,29,23.1,17.2,0.323106868,0.624965242,0.369853497,0.609550275,37.97790786,0.139521186,52278,9.5,0.89464998
21095,Harlan ,Kentucky,2.8,10.5,8.3,14.9,10.6,9.1,10.8,12.9,9.1,10.3,0.127544855,0.848656689,0.136177194,0.853796372,40.9889621,0.187246772,29521,28.4,0.53648001
21097,Harrison ,Kentucky,18.4,18.1,21.4,22.6,16.4,15.8,14.8,18.3,14,16,0.261020434,0.698496337,0.271094544,0.715463685,40.9614975,0.175631058,51709,16.6,0.91892999
21099,Hart ,Kentucky,4.5,10.5,9.6,12.4,12,7.4,11.8,15.8,13.3,8.1,0.238160793,0.732378855,0.227984228,0.758155096,39.76912091,0.165661695,37038,24.4,0.79969001
21101,Henderson ,Kentucky,9.1,18.9,21.2,16.1,18.5,19.7,17.9,15.8,19.2,15.4,0.34028412,0.616894977,0.369247873,0.61533256,40.48260622,0.175736439,51161,13.2,0.75729001
21103,Henry ,Kentucky,3.5,14.7,21.8,15.7,10.1,16.9,12.2,13.6,12.5,12.3,0.255700098,0.691565254,0.26421611,0.720735167,40.52775363,0.175710915,53405,15.8,0.92777997
21105,Hickman ,Kentucky,1.9,22.2,37.7,20.2,19.3,20.2,17.6,37.8,14.4,9.3,0.208159481,0.768196569,0.208276489,0.779445202,45.33985524,0.255372088,44290,21.7,0.83769
21107,Hopkins ,Kentucky,2,15.5,17,19.8,14.6,12.9,16,17.3,17.1,10.3,0.211845662,0.750897026,0.252870891,0.732577061,41.00115381,0.184476791,45512,13.5,0.83636999
21109,Jackson ,Kentucky,0,11.2,7.4,15.7,13.8,6,12.2,21.8,11.1,10.1,0.087620433,0.8887475,0.098969409,0.892033372,40.55460497,0.172370183,35317,25.7,0.74194998
21111,Jefferson ,Kentucky,14.3,36.1,43.4,40.6,33.8,29.8,32.7,37.3,30.9,27,0.540460324,0.407160598,0.591277231,0.390110673,39.54142803,0.161583716,55860,10,0.72134
21113,Jessamine ,Kentucky,11.2,30.3,33,33.1,28.3,29.2,29.5,27.4,30.6,27.8,0.263397068,0.663379919,0.326349472,0.651251381,38.56685831,0.149981454,59443,13.3,0.89270002
21115,Johnson ,Kentucky,8.1,14.6,22.8,18.8,12.7,9.5,14.9,21.5,14.4,10.4,0.130589219,0.840263268,0.157770801,0.829081633,41.26261949,0.183909586,39381,19.5,0.80589998
21117,Kenton ,Kentucky,17.4,36.5,46.1,42.3,32.6,28.4,30.4,36.2,26.7,23.5,0.336314898,0.596655463,0.392958055,0.586093925,38.49830775,0.144407441,64644,10.3,0.83428001
21119,Knott ,Kentucky,1.8,16.3,18.9,27.6,14.6,11.2,12.9,17.7,9.9,16,0.216033316,0.756029846,0.225883859,0.764517677,41.51163559,0.18471506,32228,26.9,0.64696002
21121,Knox ,Kentucky,6.3,16.7,14.1,22.8,17.7,13.1,13.1,11.3,15.6,8.7,0.146603397,0.822927073,0.1592707,0.829654185,39.65579479,0.172693585,30742,27.7,0.72356999
21123,Larue ,Kentucky,5.5,15.2,15.3,19,15.4,12.1,10.1,10.9,9,7.8,0.200722475,0.753730171,0.205999178,0.778660457,40.8675823,0.176417138,45458,17.6,0.93555999
21125,Laurel ,Kentucky,8,16.6,16,20.6,15.9,15.1,13.4,15.7,13.6,10.2,0.138525349,0.829219184,0.159234082,0.826921024,39.7809837,0.163526678,41425,18.9,0.75147003
21127,Lawrence ,Kentucky,3.1,10.9,7.7,8.9,10.9,14,10,11.3,9.1,8.3,0.172955975,0.797087057,0.178001438,0.80992092,40.37810674,0.173335046,36667,24.9,0.75506997
21129,Lee ,Kentucky,1.8,7.3,15.1,7.1,5.3,4.9,10.3,12.9,11.2,7.8,0.16647919,0.806524184,0.172621286,0.811959383,41.89712783,0.175742926,29124,29.6,0.69847
21131,Leslie ,Kentucky,1.3,11.6,19.7,7.8,11.5,10.3,9.7,8.3,9.6,11.1,0.089047195,0.89381122,0.092704219,0.898150073,41.3948043,0.179236912,31921,29.8,0.65744001
21133,Letcher ,Kentucky,3.8,13.1,13.1,13.6,13.1,12.7,11.7,12.2,12.5,9.7,0.168819794,0.798445369,0.196934866,0.791023536,41.92668615,0.195305722,32321,24.8,0.67493999
21135,Lewis ,Kentucky,8.3,10.2,6.9,12.5,9.6,11.6,11,19.8,9.4,5.7,0.14816912,0.823518309,0.139894612,0.847526772,41.72606925,0.186241231,35751,26.3,0.80271
21137,Lincoln ,Kentucky,3.9,15.4,13.9,19.9,17.3,10.8,11.1,17.7,10.5,9.5,0.195063278,0.76749294,0.206542656,0.777879593,40.50539685,0.182235027,42190,21.8,0.7888
21139,Livingston ,Kentucky,7.2,13.2,10.8,16.4,12.8,13.5,11.4,10.8,12.3,12.6,0.190958019,0.768568353,0.187687388,0.801519089,43.60582125,0.217052586,48182,16.4,0.90083998
21141,Logan ,Kentucky,7,17.1,17,19.5,19.9,11.7,15,14.6,14.3,15,0.252775484,0.713643454,0.250607484,0.734407905,40.6468376,0.186149913,46742,15.7,0.86803001
21143,Lyon ,Kentucky,2.3,14.5,7.8,14.4,16.1,16.3,15.9,17.8,20.2,11.8,0.263755679,0.703937405,0.258278146,0.73320719,46.86071919,0.259707829,48395,12.1,0.96608001
21145,McCracken ,Kentucky,5.5,28.2,25.6,35.7,30,22.7,24.6,30.3,24.4,17.4,0.291755837,0.663557671,0.33382059,0.650935235,41.5305451,0.198022832,48950,10.2,0.88722003
21147,McCreary ,Kentucky,1.8,6.8,4.1,9,3.9,12.1,6.9,3.8,7.8,6.7,0.114958449,0.867728532,0.112665113,0.88018648,39.609375,0.160443474,30029,25.4,0.57334
21149,McLean ,Kentucky,8.6,18,17.2,30.7,14.2,16.2,12,13.4,11.8,8.9,0.216381954,0.740473062,0.224592221,0.759723965,41.33971033,0.194552529,48080,12.8,0.89047998
21151,Madison ,Kentucky,9.7,33.3,38.3,36.7,31.7,28.8,30.5,36.6,29.1,24.1,0.315565545,0.62698349,0.354873243,0.623032595,37.20590464,0.137894076,51897,13,0.88881999
21153,Magoffin ,Kentucky,9.2,10.9,10.1,17.1,7.2,13.3,9.7,13.7,5.9,8.6,0.229085223,0.747458952,0.222732281,0.76643408,40.94199968,0.171735965,30950,30.9,0.82762998
21155,Marion ,Kentucky,6,12.8,18.8,13.3,8.6,15,13.2,10.6,13.4,12.5,0.330292196,0.631488103,0.304883513,0.684699821,39.62791177,0.16419295,45661,19.6,0.87061
21157,Marshall ,Kentucky,7.7,22.4,20.6,30.2,21.3,20.5,18.8,26.8,15.9,13.6,0.219906576,0.737932687,0.231293676,0.755468439,43.2135071,0.218300151,52388,12.2,0.98979998
21159,Martin ,Kentucky,1.2,10.8,14.4,7.4,13.8,5.6,8.5,11.3,5.2,8.9,0.091828991,0.886162408,0.102544529,0.88956743,40.67583679,0.166122052,28925,27.2,0.68879002
21161,Mason ,Kentucky,6.7,22.6,15.3,26.7,24.7,21.2,18.9,23.7,19,17.9,0.272890982,0.684859399,0.296808243,0.688238251,40.52215743,0.183498542,41807,14.4,0.88572001
21163,Meade ,Kentucky,2.1,17.8,15,24,18,14.1,18.2,25.4,13.7,18.8,0.247404137,0.708036955,0.257406095,0.721757619,39.31821348,0.140205468,57613,11.8,0.92645001
21165,Menifee ,Kentucky,19,10.8,8.1,11.1,13.1,8.8,11.3,12.4,11.1,6.5,0.251889169,0.723281756,0.241779497,0.745003224,43.34483026,0.209734925,34002,23.7,0.76712
21167,Mercer ,Kentucky,6.9,21.7,21.6,28.2,19.2,21.5,17.5,19.5,16.3,16.6,0.226263581,0.731223429,0.258457605,0.724840222,41.6567925,0.18779278,53921,14.8,0.91907001
21169,Metcalfe ,Kentucky,4.7,14.1,15.2,12.9,17.5,9.2,13.1,15.7,13.6,10.5,0.211255411,0.755627706,0.194533121,0.78990423,41.02941176,0.186839482,35906,23.1,0.78821999
21171,Monroe ,Kentucky,6.9,16,20.2,20.8,11.7,16.7,12.9,15.7,12.1,9,0.12041675,0.857142857,0.12326454,0.868292683,41.23903713,0.188094794,35596,25.5,0.74926001
21173,Montgomery ,Kentucky,5,18.2,23.9,21.9,14.2,17.5,16.3,19.4,14.6,11.8,0.275759693,0.685993713,0.28277635,0.700553089,39.31470056,0.158529234,46629,15.4,0.84895003
21175,Morgan ,Kentucky,3.2,17.7,16.7,20.9,19.6,13.2,13.6,17,12.1,11,0.210680628,0.759790576,0.211743451,0.77633243,41.35312851,0.167478456,35848,26.6,0.83109999
21177,Muhlenberg ,Kentucky,5.9,13.3,11.4,20.3,14.9,8,11.1,15.3,12.2,4.5,0.250535988,0.719218989,0.249068803,0.737648464,41.4606486,0.191232859,43722,19.4,0.86758
21179,Nelson ,Kentucky,5.2,22.5,24.7,26,21,20.8,17.2,20.7,13.5,17.8,0.309297183,0.645659071,0.309227791,0.675543128,39.48000044,0.156485137,55602,10.8,1.00158
21181,Nicholas ,Kentucky,0.6,7.1,1.6,6.5,9.5,7.5,10.2,15,9.9,11.6,0.277015136,0.688841957,0.281213192,0.709069494,39.98325426,0.16536422,41428,22.6,0.87217999
21183,Ohio ,Kentucky,7,14.4,19.8,14.4,11,15.6,13.3,13.9,10.9,12.2,0.200038469,0.763800731,0.216051047,0.771277074,40.04182754,0.177979823,44751,17.9,0.83546001
21185,Oldham ,Kentucky,13.1,45.4,41.5,54,46.7,36.3,42.2,50.2,46,28.9,0.312543756,0.623048123,0.382328132,0.597084563,38.35993681,0.132044531,102136,6.1,1.06872
21187,Owen ,Kentucky,12.6,18.9,33,16.4,18.2,13.5,9.9,12.5,8.3,6.1,0.212357528,0.74885023,0.201246334,0.786656891,41.49448529,0.185018382,48998,17.4,0.86804003
21189,Owsley ,Kentucky,0,11.1,6.3,9,13.9,9.7,16.2,24.4,15.8,16.7,0.145537237,0.837976123,0.113984169,0.881266491,41.56753131,0.196109123,26278,30.9,0.70379001
21191,Pendleton ,Kentucky,3.9,16.6,19.5,23.2,15,12.7,11.3,13.7,10.4,9.9,0.19377393,0.766439154,0.190902527,0.796389892,40.533588,0.160850712,54583,17.2,0.92027003
21193,Perry ,Kentucky,4.7,13.2,9.8,21.7,13.9,8.1,12.3,14.3,11.7,10.5,0.202043133,0.771660991,0.221572695,0.765415802,40.42330983,0.169745516,33108,23.2,0.68518001
21195,Pike ,Kentucky,12.1,15.8,20.2,17.7,15.2,13,13,15.6,12.1,10.5,0.173525238,0.800608149,0.191658783,0.799392936,41.92861546,0.187699051,37124,23.9,0.73913002
21197,Powell ,Kentucky,2.8,15.1,19.2,23.2,12,10.6,14.7,23.8,16.4,8.9,0.256606819,0.708694775,0.248319709,0.734059946,39.30035364,0.158736538,37776,19.5,0.78012002
21199,Pulaski ,Kentucky,6.5,17.8,25.3,21,17.5,11.4,15.3,21.4,15.4,12.4,0.150065975,0.816732641,0.179598567,0.806703237,41.30127818,0.187704068,41541,18.1,0.77807999
21201,Robertson ,Kentucky,0,12.2,10.9,10.4,7.3,21.3,16,14.1,18.4,15.6,0.219151037,0.749259625,0.220767888,0.771378709,43.52810304,0.215456674,45146,22,0.92444003
21203,Rockcastle ,Kentucky,4.5,12,12.8,19.6,11.6,7.8,10.6,18.9,9.1,5.6,0.136750859,0.838290241,0.145702171,0.845046897,41.55820896,0.181552239,37732,22.4,0.77204001
21205,Rowan ,Kentucky,6.1,27.1,22.1,33.1,32.9,18.4,26.6,34.5,25.5,23.3,0.372400542,0.584764919,0.385762577,0.595943528,36.61239474,0.140300207,41196,16.4,0.86527002
21207,Russell ,Kentucky,3.5,16.4,26,20.5,13.3,13.4,12.9,16.9,11.2,9.9,0.133716663,0.839613408,0.148674348,0.839691241,41.88331182,0.201840525,34648,24.5,0.75591999
21209,Scott ,Kentucky,11.3,31.9,27.1,40.3,31.6,28.6,28.6,33.8,27,24.6,0.318801653,0.621983471,0.364905009,0.613609672,36.91336046,0.120415484,73500,9.6,0.83482999
21211,Shelby ,Kentucky,10.8,30.2,38.4,31.8,29.3,24.4,24.2,22.8,25.8,22.7,0.304956268,0.641205053,0.34304647,0.639452893,39.39517293,0.15425203,66056,14.7,0.88164997
21213,Simpson ,Kentucky,0,14.6,21.4,15,10.6,15.1,14.2,21.2,13,13.2,0.284689948,0.67414686,0.307031608,0.67430142,39.39378812,0.164930649,51769,14.1,0.84390002
21215,Spencer ,Kentucky,8.9,22.1,32.3,31.4,18.5,14,20.2,23,20.1,10.1,0.20189175,0.756279559,0.221366699,0.764458833,40.04762158,0.139778653,85899,10.2,1.01521
21217,Taylor ,Kentucky,8.6,23,23.9,23.7,20.8,24.9,19.2,25.8,16.3,21.7,0.225809305,0.735892446,0.236690647,0.749480416,39.77856276,0.180007045,45429,14.2,0.85095
21219,Todd ,Kentucky,4.6,16.5,25.4,20.4,12.9,12.7,12.9,12.1,12.6,6.1,0.218037246,0.755806654,0.22463091,0.758736685,38.52916091,0.160994233,51027,22.2,0.78096002
21221,Trigg ,Kentucky,3.2,20.5,16.2,24.9,24,15.8,16.9,11.6,16.7,21.2,0.235076285,0.73041031,0.242847458,0.744,43.22184662,0.222563682,49767,12.6,0.86887997
21223,Trimble ,Kentucky,4.2,13.7,16.2,17,12.5,11.6,12,18.6,12.5,9.4,0.231437599,0.729594523,0.234313498,0.747163695,41.01849677,0.17486788,51674,15.9,0.83837998
21225,Union ,Kentucky,3.2,10.2,12.5,11.2,7.9,11.4,11,10.7,9.3,12.6,0.214297215,0.75688295,0.232512165,0.755018248,39.73061013,0.165804895,47067,12.6,0.82699001
21227,Warren ,Kentucky,11.7,32.9,37.4,33.3,31.1,31.1,30.6,34.3,29.5,25.8,0.350146531,0.59175713,0.406081191,0.5743347,36.17827432,0.128717699,53478,12.3,0.84693998
21229,Washington ,Kentucky,8.2,19.8,30.5,16.2,21,13.5,17.7,14.7,19.6,13,0.251951739,0.712029808,0.264181263,0.7202314,40.61155247,0.180072824,50246,16.7,0.86001003
21231,Wayne ,Kentucky,13.7,13.8,11.7,13.9,11.8,17.5,12.8,17.3,15.7,8.2,0.179054054,0.797172172,0.183982684,0.804112554,42.70519836,0.210377174,33701,28.1,0.64111
21233,Webster ,Kentucky,1.8,11.5,17.7,11.1,9.7,10.2,9.8,14.1,9.4,7.5,0.213608958,0.757450474,0.235686864,0.752128192,40.34493936,0.174128594,47132,18.6,0.79433
21235,Whitley ,Kentucky,10,18.7,21.3,29.5,16,13,19.2,28.4,15.4,15.8,0.15006534,0.821257442,0.166286571,0.818857106,37.97679488,0.15945588,36863,20.3,0.74387002
21237,Wolfe ,Kentucky,8.9,7,0.4,11.5,10.5,3.7,7.6,5.5,10.3,6.5,0.285768501,0.684629981,0.281638134,0.703927492,41.54834889,0.193395569,30144,30.1,0.66793001
21239,Woodford ,Kentucky,10.4,40.7,43.8,45.2,40.4,36.6,32.9,37,35.7,24.5,0.365553344,0.567499816,0.429294589,0.549733745,41.47693438,0.187992311,66164,10.9,0.94396001
22001,Acadia Parish,Louisiana,7.8,13.7,10,16.1,15.9,11.4,13.4,19.6,13.4,11.1,0.205849063,0.772645953,0.191486368,0.794934037,38.2958675,0.15261296,40484,21.8,0.72135001
22003,Allen Parish,Louisiana,4.9,12,18,5.6,12.6,11.7,12.7,11.6,11.6,12,0.22779881,0.742779881,0.214882773,0.772069317,38.98545206,0.150126928,44395,20.1,0.74840999
22005,Ascension Parish,Louisiana,10,29,27.7,38.7,29.4,18.2,26.8,37.6,23.2,15.5,0.301327774,0.661015399,0.327300441,0.652819896,36.5402817,0.11818211,77758,11.6,0.87848997
22007,Assumption Parish,Louisiana,8.2,13.4,21.3,24.5,8.8,8.9,10.2,12,9,9.7,0.360509905,0.615737344,0.341165999,0.64717401,41.13789238,0.180269058,48120,26.4,0.73692
22009,Avoyelles Parish,Louisiana,2.8,12.3,10.7,12.9,10.2,15.9,12.1,13.8,11.4,12,0.303569275,0.673158085,0.287936618,0.695581772,39.50299046,0.169294647,37731,24.2,0.62866002
22011,Beauregard Parish,Louisiana,6.6,17.9,22.7,15.2,18.1,15.5,17.5,18.6,17,14.4,0.158708051,0.811646107,0.155407471,0.829919912,38.61078302,0.157598046,57005,15.3,0.82858002
22013,Bienville Parish,Louisiana,4.2,12.4,7.6,14.5,13.3,12.7,12.4,13.9,12.7,12.2,0.446680942,0.536188437,0.435035461,0.551914894,42.10362188,0.209272618,34047,17.1,0.56870002
22015,Bossier Parish,Louisiana,9.4,27.6,32.2,30.9,25.7,22.9,25.6,30.4,24.2,18.2,0.253590916,0.711643396,0.286561156,0.69662428,37.58519086,0.143413138,56754,10.7,0.68825001
22017,Caddo Parish,Louisiana,7,24.3,20.2,26.2,24.1,26.3,23.5,25.9,23.1,23.2,0.505491286,0.463177196,0.525297392,0.457726476,39.46042351,0.171273084,40467,13.4,0.56309003
22019,Calcasieu Parish,Louisiana,9.4,23.6,24.3,30,22.5,19.3,21.9,24.9,21.7,20.9,0.313850928,0.646786418,0.314312328,0.666150515,37.96154338,0.147982394,50531,13.5,0.76890999
22021,Caldwell Parish,Louisiana,0.5,12.1,14.2,6.3,13.2,12.4,14.2,11,15.6,10.7,0.167945439,0.814578005,0.156446871,0.834943301,40.28865462,0.177610442,40842,23.6,0.71866
22023,Cameron Parish,Louisiana,9.4,14.4,13.1,1.3,20,20.7,11.6,7.1,10,15.9,0.087486457,0.881906826,0.080217876,0.908888339,40.63289323,0.16489667,57299,18.1,0.78324997
22025,Catahoula Parish,Louisiana,2.3,17.6,13.9,21,17.5,17.7,11.7,9.6,14.3,10.9,0.272240527,0.716433278,0.261218608,0.728900782,40.39706495,0.174750208,35812,23.9,0.69221002
22027,Claiborne Parish,Louisiana,1,11.7,6.8,6.7,12.8,16.3,14.7,12.7,18,15.7,0.423142813,0.558324249,0.415045593,0.572948328,42.06754892,0.191043653,33659,18.8,0.53834999
22029,Concordia Parish,Louisiana,1.3,17.6,11.1,9,14.9,30.8,12.8,15.2,9.2,15.7,0.368800721,0.617335437,0.359877662,0.628681468,39.40578377,0.172644594,35840,22.9,0.57236999
22031,De Soto Parish,Louisiana,4.7,16.3,18.1,18,15.7,14.8,14.2,17.3,12,13.6,0.382592593,0.59762963,0.37031759,0.61834962,40.20611605,0.178524566,44457,17.6,0.64191997
22033,East Baton Rouge Parish,Louisiana,13.1,38.2,40,42.2,34.7,38.4,34.7,37.2,32.9,32.3,0.523321679,0.430859429,0.555172878,0.42472452,37.23940711,0.141800996,52945,9.7,0.72828001
22035,East Carroll Parish,Louisiana,0.8,11.8,2.5,9.9,18,13.8,8.5,6.9,10.8,11.9,0.625382783,0.360326642,0.625823452,0.355731225,37.73518545,0.147648146,27714,31.5,0.42721999
22037,East Feliciana Parish,Louisiana,1.6,16.1,8,14.9,15.8,23.3,12.6,8.7,14.1,14.9,0.421728739,0.554570803,0.407269959,0.577029213,42.18091168,0.177207977,45174,20.2,0.81941998
22039,Evangeline Parish,Louisiana,5.1,12.2,11.6,17.2,10.3,11.7,12.8,10,14.2,13.6,0.282757694,0.696142992,0.269789774,0.71716844,38.1058069,0.153305624,34113,25.3,0.64047003
22041,Franklin Parish,Louisiana,2.7,15.3,14.3,17.4,14.6,15.6,11.9,12.8,11.1,14.2,0.273521065,0.710980135,0.27345679,0.717078189,39.51577694,0.178854932,34446,23.7,0.60131001
22043,Grant Parish,Louisiana,11.1,12,6.2,14.3,12.2,15.7,8.4,6.9,7.3,14.8,0.133885047,0.83981408,0.123189949,0.864246167,39.11818344,0.152121697,43502,18.3,0.75945997
22045,Iberia Parish,Louisiana,3.9,14.2,14,16.7,13.7,13.1,12.7,17.1,10.9,14.7,0.329635792,0.644080853,0.337083117,0.649619417,38.2351884,0.149814635,42909,21.3,0.65674001
22047,Iberville Parish,Louisiana,5.3,14.9,16.2,15.1,15.6,12.7,14.5,15.2,15.1,12.4,0.518855576,0.456273764,0.509240983,0.472097613,40.03445799,0.158338682,47917,21,0.75871003
22049,Jackson Parish,Louisiana,6.4,12.8,9.4,11.2,13.5,15.1,13.5,9.3,14.4,16.8,0.286575563,0.692524116,0.280791405,0.706761006,41.3655515,0.199094454,40828,20.3,0.65794998
22051,Jefferson Parish,Louisiana,12.4,29.8,36.4,34.7,26.9,25.3,26.1,27.2,25.5,22.4,0.405584704,0.552733719,0.436048582,0.546881533,40.25611622,0.171247158,50871,14.6,0.67338997
22053,Jefferson Davis Parish,Louisiana,3.4,15.2,16.3,21.6,11.4,15.2,15.9,17.8,16.2,11.1,0.215731596,0.754710373,0.216157941,0.769692069,38.88623266,0.163352543,44492,18.9,0.75457001
22055,Lafayette Parish,Louisiana,8,34.6,39,37.8,33.2,29.2,32.1,35.1,29.5,26.9,0.309896499,0.645767639,0.346530331,0.633237572,37.52702013,0.132081456,57821,12.5,0.77750999
22057,Lafourche Parish,Louisiana,5.8,18.6,22.3,24,14.8,17.3,16.6,19.1,15.1,13.7,0.202257174,0.767415056,0.191063717,0.793689962,39.15448708,0.154594099,52651,22.7,0.77956003
22059,LaSalle Parish,Louisiana,3.7,17.7,17.5,15.1,20.6,15.6,12.2,13.2,9.9,11.1,0.092099254,0.888415284,0.090151194,0.901229334,39.47124087,0.169202923,45742,22.8,0.81308001
22061,Lincoln Parish,Louisiana,7.1,36.6,47.8,34.4,30.6,36.7,36.5,37.6,32.4,41.6,0.380684557,0.576410092,0.392166018,0.586822309,35.39908043,0.135519959,36525,11.6,0.66459
22063,Livingston Parish,Louisiana,6.5,21.7,25.8,27.5,18.8,16.6,18.3,26,15.6,13.2,0.120388013,0.845730123,0.141790587,0.841284685,37.33989768,0.131993953,63088,14.4,0.94003999
22065,Madison Parish,Louisiana,0.1,14,9.6,16.7,14.7,15,12.6,10.3,14.8,17.8,0.579881657,0.407227388,0.568308351,0.413276231,37.89512588,0.143893916,28452,25.2,0.45612001
22067,Morehouse Parish,Louisiana,5.2,12.9,14.8,11,12.9,12.9,13,12.7,12,12.3,0.434947688,0.548599393,0.427337135,0.5624676,40.27226553,0.187534452,34023,20.3,0.55290002
22069,Natchitoches Parish,Louisiana,5.5,22.8,22.5,23.9,17.8,28.9,17.8,16.5,17.1,21,0.4298177,0.53955839,0.416576054,0.565301438,37.5341447,0.165938074,36298,13.5,0.62965
22071,Orleans Parish,Louisiana,10.6,40.7,46.4,47.6,36.2,35.8,36.8,40.9,31.8,31.8,0.80812004,0.146503269,0.831485949,0.14995023,39.25333627,0.147721518,38855,13.8,0.76718003
22073,Ouachita Parish,Louisiana,8.4,25.8,24.8,26.6,27,24.4,24.3,27.2,24.8,23.4,0.359145508,0.613581899,0.374649394,0.610921551,37.83555592,0.147900955,44371,13.7,0.65191001
22075,Plaquemines Parish,Louisiana,13.2,19,15,31.3,17.9,13.5,19.6,28.3,17.1,12.9,0.316561052,0.652605694,0.30996913,0.672961685,37.57005553,0.134258864,58643,17.1,0.81713003
22077,Pointe Coupee Parish,Louisiana,1.3,14.8,13.5,15.3,17.6,11.7,15.2,12.7,15.1,16.2,0.405067596,0.577246833,0.378546601,0.60649907,42.0674567,0.205834093,46603,19.7,0.75199997
22079,Rapides Parish,Louisiana,5.3,22.3,21.1,22.8,21.8,23.7,20.5,23.3,19.5,19.9,0.322320737,0.6476673,0.330841757,0.651439735,38.92924434,0.163715323,48116,14.7,0.69208997
22081,Red River Parish,Louisiana,3,10.6,13.2,5.9,13.4,8.2,13.9,11.5,14.8,14.9,0.438263229,0.540705563,0.397870281,0.583978703,41.11625575,0.190987378,36865,20.6,0.54865998
22083,Richland Parish,Louisiana,1.1,16.3,21.8,13.4,15.5,16.2,13.5,11.6,14.7,16.2,0.328956966,0.655100552,0.32444668,0.664688129,39.94700872,0.175515055,35103,20.5,0.61541998
22085,Sabine Parish,Louisiana,5.7,13.3,16.3,10,14.8,11.8,13.1,15.7,11.3,14.1,0.174006335,0.805047512,0.163363533,0.828237071,41.36359854,0.207223702,36423,14.7,0.68944001
22087,St. Bernard Parish,Louisiana,5,16.8,19.9,23.2,13.8,11.4,12.3,13.3,10,8,0.313626304,0.64729687,0.348498584,0.633371105,36.22765994,0.114295499,43983,17.6,0.68550998
22089,St. Charles Parish,Louisiana,11.9,27.2,25.5,34.1,25.9,24.7,24.2,34.2,21.6,18.5,0.326779169,0.634583079,0.343654662,0.639373006,38.46418238,0.135668224,67585,10.5,0.82530999
22091,St. Helena Parish,Louisiana,0,12,15.1,10.2,11.2,12.5,13.9,18.3,14.9,6.2,0.562206573,0.418678739,0.543358233,0.440727509,41.59861625,0.19937634,38699,24.3,0.61996001
22093,St. James Parish,Louisiana,5.9,18.7,23.3,22,17.9,14.4,14.3,18.3,12.5,12.8,0.531071576,0.451468763,0.517077045,0.472915012,40.2843799,0.171602415,53903,14.7,0.80517
22095,St. John the Baptist Parish,Louisiana,10.9,16.4,13.2,20.3,16,16.5,16.3,17.2,15.4,17.4,0.610374584,0.364894181,0.633725271,0.351717059,38.36490367,0.142274917,50830,13.8,0.67254001
22097,St. Landry Parish,Louisiana,1.7,14.1,9.6,12.8,14.2,18.4,14.2,16.6,11.5,14.7,0.430472522,0.549591015,0.422121786,0.56303154,38.24772848,0.161036199,36624,23.9,0.63002002
22099,St. Martin Parish,Louisiana,5.2,14.2,15.9,19.5,14.2,8.8,14.4,15.3,13.4,10.4,0.321009709,0.655262136,0.312116281,0.673237666,38.81151974,0.150258294,46229,19.1,0.71564001
22101,St. Mary Parish,Louisiana,4.4,12.3,15,15.4,10,12,10.6,7.9,11.8,9.9,0.351881803,0.62766097,0.347407919,0.63879065,39.77367702,0.16558846,39764,18.7,0.61085999
22103,St. Tammany Parish,Louisiana,10.1,36.4,34,40.2,36.9,34.4,33.5,38.4,32.7,30.6,0.222819795,0.730874976,0.269402612,0.711341089,40.03824905,0.169283758,67054,9.8,0.88546997
22105,Tangipahoa Parish,Louisiana,5.2,21.5,22.6,26.4,20,18.5,19.4,20.3,18.4,16.3,0.322000916,0.647874695,0.327552418,0.655659805,37.53995455,0.143746683,47128,16.7,0.71471
22107,Tensas Parish,Louisiana,0.4,14.2,2.1,14.8,7.2,24.5,10.5,5.9,9.5,16.8,0.522762951,0.46389325,0.520360219,0.468676586,43.45024653,0.244060959,28962,22.3,NA
22109,Terrebonne Parish,Louisiana,11.2,17,19.1,20.6,15.8,14.3,15.8,19,14.3,12.2,0.242960634,0.726763259,0.24217128,0.742625433,38.04683348,0.143972762,51665,21.5,0.74675
22111,Union Parish,Louisiana,0,17.4,24.6,11.5,18.4,15.7,14.6,14.2,15.2,16.3,0.247016706,0.731778961,0.23694313,0.750557986,42.14711151,0.205553068,43584,14.4,0.65164
22113,Vermilion Parish,Louisiana,5,18.7,17.2,27.9,18,14,14.2,16.7,11.8,13.7,0.1894897,0.782732522,0.183318694,0.802591129,38.70307538,0.152298178,48263,21.6,0.81865001
22115,Vernon Parish,Louisiana,6.1,18.7,21.2,22.4,16.8,14.9,16.8,20.6,17.2,13.1,0.160223652,0.80989599,0.167824878,0.816944637,34.71387638,0.121960704,47664,12.8,0.84250998
22117,Washington Parish,Louisiana,5.7,11.7,16.5,11.7,9.9,11.1,11.7,13.7,11.8,11,0.30556152,0.674039081,0.30594988,0.681955619,39.9688721,0.179361127,36850,22.7,0.62948
22119,Webster Parish,Louisiana,5.3,14.4,10.6,13.4,14.3,17.3,15.1,20.5,13,14.1,0.344998622,0.636098099,0.338823013,0.649429073,41.24942007,0.197587505,35070,16.8,0.60824001
22121,West Baton Rouge Parish,Louisiana,10.3,23.1,32.5,30.6,19.6,9.8,20.6,27.3,16.4,14.5,0.42345815,0.544918188,0.439809889,0.545080514,37.95143225,0.136489197,58205,15,0.77104998
22123,West Carroll Parish,Louisiana,0.3,11.4,5.4,10,11,16.6,12.6,13.1,12.6,15.4,0.150241647,0.834208867,0.140538401,0.854513064,40.77490439,0.190311419,39332,21.8,0.68151999
22125,West Feliciana Parish,Louisiana,6.8,21.2,33.9,17.3,13.8,27.8,22.2,19.2,22.4,27.7,0.387653044,0.584583549,0.366624123,0.616305041,42.21119017,0.150258732,60296,18,0.84362
22127,Winn Parish,Louisiana,11.1,13.3,7.7,8,19.1,13.1,14.4,9.6,17.6,14.5,0.258003766,0.723163842,0.247871486,0.742008032,41.12211688,0.185793123,40133,18.7,0.61144
23001,Androscoggin ,Maine,10.7,22.8,28.3,30.7,19.8,18.4,22.2,27.3,20,17,0.413823492,0.507670725,0.465238119,0.493050993,40.90200968,0.17729548,49935,9.7,0.79014999
23003,Aroostook ,Maine,7.1,21.4,25.4,29.7,21.6,16.1,18.9,25.8,17.9,14.6,0.38140012,0.553295153,0.385418393,0.582159624,45.19054253,0.241331525,39450,12.5,0.75547999
23005,Cumberland ,Maine,18.2,50.6,56.5,58.9,47.6,45.2,46.7,52.1,46,40.7,0.599360952,0.335872842,0.657222046,0.304133446,41.99662246,0.184499092,71586,5,1.05884
23007,Franklin ,Maine,8.6,28.8,29.3,32.6,24,32.7,25.4,26.5,25.2,25.6,0.425521591,0.480228045,0.45849196,0.497414626,44.16120347,0.224269994,49561,7.4,0.82718998
23009,Hancock ,Maine,12.4,36.6,34.4,38.3,33.8,39.9,32.3,32.6,30.1,37.4,0.501618425,0.426548397,0.542914004,0.419946182,45.69324588,0.246100235,52148,5.9,0.86374003
23011,Kennebec ,Maine,9.5,29.9,30.1,32.4,29.4,28.9,27.1,29.9,25.1,25.7,0.442574915,0.478416506,0.480644495,0.478151897,42.84501118,0.19945447,52154,8.3,0.82814002
23013,Knox ,Maine,8,37.9,31.3,34.5,34.7,45.1,31,34.6,27.9,37.4,0.537564263,0.395213203,0.580439459,0.383451137,45.70333912,0.252872696,56678,6.3,0.85984999
23015,Lincoln ,Maine,13.9,39.2,28.1,43.2,33.4,47.7,32.7,32.3,27.9,43.3,0.476259127,0.452355485,0.531667854,0.42989479,47.03191427,0.27715334,56211,7.2,0.85930002
23017,Oxford ,Maine,6.9,21.5,17.9,24,20.5,23.2,19,18.4,17.5,21.3,0.390115701,0.51953463,0.436409346,0.523454599,44.51048284,0.216651047,44243,8.9,0.80254
23019,Penobscot ,Maine,10,29.8,36.5,38.5,24.7,27.3,27.1,32.8,25.1,22,0.407722871,0.51678669,0.437846122,0.520416101,42.01917986,0.186662784,47840,8.4,0.85664999
23021,Piscataquis ,Maine,4.9,20.8,27,23,19.5,19.3,18.3,20.7,17.2,18.9,0.337399259,0.588760619,0.351840736,0.614545818,47.20505952,0.267202381,40066,10,0.77823001
23023,Sagadahoc ,Maine,6.6,38.7,32.2,41.1,35.4,44.8,35.5,38.2,34.7,37.6,0.493338268,0.43042191,0.557166392,0.401771005,44.06634113,0.221165179,65969,5.9,0.93840998
23025,Somerset ,Maine,8.9,19.7,22.1,23.5,17.7,19.5,16.5,17.8,15.5,17.7,0.34883364,0.575544813,0.365909662,0.597137014,43.78399747,0.208135674,43755,12.1,0.72096997
23027,Waldo ,Maine,13.6,33.3,39.2,33.9,26.8,38.2,29.6,24.8,27.7,36.3,0.459770115,0.457039679,0.502523813,0.455751852,44.26122336,0.224845065,49482,7.6,0.81066
23029,Washington ,Maine,4.7,24.6,22.8,21.3,21.5,30.2,20.8,18.5,20.1,22.4,0.371219065,0.55563703,0.384803643,0.580193512,45.00412829,0.244109241,39522,11.6,0.70222998
23031,York ,Maine,12.4,33.2,33.7,35.8,30.8,34.7,31.4,36.3,29.1,30.4,0.48868509,0.44107146,0.543253308,0.418316265,43.39538814,0.204786912,65984,7,1.01457
24001,Allegany ,Maryland,7.2,20.8,22.5,21.8,21.7,18.2,18.3,23.3,19.4,15.4,0.256899589,0.693873556,0.298880584,0.681635718,42.13578725,0.202888341,43535,10,0.85816002
24003,Anne Arundel ,Maryland,15.4,44.1,44.4,51.2,44.6,36.7,40.9,47.8,40.3,33.4,0.475483281,0.453208482,0.558183174,0.41283586,39.14324489,0.146780295,97051,7.9,1.06954
24005,Baltimore ,Maryland,15.3,41.2,42.4,46.8,41.2,36,38.6,45.6,38.2,32.5,0.559053143,0.38260529,0.622774334,0.35235171,40.37868875,0.171782562,75836,8.9,0.88024998
24009,Calvert ,Maryland,15,35.6,35.1,44.8,35.2,28.9,31.1,33.6,30.6,28.7,0.384428788,0.552143098,0.459898602,0.516075173,39.93068161,0.148766888,106270,6.1,1.20354
24011,Caroline ,Maryland,6.9,17.7,15,20.6,19,15.4,16.9,16.6,15.7,18.6,0.284064338,0.663785163,0.322590857,0.651070027,39.89806029,0.16244295,56627,16.1,0.81958997
24013,Carroll ,Maryland,16.8,38.8,45.3,49.6,38.3,27.7,35.6,47.4,35.8,24.2,0.28924963,0.633818918,0.363371774,0.600217289,41.03588159,0.168486425,95956,7.8,1.20996
24015,Cecil ,Maryland,13.2,26.8,32.2,31,24.8,23,22.8,26.9,22,18.4,0.301530849,0.637699088,0.35415701,0.620264634,40.10717134,0.15741155,72739,11,0.98762
24017,Charles ,Maryland,10.7,31.1,33.9,34.7,30.9,25,28.9,34.3,29.4,21.1,0.630129114,0.327113904,0.694663568,0.285805269,38.25029566,0.125062692,92616,6.9,1.02714
24019,Dorchester ,Maryland,12.2,19.2,14.1,18.2,18.4,23.2,20.8,23.3,19.2,21,0.410180624,0.552577997,0.429179445,0.548538524,42.99065567,0.215982249,48682,13.1,0.67486
24021,Frederick ,Maryland,14.9,43.6,45.3,50,43.8,36,40.6,48.8,40.2,31,0.449740207,0.473610923,0.533427187,0.437331319,39.19516288,0.144620729,95196,7.6,1.06832
24023,Garrett ,Maryland,2.5,24.6,19.8,34.6,22.1,25.3,20.1,26.2,18.4,20.1,0.18321319,0.769109985,0.210172314,0.768816861,44.18741213,0.223708123,49147,10.7,0.94959998
24025,Harford ,Maryland,14.6,38.8,39.4,51.2,37.3,31.2,35.8,46.3,35.2,26,0.352182955,0.582470525,0.425782462,0.546137963,40.31509395,0.161949314,87959,7.2,1.1076
24027,Howard ,Maryland,24.5,64,63.1,69.6,65.8,55.9,61.4,67.9,63,51,0.632561208,0.292762326,0.707044609,0.264336673,38.63109383,0.138086486,116719,4.5,1.1458499
24029,Kent ,Maryland,6.4,37.4,42.8,39.1,31.8,40.2,34.2,31.6,33,35.4,0.456541263,0.486578186,0.493700204,0.4812859,45.56763659,0.267089718,55514,12,0.91715997
24031,Montgomery ,Maryland,25.3,60,58.1,60.7,61.4,58.7,59,60,60.6,56,0.747248227,0.193587861,0.786088062,0.189645579,39.57202012,0.155349731,107758,8.7,0.99388999
24033,Prince George's ,Maryland,12.2,35.6,39.3,37.8,34.4,32.2,32.7,34.5,32.7,28.5,0.881306915,0.084047799,0.892558638,0.087300375,38.2315728,0.132628328,82445,13.5,0.83344001
24035,Queen Anne's ,Maryland,20.1,36.6,39.1,38.5,36,35,34.9,36.3,37,31.4,0.30060702,0.640689213,0.353549025,0.618719049,42.23055263,0.18829476,93751,7.9,1.07447
24037,St. Mary's ,Maryland,14.8,34.9,35.8,40.8,36.1,25.9,31.5,36.6,30,23.2,0.351791662,0.575077244,0.415665139,0.553777059,37.91628204,0.130742739,89964,10.2,1.06085
24039,Somerset ,Maryland,7.2,16.8,15.7,10.5,21.5,15.7,15.7,14.4,15.7,16,0.423838384,0.539494949,0.417956047,0.565585888,39.81684518,0.169503408,42098,18.1,0.70286
24041,Talbot ,Maryland,11.9,41.5,35.2,35.7,41.4,45.4,38.6,36.9,36.9,44.4,0.421009098,0.521772977,0.490445578,0.485302594,47.03338022,0.292252759,64245,9.4,0.85333002
24043,Washington ,Maryland,7.9,23,22.8,29.1,23,18.6,21.4,28.3,20.4,18.9,0.320180025,0.621266536,0.384248809,0.59345815,40.61357884,0.172309609,62556,13.1,0.91908997
24045,Wicomico ,Maryland,7.7,28.9,29.5,32,28.3,27.5,26.8,25.9,27.7,25,0.424236726,0.521728912,0.477194046,0.496451446,38.34766704,0.158903048,54313,11.9,0.72296
24047,Worcester ,Maryland,11.3,32.1,34.1,40.9,30.5,29.8,30.4,36.4,30.1,28,0.344958087,0.608707955,0.396327033,0.586002335,46.7278525,0.278274125,59266,9.1,0.96828002
24510,Baltimore city,Maryland,16.4,34.9,47.2,40.3,28,25.6,31.2,35.6,23.6,22.6,0.846580229,0.105283164,0.87281701,0.106855441,38.37779982,0.140062573,50501,15.1,0.72158003
25001,Barnstable ,Massachusetts,17.2,46.1,41.6,40.6,44.1,50.7,42.8,39.3,41.9,48.1,0.541079619,0.404140085,0.607173029,0.365060193,48.71925562,0.3059748,69001,4.5,1.06256
25003,Berkshire ,Massachusetts,11.2,38,40.5,41.6,35.2,38.4,33.4,35.7,31.1,35.6,0.674567535,0.259849081,0.720416324,0.251689401,44.73937063,0.232674835,58375,8.9,0.89658999
25005,Bristol ,Massachusetts,13.9,29.7,34.5,35.3,28.2,24.4,28,33.6,28.4,20,0.52032664,0.423535602,0.545119489,0.426038868,40.85728039,0.169255809,66005,15.1,0.80197001
25007,Dukes ,Massachusetts,13,43.2,28.2,49.1,37.9,53.8,44.2,32.5,44.6,52.1,0.730307773,0.215353852,0.770139051,0.204381263,45.23858921,0.243142001,70224,4.5,0.91086
25009,Essex ,Massachusetts,16.4,41.7,43.9,45.6,42.6,36.2,39.4,44,41.3,32.7,0.585229606,0.358850969,0.629294935,0.341114793,40.67861651,0.170490161,76373,10.7,0.80094999
25011,Franklin ,Massachusetts,19.7,39.8,41.2,42.3,35.2,43.5,37.2,41.8,35.5,36.5,0.641171386,0.271472352,0.698323373,0.2604702,44.3910559,0.220171075,58992,6.9,1.0703
25013,Hampden ,Massachusetts,9.2,28.6,30.1,33.3,27.7,25.7,27.2,30.6,26.4,23.3,0.554311062,0.387387565,0.570434751,0.395474494,40.01636884,0.1680442,52682,14.7,0.62908
25015,Hampshire ,Massachusetts,8.6,50.4,55.3,58.4,48.7,45.7,46.5,49.8,47.6,40.1,0.667426105,0.262669367,0.717316488,0.252241543,39.78815345,0.172340491,74456,5.6,1.1361901
25017,Middlesex ,Massachusetts,27.7,58.5,70.5,66.2,55.4,45.3,55.2,62.8,52.9,41.1,0.663695707,0.280336057,0.709953563,0.261064914,39.75599704,0.152589251,100374,6.9,1.01036
25019,Nantucket ,Massachusetts,13.6,57.4,59.1,57.6,55.5,59.3,51.7,45.8,45.1,58.4,0.647205745,0.295348111,0.71422731,0.260834015,39.94327713,0.148318178,97525,4.7,0.69371998
25021,Norfolk ,Massachusetts,29.9,56.3,66.8,67,55.5,41.7,53,64.8,51.5,38.5,0.613501972,0.331127165,0.664924752,0.304820432,40.80404685,0.168534197,100184,6.1,1.19322
25023,Plymouth ,Massachusetts,17.4,40.5,43.2,49.9,39.7,34.5,36.7,43.9,37.1,31,0.507799882,0.432315458,0.571395663,0.398943627,41.50846695,0.181158469,89678,7.1,1.0186
25025,Suffolk ,Massachusetts,23.1,49.2,69.9,50.4,37.7,30.4,44.8,43.4,33.4,27.6,0.795977858,0.163311643,0.802164631,0.17380204,37.14051498,0.119728412,68743,14.5,0.84057999
25027,Worcester ,Massachusetts,15.8,38.4,44.3,44.2,38.1,29.5,35.9,42.9,36,27.2,0.518049022,0.410945909,0.571995834,0.394745253,40.15269204,0.156441862,71767,9.6,0.93479002
26001,Alcona ,Michigan,5.4,20,14.5,17.6,17.6,23.7,15.7,18.6,12.7,18.9,0.279444982,0.67779929,0.303227633,0.686296716,52.40638873,0.358328508,39862,11.4,0.72495002
26003,Alger ,Michigan,3.5,20.7,23.8,30,15.1,21.7,17.4,12.7,17.9,21.1,0.368083223,0.572155821,0.400351014,0.58775351,46.62718479,0.256678026,47441,10.8,0.89855999
26005,Allegan ,Michigan,9.5,24.1,23.9,29.1,22.8,22.9,22.7,27.5,20.9,21.9,0.323557882,0.612752303,0.364399201,0.616925507,39.79687114,0.165469159,62247,9.3,0.90799999
26007,Alpena ,Michigan,4.5,16.7,19,19.1,17,14.3,17.5,15.3,18.1,15.7,0.331813852,0.61845149,0.353585951,0.629736578,44.94358251,0.234379408,42792,8.4,0.74457002
26009,Antrim ,Michigan,13.1,32.5,24.7,27.9,31.8,37.2,28.2,24.9,26.1,34.6,0.327492269,0.62354587,0.373691141,0.611198194,46.62796918,0.271431629,56456,8.5,0.79009998
26011,Arenac ,Michigan,2.4,14.6,13.3,14.9,14.4,15.1,11.8,9.5,11.7,13.4,0.30977131,0.643191268,0.314120711,0.671271657,45.78003457,0.249119075,42540,12.6,0.68506002
26013,Baraga ,Michigan,9,15.6,15.5,12,16.5,16.2,14.5,13.6,14.6,17.7,0.331232092,0.618338109,0.366022784,0.622090144,44.03966346,0.221153846,43435,11.2,0.74835998
26015,Barry ,Michigan,9.4,23.6,21.5,25.7,23.5,23.8,20.1,21.8,19.3,21.3,0.300504468,0.633123413,0.328561482,0.653697257,41.42081037,0.184018183,64121,7.3,0.91921997
26017,Bay ,Michigan,8.7,20.1,23.7,23.3,18.7,18,18.9,22.4,18.5,15,0.408516904,0.534722615,0.434005477,0.549746909,42.61243902,0.203949078,50576,10.4,0.76617002
26019,Benzie ,Michigan,6.3,32.4,27.7,32,29.5,37.6,29.3,29.9,23,37.6,0.40164255,0.541552601,0.44690915,0.538329799,46.09601194,0.261307948,51905,6.5,0.8233
26021,Berrien ,Michigan,8.7,30.1,31,34.9,28.4,29,27.7,33.4,26.5,25.6,0.409476475,0.536532882,0.454394291,0.528200896,41.68217736,0.197234999,51509,10.4,0.71069998
26023,Branch ,Michigan,5.4,16.1,16.2,13.7,16.2,17.3,14.2,12.8,15.6,13.9,0.286531167,0.667270566,0.299912349,0.684846124,40.7286461,0.181834854,50477,10.9,0.70953
26025,Calhoun ,Michigan,5.6,22,21.5,24.4,22.1,20.8,21.2,26.8,20.7,20.1,0.410121897,0.534684731,0.435675382,0.546476366,40.23743931,0.178359247,48413,8.9,0.68671
26027,Cass ,Michigan,4.4,21.2,17,27.7,18.8,23,19.1,24.4,18.4,18.3,0.3217526,0.630360699,0.348260604,0.636977418,42.9347279,0.210287883,55978,12.1,0.74438
26029,Charlevoix ,Michigan,6,33,25.2,31,31.1,39,31,33.3,26.4,38.1,0.352114607,0.594557543,0.408176471,0.578882353,45.12479043,0.24382716,54491,6.4,0.85376
26031,Cheboygan ,Michigan,7.3,22.5,21.9,19,19.4,27.3,20.5,21.1,18.2,23.4,0.314657695,0.635093622,0.342639274,0.641920847,47.14880179,0.272577028,48589,9.4,0.75452
26033,Chippewa ,Michigan,8,22.9,26,23.4,21,22.8,21,24.7,19.7,21.3,0.348020186,0.590191511,0.376828024,0.605430223,41.08130981,0.1797052,47380,10.2,0.81931001
26035,Clare ,Michigan,3.8,12.2,6.8,10.8,12.7,14.4,12.1,15.2,12.5,10.8,0.317350063,0.635222944,0.31932928,0.667096616,44.379247,0.238677374,39394,15.3,0.68102002
26037,Clinton ,Michigan,12.6,32.2,37.1,42.4,32.2,21.9,31.4,41.9,30.1,21.7,0.405657361,0.532185463,0.458363762,0.523671417,40.46336913,0.169439823,70967,5.8,0.95652002
26039,Crawford ,Michigan,9.7,19.6,20.9,19.5,16.6,22.7,18.8,21.7,16.1,21.5,0.30829924,0.636177674,0.339905864,0.647118687,46.36195238,0.256816056,46930,11,0.72381002
26041,Delta ,Michigan,8.1,19.7,22.3,27.8,18.3,16.7,21.5,27.7,20.2,18.8,0.348042397,0.601395198,0.359604747,0.624414921,44.76204088,0.241654349,49292,6.1,0.79878998
26043,Dickinson ,Michigan,6.4,23.9,27.8,31.2,23.6,18.9,26.5,27.7,25.4,23.7,0.297987087,0.651728067,0.325176503,0.659195284,43.91078675,0.220856479,52348,5.2,0.85292
26045,Eaton ,Michigan,7.6,30.3,35.2,36.7,27.9,26.2,26.8,29.9,26.4,22.1,0.443570908,0.491079846,0.486560853,0.494318093,41.31986051,0.185784787,66716,6.1,0.88549
26047,Emmet ,Michigan,11,37.9,30.3,40.5,39.7,38.1,33.7,36.3,33.6,35.5,0.370811616,0.564620785,0.435676602,0.547188529,43.8438213,0.225321244,58891,6.2,0.89324999
26049,Genesee ,Michigan,7,22.8,21.9,26,23.2,20.8,20.9,25,20.5,17.5,0.523449281,0.428816685,0.539347669,0.44594326,40.51641468,0.174827718,48370,9.6,0.63094997
26051,Gladwin ,Michigan,7.9,14.4,9.8,17.7,15.5,13.4,13.8,12.8,13.1,15.4,0.304201411,0.651379089,0.309799356,0.677463535,46.00140111,0.267158701,44635,13.3,0.74675
26053,Gogebic ,Michigan,6.4,22.4,18.7,18.9,24,23.4,19.8,17.9,21,21.3,0.399099468,0.548233047,0.431889669,0.556496492,46.44707207,0.258744038,39934,6.7,0.79926997
26055,Grand Traverse ,Michigan,11.7,38.7,40.7,41.4,36.7,38.4,35.1,38.5,33.1,36.9,0.406385082,0.531372967,0.476177037,0.506374925,42.38490165,0.19905372,64591,4.8,0.96485001
26057,Gratiot ,Michigan,7.6,18.1,21.2,20.7,16.9,15.7,14,17.6,14.4,11.3,0.344123899,0.600060735,0.349924191,0.632718147,40.68222124,0.175028942,48988,9.4,0.78051001
26059,Hillsdale ,Michigan,6.1,19.6,21.4,24,18.3,18,17,19.6,17.6,15.2,0.240672016,0.706870612,0.252467599,0.731138958,41.60063608,0.196179151,50388,11.7,0.75218999
26061,Houghton ,Michigan,14.7,35.8,42.1,43.2,31.6,32.7,33.2,39.8,30.3,28.6,0.385176651,0.542434716,0.418896276,0.560942652,38.11210967,0.174991027,42282,7.2,0.98352998
26063,Huron ,Michigan,5.8,16.6,18.6,22.7,14.8,15.5,15.5,17.9,13.8,14,0.287679839,0.671734623,0.297770787,0.690513641,45.3117179,0.250689854,45817,11.1,0.79988998
26065,Ingham ,Michigan,14.2,40.6,47.3,43.9,37.3,36.4,38.5,42.7,33.5,35.5,0.603257637,0.334517836,0.651760636,0.329567624,36.71753463,0.134794268,52837,7.3,0.84715003
26067,Ionia ,Michigan,4.7,16.8,18.9,21.4,15,14.1,16.1,19.8,14.8,14.3,0.311015119,0.619460788,0.338445776,0.641342482,39.17318175,0.147593833,61667,9.9,0.84526002
26069,Iosco ,Michigan,6.2,16.3,18.4,19.4,16.1,14.9,16.3,16.6,15.2,16.6,0.32520021,0.624578999,0.34973638,0.635227495,48.07513656,0.295881344,41256,11.1,0.71617001
26071,Iron ,Michigan,16.2,19.9,16.5,22.6,17.5,22.1,18.8,10.6,16.5,22.7,0.339086294,0.621827411,0.367211666,0.621004566,48.85693083,0.306017811,40959,8,0.79663002
26073,Isabella ,Michigan,10.4,30.7,33.7,35,29.6,26.2,29.2,33.9,28.6,24.1,0.449117832,0.485901071,0.478297814,0.503551885,35.74884499,0.126257759,47056,8.4,0.83946002
26075,Jackson ,Michigan,4.9,22.5,21.4,23.9,24,20,21.4,22.5,20.8,21.2,0.370208247,0.571106678,0.395679005,0.585844845,40.89431317,0.178072445,52047,9.4,0.76345003
26077,Kalamazoo ,Michigan,13,40.5,40.9,46.6,38.9,37.8,38.1,43.5,35,34.1,0.531659,0.404072875,0.58352741,0.396216548,37.68188168,0.149620569,55881,6.4,0.85193002
26079,Kalkaska ,Michigan,3.7,17.3,18.5,20.7,16.9,15.3,11.9,12.6,9.2,14.1,0.258122948,0.692403487,0.282381714,0.699463832,42.50280521,0.203489677,46068,13.3,0.74430001
26081,Kent ,Michigan,15.2,38.6,44.7,43.7,36.2,31.1,35.2,39.4,33.3,28.1,0.450000649,0.480816655,0.520470962,0.459055306,37.54897627,0.136582919,61675,9.7,0.86475998
26083,Keweenaw ,Michigan,22,38.3,24.1,44.4,35.1,43.9,30.4,37,25.4,35.8,0.367503487,0.567642957,0.431599229,0.553628773,51.29081874,0.367723616,51641,3.9,NA
26085,Lake ,Michigan,7.9,12.2,5,13.5,11.1,15.1,11.3,12.3,10.5,13,0.363926426,0.592905405,0.361853551,0.624070852,48.20111943,0.286255366,36044,17,0.57981002
26087,Lapeer ,Michigan,4,19.1,21.3,19.8,19.8,16.2,17.8,21.5,18.3,14.5,0.281831662,0.664785428,0.310864198,0.673922127,42.14590812,0.181340028,65209,9.3,0.87651998
26089,Leelanau ,Michigan,11.7,48.6,46.4,45.4,42.6,55.4,42.8,47.8,37.3,47.7,0.45903639,0.490546859,0.520414201,0.468402367,48.62984745,0.309272193,67349,4.8,1.03026
26091,Lenawee ,Michigan,5.5,22.5,20.2,25.3,21.8,22.9,20.9,26.4,20.9,16.9,0.364613945,0.575328153,0.391906323,0.590932084,41.43650907,0.189740093,55762,9.2,0.84977001
26093,Livingston ,Michigan,12.8,38.1,44.4,46.1,38,29.5,34.8,41.2,35.3,27.8,0.324787939,0.62040693,0.379096991,0.605218677,41.55493034,0.172154123,84048,4.6,1.1063499
26095,Luce ,Michigan,11.6,17.3,18.7,14.9,14.8,20.5,16.3,18.9,17.5,11.3,0.264055836,0.680884064,0.280573142,0.702765745,43.91811237,0.205634251,43196,12,0.75418001
26097,Mackinac ,Michigan,1.6,25.7,18.2,22.7,21.9,33.3,21.8,22.4,20.8,24.4,0.341971461,0.614072495,0.375196009,0.613542409,47.68309076,0.280430147,46645,9.8,0.8344
26099,Macomb ,Michigan,12.4,26.8,31.8,32.1,26.4,19.9,24.5,30.5,23.5,17,0.420491186,0.535794349,0.45310932,0.533858972,40.87692439,0.169916514,62191,10.3,0.82560998
26101,Manistee ,Michigan,4.3,22.5,18.2,25.4,21.6,24,20,22.6,19.6,22,0.395190094,0.548853084,0.416717844,0.567792562,45.94422701,0.25758317,47401,9.4,0.78073001
26103,Marquette ,Michigan,10.2,34.7,41.9,39.9,32.3,30.3,31.5,38.3,30.2,27.7,0.486475012,0.444141194,0.546286904,0.434733864,40.90512057,0.191217151,54093,4.7,1.00454
26105,Mason ,Michigan,6,24.2,17.9,24.6,23.4,27.7,23.2,26.9,23.2,23.1,0.359618658,0.579162411,0.394227426,0.591572969,44.11752577,0.235532646,51083,7.6,0.77788001
26107,Mecosta ,Michigan,11.5,23.7,24.1,23.4,23.1,24.6,21.9,27.1,22.1,20.2,0.339410531,0.600244641,0.350372939,0.630291225,39.78912619,0.183143874,45804,10.5,0.80195999
26109,Menominee ,Michigan,2.2,16.7,23.4,18.1,13.3,17.5,16.7,19,15.3,16.4,0.32865899,0.622399703,0.342349488,0.643848656,45.66712353,0.245920898,46486,7.6,0.78579998
26111,Midland ,Michigan,12.5,35.6,41.6,42.7,35,28.3,34,41.4,33.7,27.8,0.367830424,0.561003152,0.417474739,0.563783409,41.42920237,0.18358591,58057,5.7,0.89341003
26113,Missaukee ,Michigan,8,16.9,18.2,19.2,17.4,14.2,13.2,14.6,12.8,13.7,0.213885472,0.736094028,0.224671616,0.759337521,41.85982267,0.20505525,48413,11.2,0.71429002
26115,Monroe ,Michigan,6.6,22.6,26.5,27.8,21.6,18.4,19.1,23,18.7,15.5,0.361947237,0.582890943,0.378379309,0.604833157,41.5935861,0.181216307,62522,8.8,0.89091003
26117,Montcalm ,Michigan,3,14.4,14.8,13.6,14,15.2,13,14.4,11.9,13.2,0.295914916,0.635386523,0.302274143,0.679595016,40.69214295,0.17500938,50396,12.1,0.80910999
26119,Montmorency ,Michigan,8.3,15.2,18.8,17.2,14.5,14.5,12.8,13.9,10.6,14,0.256937512,0.698342983,0.277863117,0.711896228,50.09740961,0.32293578,40650,13.2,0.75325
26121,Muskegon ,Michigan,4.9,20.7,17.5,22.9,20.7,21.5,19.1,21.9,18.7,19.9,0.477717447,0.462644709,0.493736749,0.488219895,39.99758048,0.170080881,49960,9.2,0.73636001
26123,Newaygo ,Michigan,4.6,18.3,19.3,22,15.4,19.5,15.9,18.1,15.2,15.2,0.274381625,0.670185512,0.289864143,0.694267516,41.6232717,0.191381003,48860,13.2,0.78179002
26125,Oakland ,Michigan,20.5,49.5,55.8,57.1,49.8,38.8,46.4,54.4,45.9,36.4,0.516194362,0.435144309,0.563571671,0.423146072,40.81134982,0.167985095,80319,6.1,0.9016
26127,Oceana ,Michigan,4.7,19.6,18.3,20.1,17,23.4,18.8,15.2,17.1,25.1,0.333025985,0.605867561,0.351585834,0.632342483,41.91370892,0.205784038,50374,14.1,0.69225001
26129,Ogemaw ,Michigan,3.3,14.6,15.3,19,14,13.3,12.1,15.9,12.1,11.2,0.291710792,0.657263888,0.291845133,0.693121693,46.04930317,0.258400153,41201,14.5,0.71077001
26131,Ontonagon ,Michigan,3.4,15.2,23.3,14.2,12.8,16.2,17.5,18.7,14,19.1,0.343257443,0.60303561,0.365667718,0.619873817,52.78904228,0.361863676,40798,7.4,0.89139998
26133,Osceola ,Michigan,4.4,16.5,17.8,21.2,15.5,14.8,13.8,17.8,13.7,12.4,0.254972193,0.691488359,0.260686187,0.724146322,42.44537509,0.211944647,45607,11.8,0.71890002
26135,Oscoda ,Michigan,5,13.8,12.2,17.6,14.7,12.1,10.7,11.7,13.1,8.6,0.256322121,0.698011294,0.275338531,0.71112023,46.40224746,0.272112131,38927,16.7,0.71429998
26137,Otsego ,Michigan,8.2,26.3,21.5,37.2,21.5,29.2,24.2,32.1,19.6,26.5,0.283617802,0.659275802,0.32140679,0.662668564,42.64027975,0.211352118,51292,7.9,0.80593002
26139,Ottawa ,Michigan,10.4,36.5,40.9,43,35.7,29.4,33.5,39,32.6,26.9,0.315082601,0.61980327,0.383521128,0.598134109,37.63993404,0.149717378,70420,7.4,0.98351997
26141,Presque Isle ,Michigan,9.9,19.8,21,24.4,18.5,19.5,17.3,26.1,15.3,18.3,0.332502078,0.621778886,0.348873442,0.640220518,49.23810645,0.314099545,45502,10.9,0.78723001
26143,Roscommon ,Michigan,7.6,18.5,15.3,22.5,19.2,17.6,14.9,12.7,16,14.5,0.328732459,0.624261943,0.343987215,0.643893994,50.19783118,0.325447999,38613,10.1,0.7439
26145,Saginaw ,Michigan,5.3,22.9,24.7,28.4,23.7,17.5,21.1,27.7,20.1,16.2,0.470695505,0.482071671,0.494325054,0.49139324,41.21661426,0.192783019,48805,10.5,0.66187
26147,St. Clair ,Michigan,7.4,19.9,21.4,25.9,18,18.4,18.3,21.9,17,16.5,0.314769945,0.628834788,0.340665189,0.642868005,42.24604141,0.188418258,56557,9.5,0.81867999
26149,St. Joseph ,Michigan,5.1,17.2,17,12.7,17.6,19.6,15.7,16.1,15.8,17.8,0.316790841,0.626510081,0.331543528,0.648876002,40.09718559,0.17992235,52689,12.9,0.74633998
26151,Sanilac ,Michigan,4.4,15.3,19.6,17.9,13.7,13.9,14.2,16.6,13.1,13.4,0.253156008,0.698529794,0.26579346,0.721464849,43.01260259,0.214146957,46184,12.1,0.76402003
26153,Schoolcraft ,Michigan,8.3,20.1,19,18.5,19.6,21.7,15.8,11.4,14.8,18.8,0.329561868,0.615310544,0.33487882,0.651211802,47.40456123,0.267972236,44887,9.9,0.74065
26155,Shiawassee ,Michigan,5.9,19.2,19.2,21.8,20.1,16.2,17.2,18.4,17.1,13.9,0.367799244,0.563747765,0.391265552,0.590174383,41.61749179,0.183643243,54149,7.6,0.84719998
26157,Tuscola ,Michigan,4.3,15.3,19.1,22.1,13.2,12.4,13.6,17.2,13,11.9,0.287990386,0.662971003,0.295873663,0.689319069,42.90292482,0.202509711,51113,10.7,0.76156002
26159,Van Buren ,Michigan,5.7,22.2,20,25,20.6,24.1,20.9,22.5,20.8,21.2,0.39844924,0.53765703,0.430118261,0.55268008,40.87663026,0.181144629,57363,12.8,0.77098
26161,Washtenaw ,Michigan,22,57.4,63.1,61.9,56.1,50.5,55.2,59.3,52.7,48,0.681325499,0.268488371,0.726076389,0.259872099,37.4280656,0.138496292,72267,4.8,1.06823
26163,Wayne ,Michigan,10.6,26.5,29.1,30.3,25.9,22.3,23.3,26.3,23,19.4,0.667804864,0.294396777,0.684459849,0.303223381,38.94983759,0.154259125,46440,14.1,0.61658001
26165,Wexford ,Michigan,4.7,19.9,16.7,23.9,19.2,20.1,17.9,19.2,17.6,19,0.289972545,0.65368022,0.319627703,0.662578702,41.23722584,0.190880296,46396,10.5,0.70775002
27001,Aitkin ,Minnesota,3.2,18.3,18.4,20.1,18.3,17.9,17.4,16.4,17.8,17.5,0.339508179,0.597551728,0.359800499,0.624239401,49.45352786,0.330210036,44016,9,1.0183001
27003,Anoka ,Minnesota,11.9,31.5,35.8,36,31.2,23.8,29.7,35.9,28.3,22.1,0.406442791,0.50247634,0.477866927,0.496855048,38.88177512,0.140503599,82284,6.1,1.03045
27005,Becker ,Minnesota,8.3,26.3,28.1,28.3,23.4,27.8,24.5,31,21.8,23.8,0.302403902,0.631750087,0.339621669,0.641100974,41.36954118,0.205172966,59440,7.4,0.98914999
27007,Beltrami ,Minnesota,7.1,31.4,29.6,32.8,31.3,32,28.1,32.6,25.9,30,0.402893712,0.500046374,0.472363471,0.503865393,37.43553483,0.161120242,47073,8.7,0.75983
27009,Benton ,Minnesota,14.9,23.6,31.6,27.8,20.6,16.2,22.6,27.2,21.2,14.5,0.281184565,0.641738957,0.327044025,0.646091644,37.71926255,0.140806511,61341,7.6,1.17286
27011,Big Stone ,Minnesota,18.4,20.3,23.9,27.7,18,18.4,15,20.1,14.6,12.3,0.33430127,0.583666062,0.354068594,0.626429052,45.46752856,0.265383844,51058,9.8,1.17421
27013,Blue Earth ,Minnesota,11.7,35.2,39,42,32.7,29.6,33.6,39,31.7,28.2,0.42949424,0.466376924,0.508446368,0.464092536,36.50685185,0.138935441,58132,5.9,1.13203
27015,Brown ,Minnesota,10.3,23.9,36.7,27.5,25.2,14.4,20.4,24.1,21.3,13,0.273096741,0.631976196,0.324769388,0.652681927,42.05398033,0.208792959,60626,7.4,1.14209
27017,Carlton ,Minnesota,5.4,25.1,29.1,33.7,23.1,19.2,22.5,29.2,21.4,19.1,0.46455439,0.44808083,0.495753351,0.480681428,40.82282278,0.171219689,60412,5.9,1.02415
27019,Carver ,Minnesota,17.1,49.8,56,58.9,49,36.2,48.1,58.6,48,31.7,0.386167768,0.52168917,0.463736231,0.512484743,37.54818882,0.120163011,104248,3.6,1.2180099
27021,Cass ,Minnesota,5.9,24.8,20.2,28,23.4,26.8,22.4,26,21,24.7,0.309331833,0.623913995,0.346765816,0.635354585,44.90370609,0.259460009,48651,8.3,0.77647001
27023,Chippewa ,Minnesota,25.1,19.8,21.4,23.1,20.9,16,19.1,21.6,18.9,15.1,0.317904211,0.604950177,0.336711541,0.642867947,41.60390808,0.211841664,53540,9.3,0.86171001
27025,Chisago ,Minnesota,7.4,23.6,21.9,29.2,23.5,20.3,20.5,26.1,19.9,14.9,0.306933969,0.610063517,0.34150998,0.633960081,40.09701012,0.154000215,82814,5.7,1.20342
27027,Clay ,Minnesota,8.9,36.7,39.2,41,37.1,29.3,33.5,42,33.3,22,0.441220491,0.460677597,0.507366854,0.466608766,35.96587444,0.131545618,65914,5.1,1.04096
27029,Clearwater ,Minnesota,5.5,18.3,17.9,23.2,18.2,15.7,16.1,24,14,17.6,0.259128386,0.689045936,0.267629567,0.716227698,41.38989784,0.202270148,51475,14.3,0.93194002
27031,Cook ,Minnesota,30.4,46.4,54.7,48.7,37.6,50.9,42.4,45.6,34.4,51.2,0.563181149,0.340500736,0.655806621,0.316079874,47.62238086,0.28555535,54465,3.4,1.13227
27033,Cottonwood ,Minnesota,5.4,22.5,22.2,28.4,22.4,20,21.2,29.5,19.5,15.7,0.293305366,0.643069393,0.300311118,0.682004257,42.27476279,0.228074843,51788,9.6,0.86575001
27035,Crow Wing ,Minnesota,4.9,27.2,25.3,31.1,26.1,27.3,24.3,29.5,23.8,23.5,0.306400312,0.621812399,0.341672267,0.639135738,43.03884326,0.224213657,53481,6.3,1.04995
27037,Dakota ,Minnesota,17.3,44.1,47.1,50.5,44.1,35.7,41.8,48.6,41.7,31.9,0.477372105,0.430275665,0.5572926,0.418052383,38.65682509,0.141698968,86403,5.1,1.07026
27039,Dodge ,Minnesota,5.8,30.3,33.3,37.5,28.1,25.2,24.4,30.8,25,17.3,0.29115825,0.612633753,0.334700911,0.638631328,38.59163385,0.147152051,75955,5.2,1.1513799
27041,Douglas ,Minnesota,7.2,28.4,31.9,36.1,26.8,24.8,25.4,31.7,24.6,22.1,0.28583888,0.641083314,0.325594869,0.653796814,43.06975029,0.227873775,60979,5,1.17767
27043,Faribault ,Minnesota,6.3,21.4,22.8,27.1,20.8,18.5,17.8,27.6,16.4,15.1,0.290474906,0.628575283,0.31981299,0.655926207,43.45798808,0.228230848,52560,8.4,0.92145002
27045,Fillmore ,Minnesota,9.7,23.3,25,29.1,22.5,20.2,21.1,27.5,20.1,17.5,0.350248756,0.567254636,0.374845565,0.601350795,41.68249596,0.20937411,58761,8.7,1.19946
27047,Freeborn ,Minnesota,5.4,17.1,22.3,19.2,14.1,17.1,16.7,16.9,17.7,13.8,0.376362843,0.548750857,0.409620645,0.56950886,43.05807384,0.221455788,52010,10.1,0.89091998
27049,Goodhue ,Minnesota,10,27.8,32.5,31.6,26.6,24.3,25,27.2,24.2,24.3,0.367305673,0.545981258,0.412278251,0.56055315,42.02136715,0.196625218,67039,5.7,1.15031
27051,Grant ,Minnesota,10.4,19,19.1,22.7,20,16.1,19.4,26.7,20.1,16.5,0.31816873,0.594010942,0.355774494,0.620963328,43.28724464,0.2326856,54917,6.4,1.15798
27053,Hennepin ,Minnesota,23.4,52.6,61.2,57.3,50.1,42.6,49.2,53.5,47.4,40.2,0.631327236,0.282024245,0.704556668,0.272462231,38.45182496,0.140371661,76067,6.8,0.97632003
27055,Houston ,Minnesota,14.8,26.7,36.9,33.9,22.3,23.7,24,28.4,23.5,18,0.39089023,0.529611467,0.424213287,0.553671329,43.29610292,0.214877812,59613,5.4,1.1802
27057,Hubbard ,Minnesota,7.8,29.6,24.2,26.3,28.3,34.2,27.2,27.4,26,30.5,0.297522816,0.631116906,0.344157347,0.632626302,44.64372773,0.250468779,55687,7.1,0.99961001
27059,Isanti ,Minnesota,10.3,19.7,26.3,19.9,18.5,16.2,17.7,17.3,19.1,14.6,0.269175866,0.648791397,0.294532701,0.680462142,39.96234299,0.160736626,73468,8.3,1.1776201
27061,Itasca ,Minnesota,7.3,24.7,25.2,27.7,24.4,23.3,22.7,29.4,19.4,23.2,0.377512563,0.541038526,0.406084108,0.573735929,44.08187018,0.234836393,53143,6.4,0.97575998
27063,Jackson ,Minnesota,10.8,23.1,20.9,33.8,26,15.1,22,29.6,19.7,16.6,0.272064187,0.65809628,0.299879704,0.678467091,43.48779134,0.223690849,57786,6.9,1.06769
27065,Kanabec ,Minnesota,3.8,15,16.7,18.6,13.7,13.9,14.6,20.6,15.2,10.9,0.284578696,0.639598875,0.300151482,0.679290197,42.84367866,0.205096563,56950,9.6,0.99628001
27067,Kandiyohi ,Minnesota,9,25.9,25.8,30.9,24.7,24.5,23.4,27.1,23.8,20.7,0.333731398,0.58722212,0.361193136,0.617837121,40.36477657,0.188099405,60579,11.5,0.89806002
27069,Kittson ,Minnesota,4.7,27.2,36.5,27,24.6,26.7,23.9,20.1,22.2,23,0.345073375,0.565618449,0.381205002,0.585827965,44.39618644,0.243879473,54438,6,1.21296
27071,Koochiching ,Minnesota,4.8,17.1,13.6,18,17,17.9,17.6,23.2,12.9,17.2,0.362407669,0.560898947,0.384137533,0.596792834,46.0028135,0.255546624,46281,7.7,0.96885002
27073,Lac qui Parle ,Minnesota,25.8,20.8,26.7,28.9,19.2,17.3,19.1,20.2,21,13.7,0.338082902,0.594041451,0.357920792,0.625742574,46.32322019,0.275458096,52445,7.3,1.20034
27075,Lake ,Minnesota,2.1,26.1,27.4,29.6,22.5,27.8,29.8,33.7,30.7,27.2,0.471860144,0.449624291,0.506387115,0.471119134,45.99596547,0.260367799,61015,4,1.1386
27077,Lake of the Woods ,Minnesota,5.6,21.2,20.4,28.3,22.8,16.5,19.3,26.4,14.8,23.2,0.246654773,0.686886708,0.278654485,0.707641196,45.79696647,0.242416179,52058,8.4,1.12264
27079,Le Sueur ,Minnesota,13.8,24.7,29.6,27.1,23.7,21.3,22.4,26.3,20.3,19.3,0.308797008,0.613319084,0.3372577,0.640682602,40.52046045,0.175019302,67269,7.2,1.09262
27081,Lincoln ,Minnesota,13.1,22.4,35,29.5,22.8,13.7,18.4,27.8,21,10.6,0.284862537,0.639615767,0.300802568,0.680898876,43.93927375,0.248193196,51305,8.7,1.20188
27083,Lyon ,Minnesota,7.4,27.5,37.4,36.4,26.8,15.6,25.4,35,23.6,15.8,0.313139582,0.594023741,0.35941984,0.618862949,38.16740801,0.158414296,57690,8,1.01829
27085,McLeod ,Minnesota,13.6,18.9,22.6,19.9,19.2,15.7,17.9,21.7,18.1,13.3,0.26468868,0.646301909,0.306358382,0.668131658,41.04751484,0.187216012,61959,7,1.1631
27087,Mahnomen ,Minnesota,7.2,13.7,11.7,10.3,15.2,15.1,12.2,11.1,13.3,13,0.445402299,0.474616858,0.482638889,0.495659722,37.46376155,0.172313825,43162,13.1,0.58665001
27089,Marshall ,Minnesota,10.1,18.5,20.9,21.1,20.8,13.3,19,24.7,19.3,12.3,0.25430766,0.665974673,0.253275963,0.727752787,42.44408946,0.214696486,58105,11.4,1.1634099
27091,Martin ,Minnesota,11.9,23.1,29.2,25.9,20.6,21.8,20.1,28.8,19.4,16,0.259519514,0.670591587,0.30020892,0.679444091,43.73553197,0.235026535,50821,7.3,0.9472
27093,Meeker ,Minnesota,6.9,20,20.6,23.4,19.6,18.3,18.8,17.2,18.8,18.4,0.259811106,0.65982739,0.285830438,0.691773228,41.49809861,0.200250637,66557,7.4,1.13625
27095,Mille Lacs ,Minnesota,6.8,16.7,15,18.9,17,15.6,15.3,18.1,15.4,15.7,0.285011908,0.640700622,0.299816189,0.677513786,40.67169746,0.18313631,53289,10.2,1.08468
27097,Morrison ,Minnesota,8.5,17.5,19.4,19.6,16.5,16.5,17.1,18.3,16.6,16,0.206483479,0.733791302,0.223284589,0.757797321,41.62297627,0.195574181,57471,9.9,1.02246
27099,Mower ,Minnesota,10.3,24,30.3,25.8,21.2,22.2,21.7,27.9,19.8,18.9,0.419813717,0.498052498,0.460015508,0.518221763,39.90246432,0.183449551,53387,13.1,0.80070001
27101,Murray ,Minnesota,10.3,21.6,24,36.9,19.5,16.5,18.9,28.9,15.4,16.9,0.277420737,0.637103685,0.295955882,0.686887255,44.41940551,0.255074915,59938,9.6,1.09631
27103,Nicollet ,Minnesota,7.7,34.9,43.8,39.1,31.2,30.7,32.6,33.4,33.6,28.1,0.435762834,0.466209869,0.503111111,0.471529412,38.79237288,0.162419638,66209,5.8,1.16146
27105,Nobles ,Minnesota,8.9,17,22.7,14.8,17.4,14.3,15.3,14.1,12.1,17.8,0.316612604,0.613878591,0.336546185,0.642570281,38.05373107,0.163519431,55766,22.2,0.65442997
27107,Norman ,Minnesota,18.9,21.9,24.5,25,22.9,17.7,18.4,21,18.4,14.2,0.387611162,0.521005826,0.408020924,0.567567568,42.11853282,0.210965251,48799,8.7,1.04493
27109,Olmsted ,Minnesota,21.9,47.7,55.8,52.6,45.6,39.3,44,50.3,41.4,35.9,0.45262015,0.445132224,0.541565903,0.434338239,38.75709477,0.155313962,76001,5.6,1.11134
27111,Otter Tail ,Minnesota,6.9,26.6,25.9,31.3,25.9,25.4,25.1,28.1,23.5,25.5,0.287384615,0.644276923,0.328525509,0.653864117,43.72891587,0.23791063,53778,7.7,1.0625401
27113,Pennington ,Minnesota,11.3,19.7,19.6,19.5,17.5,22.9,20.1,22.8,20.8,15,0.319731943,0.59568131,0.352892676,0.622784114,40.61962195,0.182818451,57494,7.5,1.06635
27115,Pine ,Minnesota,3.7,15.4,13.7,16,15,16.5,14.5,16.7,14,13.6,0.331619723,0.593077981,0.338666333,0.64095994,43.48785741,0.206831055,50387,10.4,0.99388999
27117,Pipestone ,Minnesota,8.2,20.5,22.8,23.6,21.4,16.6,21.4,27.2,21.6,17.4,0.234400998,0.694259567,0.26437247,0.719230769,41.36315906,0.209572234,55378,12.4,0.99159998
27119,Polk ,Minnesota,7.3,26.7,30.9,32.1,25.6,21.8,24.1,29.9,23,20.1,0.31846445,0.606853204,0.348787995,0.632615108,40.02910019,0.179707571,60180,8.1,1.0387599
27121,Pope ,Minnesota,14.8,22.4,28.7,26.2,20.8,19.7,21.9,26.3,19.5,19.2,0.333280582,0.600253205,0.352748505,0.62902307,44.29012346,0.244210147,60975,6.5,1.1796499
27123,Ramsey ,Minnesota,17.2,44.7,49,47.9,42.9,40.2,41.9,44.2,40.6,37.3,0.650714095,0.259549027,0.714987989,0.261425719,37.73437415,0.144177678,62937,9.9,0.85487002
27125,Red Lake ,Minnesota,3.6,17.3,23.1,21.7,18.4,11,16.9,17.2,19.5,15.4,0.28708134,0.606592238,0.314663024,0.662112933,42.32870718,0.209302326,54412,6.6,1.13307
27127,Redwood ,Minnesota,16.8,20,31.3,28.6,17.4,13,18.6,24.7,17.3,13.8,0.247930627,0.67494416,0.284282955,0.696644133,41.53993705,0.211489278,56760,9.2,1.07268
27129,Renville ,Minnesota,6,18,20.4,24.6,17.4,13.9,14.4,18.7,13.8,10.5,0.278332895,0.642913489,0.307086614,0.672613189,42.25431152,0.20804818,59787,10.8,1.03032
27131,Rice ,Minnesota,5.1,30,26.9,29.3,29.1,33.9,27.5,26.4,28,28.8,0.444995839,0.475572543,0.487642213,0.489379589,38.5592577,0.154082047,67024,9.5,1.0545
27133,Rock ,Minnesota,6.7,27.4,47.5,37.9,23.7,15.2,23,35.6,17.4,15.2,0.283736309,0.638768341,0.296946565,0.683778626,40.90715955,0.198321649,63503,8.2,1.13959
27135,Roseau ,Minnesota,9,20,26.8,28.5,17.5,14.7,19.3,24.7,17.5,15.4,0.237826756,0.698487955,0.259826624,0.720223251,40.87788779,0.174983498,60239,7.3,1.03732
27137,St. Louis ,Minnesota,11.8,31.7,35.8,36.7,29.7,28.9,28.7,31.8,27.3,25.3,0.513876288,0.396986355,0.566413734,0.41007772,41.51476316,0.193978594,53833,5.8,1.02886
27139,Scott ,Minnesota,16,42.9,41.7,50.7,44.5,30.6,39.3,46.3,38.8,27.6,0.37987978,0.532434125,0.455181038,0.521480134,36.55330402,0.108799642,101427,5.2,1.08085
27141,Sherburne ,Minnesota,7.5,27.3,27.3,30.6,28.4,20.6,27.4,32.7,25.9,20.6,0.275314293,0.643145621,0.324839963,0.651334244,36.73325628,0.1133325,81850,5.5,1.13634
27143,Sibley ,Minnesota,9.9,17.8,23.5,21.7,15.7,15.1,16.7,19.3,14,15.9,0.251350656,0.667995884,0.285967818,0.693800284,41.12623104,0.183391003,66209,9.1,1.05668
27145,Stearns ,Minnesota,9.1,28.4,30.7,31.7,28.3,24.5,27.8,32.6,28,22,0.321338828,0.598263645,0.375776507,0.60068368,37.74149797,0.151196815,60843,8,1.0326101
27147,Steele ,Minnesota,8.1,28.4,31.5,27.8,32.9,20.6,25,35.3,24.9,18.9,0.325407998,0.583867772,0.374716017,0.599015524,39.97479825,0.176371491,65323,8.4,1.02923
27149,Stevens ,Minnesota,11.9,28.6,38.4,38.7,23.4,21.5,29.3,41.7,25.6,20.7,0.391997036,0.51852538,0.377974435,0.598623402,37.8732185,0.172869886,61929,6.8,0.95367002
27151,Swift ,Minnesota,7.6,22.9,26.1,28.8,25.1,16.2,18,16.9,18,18.1,0.337605126,0.593311974,0.34353938,0.638551897,42.60914928,0.218726592,51552,10.3,1.00713
27153,Todd ,Minnesota,9.7,14.8,16.6,13.3,14.1,15.7,15.5,13.5,15.4,15.1,0.23205203,0.707496039,0.24786905,0.735686807,42.14791311,0.215360833,58113,13,0.91159999
27155,Traverse ,Minnesota,12.7,16.2,14.4,10.3,22,13.4,17,24.1,15.9,13.1,0.350389321,0.583426029,0.354613734,0.628755365,44.93802902,0.251511487,49773,8,1.02214
27157,Wabasha ,Minnesota,13.6,26.7,29.7,33.1,25.4,23.6,21.9,29.4,19.6,20.6,0.326741041,0.590686275,0.357845005,0.621275623,43.11191961,0.218202818,63633,7.8,1.1791199
27159,Wadena ,Minnesota,2.8,18.4,20.9,19.1,16.7,18.6,13.6,10.2,15.4,15.3,0.242861263,0.697577156,0.263514394,0.719030871,41.11758513,0.210339069,46312,9.6,1.04469
27161,Waseca ,Minnesota,11.4,22,24.3,25.3,23.9,15.3,20.5,23.6,20,20.7,0.294001865,0.618149798,0.33650977,0.637597459,40.53916323,0.18190573,58335,6.9,1.06423
27163,Washington ,Minnesota,18.1,47.9,48.3,58.2,47.7,39,43.2,52.9,42.9,32.6,0.465115957,0.446687697,0.534607221,0.442267337,39.21932207,0.15009973,95840,4,1.1604199
27165,Watonwan ,Minnesota,8.5,18.2,18.4,26,16.8,15.8,15.3,19.4,15.4,10,0.362945178,0.553821529,0.382041915,0.596616035,41.05919854,0.199544627,51962,16.6,0.81116003
27167,Wilkin ,Minnesota,13.9,24.2,32.8,30.2,24.1,15.7,23.5,31.7,19.6,18,0.270442156,0.644760751,0.299125364,0.678717201,42.06267988,0.191877199,61387,6.1,1.10428
27169,Winona ,Minnesota,10.9,31.8,32.2,34.1,34,27.3,29.8,31.2,28.4,27.6,0.43591317,0.464907571,0.490670887,0.486769955,39.09055583,0.169818003,56076,7,1.1096801
27171,Wright ,Minnesota,10.6,33.1,37.4,45,30,22.1,28.4,36.3,26.4,20.4,0.292079635,0.621592117,0.344915439,0.630541334,37.06662682,0.126256885,87377,5.5,1.25228
27173,Yellow Medicine ,Minnesota,7.1,19.4,20.3,23.7,19.3,16.6,16.1,18,15.2,15,0.288855193,0.641015921,0.305354559,0.675470333,41.79606942,0.202246044,56528,8.7,1.08412
28001,Adams ,Mississippi,0.6,20.3,19.2,22.2,20.7,19.2,17.8,18.9,18.2,19.8,0.560638913,0.424544666,0.575405189,0.413983574,41.83765068,0.188317517,33392,21.6,0.52726001
28003,Alcorn ,Mississippi,4.7,17.6,18.4,14.9,19.5,16.1,16.4,20,13.6,14.6,0.1815599,0.799499425,0.176153992,0.811625404,40.57799594,0.18450914,40010,18.5,0.68052
28005,Amite ,Mississippi,3.7,9.2,3,15,9.3,9.5,13.1,19.7,12.1,12.4,0.382553191,0.608368794,0.364091162,0.625764314,44.18140516,0.234950511,38092,20.3,0.60856998
28007,Attala ,Mississippi,2.8,16.2,10.1,21.8,16.8,15.2,13.6,18.6,13.2,14.2,0.392684109,0.59314438,0.401450754,0.586875213,40.20786823,0.191723387,36761,23.4,0.58020997
28009,Benton ,Mississippi,9,11,17.9,6,10.6,12.1,10.3,4.7,14.1,11.7,0.428357837,0.560926987,0.391466542,0.599207274,41.54908717,0.187039052,35184,30.1,0.70244002
28011,Bolivar ,Mississippi,6.5,27.2,28.5,29.2,23.5,30,23.8,28.8,22.1,24,0.654369213,0.33203125,0.647846333,0.339857392,37.97346248,0.158012319,33116,23.1,0.55483001
28013,Calhoun ,Mississippi,6.3,12,11.4,10.6,11.6,13.5,11.3,9.8,13.3,11.8,0.29862414,0.686366479,0.28861912,0.701820941,41.10522305,0.189249099,39176,22.9,0.60247999
28015,Carroll ,Mississippi,7.6,18,19.4,20.4,22.2,11.4,14.5,24.3,12.4,11.4,0.303907381,0.687228654,0.303280126,0.688300298,44.65164968,0.236908486,42588,18.3,0.65749002
28017,Chickasaw ,Mississippi,1.7,11.3,12.4,14.9,10.4,9.4,12.4,10.5,13.6,12.8,0.462484157,0.523067174,0.468001474,0.512836261,39.19530022,0.172267195,37429,27.7,0.57459998
28019,Choctaw ,Mississippi,3.7,17.3,23.6,17,19.7,11.8,17.7,20.3,17.2,13.4,0.299630996,0.685854859,0.280606204,0.710632252,42.45167915,0.215631795,38479,19.6,0.69454998
28021,Claiborne ,Mississippi,3,22.3,21.7,16,26.5,22,19.1,17.2,13.1,24.5,0.867977528,0.126404494,0.847830973,0.135536076,37.43723617,0.163519218,29631,22.6,0.43199
28023,Clarke ,Mississippi,2.2,12.7,9.9,12.8,11.1,16.3,11.7,13.9,11.3,13.2,0.331793095,0.659350533,0.340369393,0.649676181,41.89887208,0.20443476,41495,19,0.70547998
28025,Clay ,Mississippi,2.1,18,14,21.9,16.7,19.8,20.1,23.5,17.5,21,0.572028391,0.414875537,0.573559721,0.410344489,40.62725678,0.184669349,38121,18.4,0.54637003
28027,Coahoma ,Mississippi,2.1,20,13.5,19.2,21.4,23.8,17.1,17.5,18.7,16.2,0.715664273,0.272217235,0.708151982,0.279378897,37.43812975,0.154322079,29380,21.3,0.43441999
28029,Copiah ,Mississippi,5.2,21.3,22.1,30.2,20.9,16,14.2,12,13.1,15.9,0.519257433,0.470112463,0.502212218,0.48513545,39.81019865,0.176400519,38664,20.1,0.56206
28031,Covington ,Mississippi,3.3,15.7,12.4,22.6,14.9,13.9,17.4,23.4,14.9,15.4,0.371807967,0.616842583,0.364957265,0.62542735,39.27531427,0.16893863,36083,16.9,0.62176001
28033,DeSoto ,Mississippi,6.7,27.4,29.3,31.8,28.5,19.1,24.1,30.2,23.1,15.9,0.31343329,0.655894665,0.371302086,0.610346277,37.35511069,0.128944346,68126,10.3,0.69832999
28035,Forrest ,Mississippi,8.1,28.7,30.7,29.5,26.9,28.5,27.6,31.6,25.5,23.6,0.417474344,0.550919327,0.434542238,0.546218487,36.62488672,0.135774828,39061,13,0.69357002
28037,Franklin ,Mississippi,0,16.5,21.2,12.4,15.3,18.6,15.3,11.2,13.1,21.3,0.35011655,0.634265734,0.331764178,0.655234252,41.76489471,0.199409348,39508,15.7,0.64894003
28039,George ,Mississippi,10.2,16,13.5,14.4,16.9,18.2,12.6,12.7,18.4,8.5,0.103831766,0.879183096,0.11023622,0.87908408,37.3657732,0.144865979,47246,18.3,0.78865999
28041,Greene ,Mississippi,1.2,11.4,14.3,4.4,13,12.9,8.6,2.3,7.7,12.7,0.181411809,0.807412926,0.166207846,0.824845148,39.62534962,0.148682467,42022,22.9,0.72386003
28043,Grenada ,Mississippi,8.5,22.1,31.3,20.3,21.5,17.7,19.7,13.8,21.9,17.9,0.420812328,0.567868353,0.433874072,0.557327468,39.95879839,0.177819995,39633,20,0.60509998
28045,Hancock ,Mississippi,3.7,24.4,17.8,23.2,23.7,29.3,23.2,22.8,24.8,21.3,0.189601406,0.783069683,0.214916257,0.769766665,42.50971817,0.198229602,49843,13.4,0.73575002
28047,Harrison ,Mississippi,8.4,24.8,24.9,27.2,24.6,23.1,22.3,22.5,20.7,24.3,0.334354714,0.637373051,0.365959244,0.617965368,38.28959594,0.149547544,45355,12.9,0.69721001
28049,Hinds ,Mississippi,9.8,31.3,35.2,29.3,30.4,30.9,29.1,30,27.3,29.1,0.713913034,0.266949018,0.735536777,0.251422571,37.4833604,0.140628888,44776,13,0.60742003
28051,Holmes ,Mississippi,5.9,14.7,16.5,17.2,13.3,13.7,9.9,11.4,8.3,10.9,0.828256563,0.162085191,0.811829945,0.168699938,37.44069913,0.150493701,26449,24.9,0.45950001
28053,Humphreys ,Mississippi,2,18.6,10.9,14.2,16.3,29.6,14.4,15.7,14.1,20.1,0.722078533,0.270632495,0.719980902,0.266889472,39.20703645,0.169795325,28542,28.8,0.4305
28057,Itawamba ,Mississippi,2.2,15.3,14,15.9,15.7,15.1,13.4,16.5,14.5,8.9,0.114717059,0.869877786,0.11544505,0.872354192,40.01031169,0.176553132,45720,21.5,0.81233001
28059,Jackson ,Mississippi,8.2,23.6,25,25.6,22.4,22.9,20.8,24.9,19.5,19.1,0.295700769,0.678455424,0.318556002,0.665438278,39.54296572,0.158580931,51771,11.1,0.68848997
28061,Jasper ,Mississippi,1.7,14.9,19.1,12.7,15.3,13.6,14.5,16.5,11.6,15.2,0.51539823,0.476460177,0.496909341,0.492445055,41.52483565,0.20404188,36987,16.9,0.61036003
28063,Jefferson ,Mississippi,5,19.7,2.3,18.8,24.7,21.4,15,18,15.1,21.1,0.864507772,0.126943005,0.851330604,0.135875128,39.99577822,0.16873065,28024,25.2,NA
28065,Jefferson Davis ,Mississippi,4,14.2,16,17.1,13.3,12.9,13.9,9.4,14.1,15.6,0.596440596,0.395382395,0.579269274,0.407854499,43.25485134,0.226989496,31739,21.2,0.54497999
28067,Jones ,Mississippi,4.2,20.7,19.1,23.8,21.4,18.8,20.5,22.9,21.3,19,0.274795429,0.710108634,0.283041441,0.705393639,38.92555616,0.169103577,42435,16.7,0.62312001
28069,Kemper ,Mississippi,22.1,16.5,12.7,23.9,11,22,11,9.5,11.6,12.8,0.609398577,0.383272257,0.610230395,0.377721412,41.30372993,0.201954722,33437,16.7,0.56220001
28071,Lafayette ,Mississippi,10.5,45.1,54.8,47.4,40,41.3,43.9,49.8,42.7,36.9,0.405691595,0.553479611,0.42991931,0.552832686,35.89714927,0.126457759,49381,10.5,0.86812001
28073,Lamar ,Mississippi,11.9,33.6,38.3,36.1,31.4,30.2,35.2,41.1,34.7,28.5,0.211044242,0.762483735,0.25767948,0.726838687,37.68239467,0.137764825,58377,9.2,0.78457999
28075,Lauderdale ,Mississippi,7.4,20.4,24.5,25.4,18,17.5,20,22.7,17.9,18.1,0.381922321,0.601267539,0.414759817,0.5749992,39.68662453,0.173559754,40077,14.5,0.62093002
28077,Lawrence ,Mississippi,0,13.9,8.1,22.4,10.2,16.9,15.6,16.8,11.4,16.4,0.344908862,0.642834695,0.341751096,0.647966127,40.35748695,0.179847451,40510,16.8,0.68703002
28079,Leake ,Mississippi,4.8,16.9,17.6,16.8,18.8,13.9,12.8,15.6,9.8,15.7,0.424192212,0.56598414,0.423586957,0.56826087,38.80584721,0.163379168,37212,22.7,0.58191001
28081,Lee ,Mississippi,6.9,28.3,30.9,33.6,26.3,24.8,23.9,29.4,21.5,22,0.304712424,0.675113177,0.329842507,0.655057639,38.23936058,0.147860379,51088,16.2,0.67948997
28083,Leflore ,Mississippi,4,19.2,18.5,21.8,20.3,16.2,17.5,19.5,17.7,17,0.699012567,0.288330341,0.702102268,0.287248692,36.52486255,0.144230437,29244,21.2,0.48482001
28085,Lincoln ,Mississippi,5,19.2,19.1,24.5,19.7,14.3,16,19,14.8,12.5,0.293424603,0.694398736,0.299982144,0.690197012,39.99320275,0.171933928,43478,13.4,0.66824001
28087,Lowndes ,Mississippi,10.4,26.1,28,30,25.4,22.8,23.7,26.3,22,21.4,0.462130987,0.518905181,0.48041555,0.506589332,38.78576277,0.158696759,44348,14.2,0.65670002
28089,Madison ,Mississippi,22.4,49.5,47.1,50.2,51.4,47.6,47.7,50,50.3,40.1,0.408477571,0.567547488,0.434782609,0.55310254,37.86793525,0.132945186,75740,8.2,0.69121999
28091,Marion ,Mississippi,4.7,11.3,7.2,11.1,12.8,12,12.1,12.2,9.8,15.9,0.314461644,0.670144531,0.31099614,0.679395582,40.64080518,0.185757637,36408,20.7,0.64744002
28093,Marshall ,Mississippi,3.7,14,14.2,11.1,15.2,13.9,13.7,15.3,12.2,16.4,0.540669856,0.443897837,0.509388632,0.478346083,40.80597162,0.175284195,40285,18.7,0.71250999
28095,Monroe ,Mississippi,6.6,16.1,16,11.9,17.7,16.3,17.2,20.8,15,14.8,0.347771342,0.640078066,0.340344168,0.647604149,41.16578563,0.192076257,44681,18.9,0.68526
28097,Montgomery ,Mississippi,0.7,16.9,14.9,14.9,18.9,16.6,20.4,22.8,20.6,18.1,0.423338671,0.564051241,0.417931034,0.574778325,42.25855532,0.216402275,36311,20.5,0.61407
28099,Neshoba ,Mississippi,5.4,15.3,13.4,15.3,16.7,14.7,12.2,11.3,10,12.6,0.257272813,0.727660381,0.278561053,0.710928822,37.74532189,0.158214592,36236,21.8,0.57703
28101,Newton ,Mississippi,4.1,16.2,21.4,21,10.9,16.9,16.6,23.8,16.2,10.4,0.292011019,0.693791057,0.301973878,0.687125601,38.51198526,0.167187427,40792,15.3,0.64459002
28103,Noxubee ,Mississippi,0,13.4,14.6,12.7,15.6,9.5,13.5,16.9,18.6,5.3,0.779870829,0.215285253,0.75669601,0.232253231,39.02539155,0.163644993,32167,27.8,0.50427002
28105,Oktibbeha ,Mississippi,10.2,44.4,44.7,47.2,48,37.1,43.5,49.2,39.7,38.8,0.488799382,0.473184727,0.521283596,0.455737207,33.96918285,0.115123289,39130,9.5,0.75051999
28107,Panola ,Mississippi,6.7,16,12.8,21.2,13.9,18.3,14.9,21.7,11.7,15.7,0.493295273,0.494490175,0.473731362,0.515773981,38.74568436,0.157381942,39198,21.6,0.59382999
28109,Pearl River ,Mississippi,2.8,15.9,18.2,16.4,16.9,13,16.4,14.6,17.5,16.4,0.164694055,0.812594251,0.172596014,0.815337245,40.64884359,0.187679419,45268,16,0.76780999
28111,Perry ,Mississippi,4.1,10.8,21.6,3.3,10.1,13.1,11,14.1,11.1,6.3,0.224594993,0.76122975,0.230223124,0.760649087,40.87901266,0.182633476,39687,18.7,0.76682001
28113,Pike ,Mississippi,1.7,16.7,17.1,13.8,17.4,17.5,15.5,19.2,13.5,20.5,0.493133047,0.491048437,0.498558413,0.488928613,38.72677754,0.172711877,33983,18.3,0.52130002
28115,Pontotoc ,Mississippi,9.5,17.9,25,22.3,15.8,11,15.9,17.3,13.1,12.2,0.183764633,0.796056685,0.182020751,0.804261542,38.01691641,0.149624603,44297,23.4,0.70828998
28117,Prentiss ,Mississippi,7.9,18.5,13.3,23.5,21.9,14.1,12.2,13.8,13.3,11.9,0.209380065,0.77471637,0.202273581,0.786358512,40.14586214,0.181828955,41281,21.3,0.71544999
28119,Quitman ,Mississippi,2.4,14.4,14.1,20.5,10.3,17,11.4,14.9,10.8,13.1,0.687072808,0.297473997,0.666460012,0.318040918,40.28329315,0.173592398,27767,29.4,0.48859999
28121,Rankin ,Mississippi,10.9,32.7,32.2,34.9,33.4,30.2,29.2,31.3,29.1,24.6,0.224796074,0.751625032,0.266746869,0.720331187,39.07944666,0.15294798,66296,10.5,0.86145997
28123,Scott ,Mississippi,1.4,11.1,10.5,14.4,9.7,11.1,12.7,12.4,12.5,13.9,0.405626307,0.58182855,0.403428678,0.585577192,37.87508396,0.150599215,38034,25.7,0.55216998
28125,Sharkey ,Mississippi,0,16,8.2,10,18.3,21.3,18.7,20.1,15.8,22.4,0.675342466,0.315981735,0.671094824,0.31516262,41.1920265,0.191455335,28887,26.3,NA
28127,Simpson ,Mississippi,1.7,16.5,11.6,20.1,17.9,15,12.6,14.4,10.6,14.9,0.33925913,0.647429722,0.3416843,0.646212442,40.21899993,0.175872636,38173,22,0.70289999
28129,Smith ,Mississippi,2,14.5,7.5,20.4,17.3,11.4,12.5,18,12.7,9.2,0.212009965,0.777238757,0.215083463,0.775549418,41.26984127,0.196100487,46764,18.4,0.71680999
28131,Stone ,Mississippi,0.6,14.3,7.5,13.5,14.4,18.5,14.5,10,15.5,18.7,0.223278921,0.753158268,0.228738258,0.757044935,38.81057328,0.15980125,44622,19.7,0.73018998
28133,Sunflower ,Mississippi,3.8,17.4,13.9,17.5,16.5,22.6,15.4,15.5,14.7,20.3,0.700666806,0.291102313,0.700444169,0.289123024,37.94589081,0.136700991,31329,27.1,0.45051
28135,Tallahatchie ,Mississippi,5.8,11.7,16.3,11,11.3,9.6,11.4,17.3,12.8,13,0.568483816,0.419420784,0.546174142,0.43764292,39.0900479,0.149424466,32692,31.1,0.48157001
28137,Tate ,Mississippi,3.9,18.1,22.6,16.5,17,17.4,17.4,21.5,19.6,15.7,0.337662338,0.64462028,0.319483694,0.665011838,39.08454745,0.166869502,48082,18.4,0.73935997
28139,Tippah ,Mississippi,0.8,15.8,14.3,15.9,17.1,14.8,15.5,28.4,12.6,12.4,0.199458581,0.783974012,0.191744209,0.797267868,39.10059104,0.165355763,39833,22.4,0.71019
28141,Tishomingo ,Mississippi,6.1,14.8,17.4,15.2,15,12.9,10,13.1,10.3,6.6,0.119340581,0.856050651,0.115889691,0.868133071,42.01295363,0.204019739,41455,20.9,0.75365001
28143,Tunica ,Mississippi,0,16.9,9.9,15.9,17.1,26.2,16.8,21.9,12,12.1,0.747687132,0.239136529,0.724312184,0.259966311,35.38616251,0.122184232,33143,18.5,0.43650001
28145,Union ,Mississippi,9.8,17.7,15.3,18.3,17.7,19.1,14.8,19.2,14.7,10.2,0.175017397,0.803322895,0.17030671,0.817866435,39.06662938,0.1672726,46600,22.2,0.75875002
28147,Walthall ,Mississippi,3.1,18.3,9.5,25.4,20.8,13.6,13.4,9.9,17.1,14.8,0.403237462,0.58621188,0.398230088,0.592779885,41.18924991,0.196335983,33566,19.5,0.57837999
28149,Warren ,Mississippi,7.4,26.8,26.8,25,27.2,27.3,23.3,25.4,22.6,24.1,0.47816234,0.503038731,0.49598632,0.492328884,39.61300243,0.165995322,46049,12.8,0.64959002
28151,Washington ,Mississippi,4.5,20.6,17.1,19.7,20.7,23.5,18.8,22.2,18.1,21.8,0.676374443,0.311679049,0.694302532,0.294313638,38.498491,0.158444844,33991,21.5,0.46313
28153,Wayne ,Mississippi,10.8,19.8,30.2,30.7,12.1,18,16,22.1,14.8,13,0.367121575,0.624023336,0.360381862,0.627187749,39.51005025,0.171100601,37401,21.3,0.67897999
28155,Webster ,Mississippi,4.3,17.9,18.1,19.6,14.2,22,17.3,20.9,17.1,14.9,0.201025843,0.784375616,0.193327155,0.79536608,40.39436044,0.177564365,43349,15.4,0.77095997
28157,Wilkinson ,Mississippi,0,11.5,6.5,6.6,14.6,14.7,13.8,8.8,14.5,16.4,0.67733523,0.312470365,0.666101284,0.320814151,40.43846679,0.172088262,29900,28,0.51727998
28159,Winston ,Mississippi,2.2,17.4,16.4,15.6,13.7,23.4,16.6,20.5,16.7,14.7,0.43350974,0.552865668,0.437418796,0.553486358,41.52752546,0.199724745,39498,20.2,0.57770002
28161,Yalobusha ,Mississippi,3.8,12.3,13.6,13.9,10.7,12.6,14.2,13.1,13,11.9,0.424880698,0.555537272,0.426166794,0.561744453,41.61596191,0.199644932,39551,16.9,0.63774002
28163,Yazoo ,Mississippi,4.9,11.9,9.4,13.1,11.7,14.1,14.6,10.6,15.4,22.6,0.533167825,0.456603774,0.526638559,0.463012649,37.92126876,0.13317757,33111,22.7,0.51337999
29001,Adair ,Missouri,8,34.3,39.9,33.1,36.9,27.3,30,37.1,27.8,25.6,0.342264815,0.589673382,0.358939628,0.620452786,36.33006433,0.148190536,40395,9.4,0.88072002
29003,Andrew ,Missouri,10.3,26.1,31.5,34.3,21.7,23.9,23.8,41,20.7,16.3,0.223741794,0.729212254,0.241078753,0.743949959,41.16501959,0.184756063,57459,8,1.05957
29005,Atchison ,Missouri,14,21.3,20.1,28.3,22.7,17.4,22.5,25.2,26.4,14.6,0.198604993,0.756240822,0.200426439,0.781449893,45.04302843,0.254302843,49122,9.4,0.97996002
29007,Audrain ,Missouri,2.5,15.4,14.1,17.2,17.1,12.4,14.5,19.6,16.4,8.7,0.255441805,0.693867409,0.253753754,0.725600601,40.34693597,0.178699015,44340,14.5,0.79408002
29009,Barry ,Missouri,8.9,14.9,8.2,18.5,18.3,12.5,14.5,14.3,13.4,14.9,0.185552893,0.782471756,0.18899859,0.796576484,41.90603578,0.205874157,42457,17.8,0.73288
29011,Barton ,Missouri,1.7,18.3,24.2,21.7,18.3,13.4,18.1,22.3,20.4,5.3,0.133860919,0.834989055,0.138884318,0.850419615,41.7121546,0.205373792,41583,12.8,0.82981002
29013,Bates ,Missouri,2.3,13.9,15.6,11.5,13.4,14.9,14.9,19.6,11.2,13,0.201670198,0.747974573,0.198669202,0.783864068,41.34068627,0.193872549,45955,13.3,0.91988999
29015,Benton ,Missouri,0,15,18.4,13.5,16.9,12.8,13.4,20,13.2,11.8,0.21746134,0.774591924,0.208094693,0.774054983,48.41918249,0.308071377,40025,14.1,0.80689001
29017,Bollinger ,Missouri,1.3,11.7,7.1,12.9,16,7.1,9.4,19.7,7.7,6.6,0.124207188,0.850422833,0.125355173,0.863613572,42.78432903,0.205604405,44233,20.6,0.80588001
29019,Boone ,Missouri,11.8,49.7,54.2,50.7,47.7,46.8,46,49,44.2,39.2,0.490353889,0.431630658,0.549140049,0.423898736,35.90946085,0.122541041,55136,5.8,0.9393
29021,Buchanan ,Missouri,9.1,23.3,22.7,24.5,23.7,22.4,20.7,21.4,20.4,19.1,0.336885499,0.597885527,0.367369802,0.613421498,39.37008163,0.161170135,52506,11.8,0.78388
29023,Butler ,Missouri,2.6,13.9,14.8,18.1,13,12.1,13.8,16.9,14.2,11.3,0.175908222,0.790891709,0.181963508,0.804917039,40.64031755,0.188114168,38067,17.4,0.69722998
29025,Caldwell ,Missouri,4.2,16.8,17.2,18.7,16.6,15.8,18.3,23,18.2,12,0.194341373,0.749536178,0.191584793,0.795600171,41.29227053,0.197848046,47591,9.8,0.97439998
29027,Callaway ,Missouri,7.4,24.9,20.4,35.8,24.2,21.2,22.2,26.7,22.9,19,0.259938519,0.680300109,0.277620129,0.700671585,39.88098421,0.162712469,53970,14.1,0.87033999
29029,Camden ,Missouri,5.6,22.6,20.5,18.1,21,26.3,21.8,18.5,21.4,23.3,0.211779337,0.752598383,0.227793003,0.759713042,47.02504638,0.281676307,48580,10.9,0.87019002
29031,Cape Girardeau ,Missouri,13.5,33.6,36.7,44.3,32.5,25.6,30.5,38.3,30.6,24.2,0.229278039,0.729440035,0.26681214,0.716797262,39.04171905,0.168615799,51962,9.3,0.88044
29033,Carroll ,Missouri,4.7,20.7,24.5,26.2,20.3,16.8,17,21.6,15.7,13.5,0.170832378,0.797982114,0.173433363,0.817740512,42.10196729,0.218002974,47049,13.5,0.88050002
29035,Carter ,Missouri,2.9,14.8,14.3,27.7,14.2,9.1,16.5,35.3,11.8,12.6,0.153305204,0.817158931,0.144287194,0.846047635,41.56342914,0.199372316,34134,16.9,0.74786001
29037,Cass ,Missouri,8.8,27.9,32.8,30,28.5,21.9,26.1,33.8,26.1,21,0.291155128,0.649107668,0.331870123,0.647941054,39.94707205,0.168569087,71374,7.6,0.97582
29039,Cedar ,Missouri,11.1,17.3,14.5,32.6,14.4,15.4,15.3,22.5,12.1,15.9,0.160782443,0.798505089,0.162549688,0.82169222,42.52294388,0.233533357,37288,15.6,0.84109002
29041,Chariton ,Missouri,0.6,21.4,29.2,28.6,22.3,14.7,18.4,17.3,18.5,15.6,0.223733938,0.743260267,0.224675006,0.763061074,43.7031942,0.236478325,48421,10,0.97096997
29043,Christian ,Missouri,7.6,31.9,27.8,39.4,36.3,21.8,28.2,33,28,19.2,0.204859021,0.745130144,0.237643844,0.745532569,38.75271605,0.157168642,58057,8.1,0.99311
29045,Clark ,Missouri,7.3,12.9,17.9,15.3,13.6,8.3,13.5,19.2,14.5,9,0.225194401,0.764541213,0.19976429,0.787271656,42.34142064,0.207980123,46832,14.9,0.79117
29047,Clay ,Missouri,9.3,34.9,40.3,40.7,32.9,27.6,32.7,40.1,31.3,23.5,0.411196631,0.521674412,0.469309231,0.510433044,38.24894973,0.141136119,68943,6.8,0.96674001
29049,Clinton ,Missouri,6.3,22.3,25,24.5,23.6,17.3,19.4,23.4,20.3,15.9,0.251959248,0.692300157,0.265980896,0.716293167,40.9457743,0.180898876,58641,8.4,0.98892999
29051,Cole ,Missouri,17,35.8,32.7,37.3,37.6,34.4,32.9,31.4,35.3,28.6,0.291994435,0.658639696,0.321131321,0.659920565,39.81112298,0.165815928,62817,8.1,0.90219998
29053,Cooper ,Missouri,8.2,23.3,22.4,25,23.2,23.1,21.4,25.8,22.4,21.8,0.241923366,0.704232407,0.258713908,0.721500058,40.45659831,0.179230813,52513,11,0.86589003
29055,Crawford ,Missouri,2.5,13.6,14.9,16.5,13.9,10.8,11.2,9.6,8.6,12.8,0.188118812,0.796617162,0.192563565,0.79513351,41.70879075,0.196643987,42774,22.9,0.74965
29057,Dade ,Missouri,1.1,14.4,13.9,20.6,9.3,17.5,13.6,9.6,14.1,16.2,0.161225006,0.805871931,0.159261957,0.828841952,44.35757696,0.23649095,41381,13.8,0.84232002
29059,Dallas ,Missouri,1.1,13.3,18.1,17.5,11.9,10.1,12.4,9.7,14.5,9.5,0.170669529,0.790956662,0.170286278,0.816757157,41.79214891,0.202720439,38765,18,0.80125999
29061,Daviess ,Missouri,7.7,20.1,9.8,29.2,21.9,18.2,18.1,28.3,16.9,15.7,0.203172836,0.770108544,0.190744055,0.793147533,40.78702033,0.204378684,51255,15.3,0.93577999
29063,DeKalb ,Missouri,4.2,14.6,11.1,19.8,12.7,16.6,15.3,16.9,15.9,16.3,0.179364388,0.770570309,0.192029734,0.790419162,41.49920823,0.166429137,48920,12.9,1.02937
29065,Dent ,Missouri,0.7,17.3,14.5,23.1,19.1,13.3,14.6,15.8,15.4,14.5,0.144014136,0.824620822,0.147857743,0.838280594,42.78786996,0.217537724,39392,19.1,0.72649997
29067,Douglas ,Missouri,0.9,15.7,8.3,31.5,16.5,11,10.5,12.1,10.4,10.9,0.147614761,0.822982298,0.145142857,0.842571429,44.08416212,0.243326105,36762,18.6,NA
29069,Dunklin ,Missouri,2.2,13.6,11,19,13.4,12.2,13.1,18.3,11,11.6,0.223104557,0.758744564,0.211152702,0.780785104,40.02659484,0.187200489,37331,24.5,0.62049001
29071,Franklin ,Missouri,11.3,21.4,23.2,24.5,20.1,20.1,20.1,26.5,20.3,14.4,0.246263445,0.707002175,0.271379342,0.708913104,40.6577602,0.173608566,58738,12,0.91658002
29073,Gasconade ,Missouri,13.9,19.3,27.9,21.4,14.1,21,18.9,27.7,13.9,18.1,0.204163868,0.761584956,0.202069923,0.785308595,43.86212173,0.227405644,52282,12.7,0.92989999
29075,Gentry ,Missouri,2.8,21.1,26.3,23.5,19.7,18.4,18,25.1,17.1,13.1,0.198816957,0.757147552,0.189372876,0.797343219,40.88035607,0.198702474,43731,10.8,0.97992003
29077,Greene ,Missouri,13.6,32.4,33.4,37.5,31.9,28.5,30.2,33.1,29.1,25.4,0.330632743,0.603841184,0.388349788,0.58977433,38.82815845,0.164718093,44799,8.4,0.87432998
29079,Grundy ,Missouri,8.4,15,13.8,21.2,13.4,14.6,18.8,28.5,16.8,15.1,0.180974478,0.80324826,0.180076628,0.807978364,41.27950373,0.215856365,40315,12.1,0.87336999
29081,Harrison ,Missouri,4.4,16.9,23.1,15.2,18.2,13.6,16.2,19.8,13.1,15.8,0.155597723,0.803740851,0.156037637,0.835859906,42.40313763,0.224625624,40639,12.8,0.91350001
29083,Henry ,Missouri,2.3,15.9,18.5,19.7,14.2,14.7,15.5,16.6,15.6,13.5,0.238901277,0.717109264,0.242769744,0.744067482,42.61380323,0.217419236,44978,12.1,0.85105002
29085,Hickory ,Missouri,5.6,10.1,10,13.9,12.6,6.9,10,19.6,8,8.9,0.215071973,0.749788315,0.207874016,0.780708661,49.1000631,0.327794721,35025,15.1,0.81704003
29087,Holt ,Missouri,2.1,21.1,26.4,28.3,15.7,22.4,19.8,18.1,20.3,17.9,0.147346072,0.817834395,0.144259496,0.84336321,45.13623978,0.251135332,47191,9.1,1.0117
29089,Howard ,Missouri,8.5,26.4,24.2,23.6,32.2,21.9,24.4,26.7,24.8,21.8,0.263557929,0.673171734,0.277494108,0.697761194,40.53492157,0.19266055,45767,11.6,0.91316003
29091,Howell ,Missouri,1.7,18,16.7,22.7,21.1,11.9,16.5,22.5,16.7,12.8,0.165052993,0.795932398,0.172546917,0.813994638,40.79686096,0.198422996,36762,12.7,0.72566998
29093,Iron ,Missouri,3.4,18.8,22.5,21,16.6,18.8,10.9,12.7,10.2,12,0.218552354,0.743265402,0.205792683,0.783101045,43.20747765,0.213913727,37755,19.2,0.71837997
29095,Jackson ,Missouri,14.1,33,40.1,35.2,30.8,27.3,30.9,34.7,28.6,24.5,0.41112105,0.528391286,0.46931544,0.509841257,38.56115604,0.149441602,55864,9.7,0.79030001
29097,Jasper ,Missouri,9.1,24.7,27,29.3,22.7,22.3,22.9,27.9,22.2,17.7,0.218764226,0.725696313,0.258805776,0.720660147,38.18524321,0.156362943,46596,13,0.77467
29099,Jefferson ,Missouri,9.9,22.8,27.7,30.8,20.5,16,20.2,26,18,15,0.297144148,0.64982398,0.321566913,0.66027355,39.61763474,0.149928459,65150,11.2,0.97249001
29101,Johnson ,Missouri,7,28.4,31.6,29.5,26.7,26.8,28.4,38,25.8,21.5,0.280617074,0.649204997,0.301604463,0.669852528,35.67909864,0.126556326,52151,8,1.00211
29103,Knox ,Missouri,2.9,16,19.9,10.5,17.6,15.5,15.8,12.9,13.8,13.6,0.202673797,0.757219251,0.183387271,0.801510248,42.66848239,0.22067393,39309,12,0.90811998
29105,Laclede ,Missouri,2.3,16.9,13,28,16.4,12.6,14.7,12.3,16.6,12.4,0.159055511,0.802504517,0.165545168,0.819508128,40.01505054,0.178450424,44562,16.4,0.73505002
29107,Lafayette ,Missouri,3.3,22.9,26.3,24.6,22.4,20.3,20.1,23.8,19.7,17.8,0.255291005,0.692113883,0.262210495,0.719613017,41.29103012,0.188661881,53389,9.4,0.94313997
29109,Lawrence ,Missouri,3.4,15.3,20.8,14.4,14.8,13.2,15.3,16.4,17.8,12.7,0.173556686,0.7830691,0.179502932,0.805696733,40.08935322,0.18295576,45074,16.8,0.78855997
29111,Lewis ,Missouri,3.7,15,28.6,17.6,8.6,14.3,14,19.2,11.4,10.7,0.209605027,0.750448833,0.213495335,0.770883055,40.36910198,0.184880771,48179,13,0.89155
29113,Lincoln ,Missouri,3.8,18.3,21.1,24.5,15.8,14.3,15.9,13.4,14.5,11.8,0.223339476,0.727465748,0.227686264,0.752911986,37.99076032,0.13417467,62238,11.7,0.97053999
29115,Linn ,Missouri,4.9,19.6,19.1,22.8,22.5,14.7,15.4,19.9,14.6,13.7,0.221943798,0.731698586,0.22266853,0.761962976,41.85864418,0.211265265,44992,11,0.92702001
29117,Livingston ,Missouri,4.5,19.5,23.3,16.6,22.5,15.2,19.3,17.4,19.9,19.6,0.197009812,0.759850491,0.20864161,0.779372595,41.42545887,0.192460055,48749,14,0.89129001
29119,McDonald ,Missouri,5,11.8,13,15.1,6.4,17.9,11.8,10.6,13.8,11.3,0.16124727,0.800655181,0.158952833,0.824588534,38.59823208,0.152829535,40204,23.5,0.66126001
29121,Macon ,Missouri,7.8,17.5,29.5,15.9,17.9,12.3,15.7,18.8,15,12.1,0.20312295,0.760792547,0.212098009,0.77539561,42.76199432,0.227479707,45440,12.4,0.88959002
29123,Madison ,Missouri,6.5,16.1,17.2,20.8,17.9,10.1,15.1,12.7,14.9,9.7,0.188874272,0.770907724,0.179527837,0.807610994,41.24507713,0.191171644,40191,17.8,0.78100002
29125,Maries ,Missouri,7.7,18.4,33,13.9,17.8,14.8,14.1,15.2,13.8,12.8,0.176444444,0.791333333,0.170614127,0.815761895,43.49897366,0.214733721,46371,13.6,0.90549999
29127,Marion ,Missouri,8.1,24.7,26.8,28,26.1,19.2,20.9,22,21.1,15.6,0.231411346,0.728010512,0.239886125,0.742807911,40.13850028,0.18074986,49393,11.6,0.78915
29129,Mercer ,Missouri,4,20.5,37.2,21.3,21.7,10.9,18,21.6,20.7,10.3,0.123782235,0.851575931,0.124789207,0.866216976,42.54806372,0.220543807,46014,10.2,0.92129999
29131,Miller ,Missouri,5.8,21.1,26.3,25.1,18.1,19.5,16.6,21.5,13.7,15.1,0.153293623,0.813332165,0.164593765,0.821838152,40.99502684,0.192532365,47225,13.4,0.79863
29133,Mississippi ,Missouri,2.6,13.7,11.8,17.6,10.7,16.5,12.4,14.9,11.2,12.4,0.282066164,0.696459663,0.247687132,0.743692178,40.72660468,0.177864427,34735,25.5,0.59868002
29135,Moniteau ,Missouri,9.2,18.7,20.4,20.2,18.1,17,19,23,17.6,15.9,0.181112738,0.782869693,0.182758139,0.80257091,38.84607034,0.157744557,57047,15.8,0.84129
29137,Monroe ,Missouri,1.7,16.4,20.9,18,14.7,15.8,12.8,14.2,10.5,13.3,0.205245428,0.760105871,0.208788758,0.775596699,43.73672669,0.233494922,46216,10.5,0.90342999
29139,Montgomery ,Missouri,3.2,16,19.1,16.7,15.5,14.7,13.7,20.9,12.2,13.6,0.206115307,0.760176828,0.209286209,0.773562024,42.90055488,0.211721866,48951,15.8,0.87689
29141,Morgan ,Missouri,0.7,13.9,7.5,10.1,15,16.8,12.9,11,13.4,13.6,0.20043079,0.766353021,0.202803837,0.784441868,43.16214756,0.234404165,45276,20.7,0.76003999
29143,New Madrid ,Missouri,5.9,13,15.3,14.6,10.9,13.9,12.7,21,10,11.5,0.262742966,0.716324589,0.241103448,0.751310345,41.28758094,0.191547179,38093,22,0.66044003
29145,Newton ,Missouri,4.1,22.2,20.7,24.5,22.7,21.1,19.7,19.7,21,19.3,0.18755168,0.772494926,0.204823095,0.778736138,40.39422648,0.181117633,49220,13.3,0.75031
29147,Nodaway ,Missouri,5.2,26,34.4,28.7,24.8,20.7,27.8,30.6,29.1,20.2,0.267392683,0.674561218,0.288385727,0.693924997,37.07518831,0.152618364,46698,7.5,1.0439399
29149,Oregon ,Missouri,3.7,14.3,21.1,17.4,12.5,12,12.2,10,10.9,14.1,0.185304199,0.786418166,0.17366533,0.811774636,43.41167821,0.233184707,32720,18.2,0.75041997
29151,Osage ,Missouri,9.4,23.1,35.1,27.5,20.4,16.6,18.9,26.7,15.8,12.8,0.140761636,0.825952045,0.137551399,0.852235044,40.51516698,0.174274464,58855,10.1,1.02957
29153,Ozark ,Missouri,3,10.4,6,20,11.2,7.5,12.2,17.6,11.3,12,0.160710322,0.807769145,0.154605263,0.835526316,47.35416436,0.288344239,34367,17.1,0.75700003
29155,Pemiscot ,Missouri,1,11.6,8.4,10,13.8,11.7,12.1,13.3,12.1,11.3,0.323046292,0.657706985,0.272013949,0.718395815,39.28312439,0.17090708,31831,22.9,0.58319998
29157,Perry ,Missouri,8.9,20.3,32.5,28.6,15.3,14.8,16,21.3,15.1,9.1,0.173913043,0.790389016,0.176140574,0.810521859,40.70600522,0.181305483,53871,12.5,0.88116997
29159,Pettis ,Missouri,4.5,18.5,18,21.8,18,17.4,18.4,18.4,20.3,17,0.238749931,0.707304953,0.250458187,0.72545426,39.2593202,0.167434535,45254,14.9,0.73417002
29161,Phelps ,Missouri,8.8,31.6,36.9,30.5,31.3,28.9,29.5,32,29.2,23.8,0.256885679,0.68501051,0.288072363,0.688879804,38.63565233,0.164356613,43079,12.2,0.84004998
29163,Pike ,Missouri,4.4,15.4,20,16.4,13.9,13.4,16.1,19.8,14.2,13.8,0.244649147,0.714440531,0.223131904,0.761923327,40.31506701,0.17358409,43591,16,0.84051001
29165,Platte ,Missouri,14.1,44.3,45.5,50.6,46.1,34.5,41.8,54.2,41.8,31.5,0.410289455,0.530489925,0.474576567,0.504924044,38.69211536,0.145351265,82567,4.6,1.04626
29167,Polk ,Missouri,5.8,20.3,18.8,24.6,23.4,14.2,20.3,29.6,19,16.4,0.191164717,0.75841023,0.191516198,0.786643654,39.4710568,0.180367069,45336,12.5,0.83244002
29169,Pulaski ,Missouri,9,26.9,29.5,26,28.3,20.8,25.9,25.5,21.5,18.9,0.216637011,0.732206406,0.25946996,0.716594977,32.66908909,0.089860422,52532,8.6,0.90042001
29171,Putnam ,Missouri,12.9,18.4,13.9,29.7,18.4,15.8,18.9,31.3,21,13.7,0.150468883,0.825234442,0.152901313,0.840321898,43.82961951,0.245322682,40866,10.7,0.86056
29173,Ralls ,Missouri,4.8,15.8,26.5,13.8,14.3,13.9,13.6,18,11.6,10.9,0.216103304,0.753703,0.212822324,0.776404097,43.22904426,0.217587152,57549,11.4,0.89137
29175,Randolph ,Missouri,4.3,17.1,13.4,18.4,17.6,18.3,15.3,20.6,15.5,13.4,0.221456979,0.730332719,0.231291884,0.746276992,39.94800711,0.167871421,44975,13.7,0.79058999
29177,Ray ,Missouri,5.7,15.1,18.7,16.4,15.3,11.9,13.9,14.6,14.3,9.9,0.284294783,0.653601987,0.266889862,0.716370504,41.48133986,0.185465193,58693,12.9,0.90482998
29179,Reynolds ,Missouri,1.6,14.2,27,14.2,13.4,10.2,11.1,14.8,9.4,11.6,0.177748519,0.7919684,0.160400243,0.828684051,44.68340262,0.231691717,36592,21.4,0.75088
29181,Ripley ,Missouri,7.4,11.9,13.9,17.5,9.2,10.8,10.9,17.8,9.7,9.6,0.15025344,0.818609703,0.14570579,0.846422949,41.85228714,0.204014626,32802,20,0.70137
29183,St. Charles ,Missouri,14.8,42,51.2,51,41.6,27.6,37.8,48.8,35.6,25.9,0.341414393,0.605208826,0.403257408,0.578284546,39.31071541,0.152258869,82048,5.3,1.0878201
29185,St. Clair ,Missouri,8.4,12.4,11.8,11.6,12.8,12.4,13.4,17.2,11.1,13.2,0.202159827,0.756155508,0.198632891,0.790510655,45.71447578,0.270143693,37013,15.9,0.82225001
29186,Ste. Genevieve ,Missouri,14.1,16.4,17.7,23.5,15.5,13.1,17.7,25.4,16.5,12.6,0.300153501,0.648955012,0.286060734,0.699072121,42.29175984,0.194823345,59043,11.3,0.91892999
29187,St. Francois ,Missouri,1.4,15.5,13.6,20.1,14.3,15.3,14,17.9,14.6,13,0.252749919,0.706405694,0.251562444,0.732509553,40.16463744,0.164412523,45584,15.6,0.79751003
29189,St. Louis ,Missouri,19.6,46.1,47.4,53.6,46.9,39,43.2,50.7,43.5,35.1,0.556860338,0.39318414,0.611713015,0.371878996,40.77484465,0.180762229,66992,6.7,0.78839999
29195,Saline ,Missouri,3.2,25,32.6,24.1,21.1,25,18,17.4,17.1,14.3,0.300733233,0.644489972,0.305074062,0.677697237,40.17307272,0.182659969,43776,15.9,0.73493999
29197,Schuyler ,Missouri,9.6,12.4,12.9,11.8,14,10.1,11.6,16.8,9.8,11,0.18285124,0.777376033,0.186220669,0.801797304,40.39193303,0.197869102,39463,14.4,0.86242998
29199,Scotland ,Missouri,21.3,14.6,10.1,13.5,8.8,24.1,12,10.8,16.9,9.5,0.18546748,0.774898374,0.195564516,0.786290323,38.02456706,0.181031011,42053,22.9,0.91273999
29201,Scott ,Missouri,4.7,21.2,21.1,27.2,18.3,21.3,14.5,14.4,14.9,10.9,0.207174316,0.763096894,0.211806535,0.777075456,40.10010921,0.180456602,44261,15.4,0.73604
29203,Shannon ,Missouri,4.7,14.9,25.8,11.3,13.5,13.6,15.8,16.5,19,13.4,0.198770492,0.759733607,0.180747568,0.810291859,43.40181951,0.221028209,32715,19.2,0.68295002
29205,Shelby ,Missouri,3.3,17.6,23.6,18.9,15.2,16.7,17,21.2,15,13.9,0.186175115,0.775422427,0.176716418,0.805970149,41.80247934,0.212727273,44564,9.9,0.91101003
29207,Stoddard ,Missouri,4.4,14.9,18.2,15.4,13.7,14.2,13.2,20.9,11.7,8.4,0.141148145,0.83357159,0.13548339,0.855355281,41.80887489,0.200198589,40808,19.3,0.80798
29209,Stone ,Missouri,10.7,20.6,15.9,19.6,19.1,23.4,18.4,19.3,17.9,21.1,0.174262087,0.794229492,0.189687821,0.800735811,48.60444423,0.30983653,46026,13.5,0.81120002
29211,Sullivan ,Missouri,6.5,14.4,12.6,15.9,11.8,17.9,12.2,18.4,9.1,13.4,0.211584875,0.757843926,0.19344395,0.798866856,41.7155602,0.202379039,41978,15.5,0.72105998
29213,Taney ,Missouri,11.3,23.8,20.7,28.5,25.2,21.7,18.4,22.5,17.1,16,0.185966404,0.777206039,0.20309647,0.780127815,41.9727136,0.216787223,40887,11.3,0.78805
29215,Texas ,Missouri,3.3,15.2,9,21.4,14.1,16.4,14.1,15.9,13.3,13,0.157721796,0.810058415,0.151657092,0.837649138,42.48122874,0.210824762,34824,16.6,0.72820997
29217,Vernon ,Missouri,6.9,17.8,22.8,20.9,15.9,15.7,17.7,18.2,18.9,14.4,0.198511455,0.759739505,0.207185629,0.77898748,40.89779813,0.193735386,42552,11.5,0.79631001
29219,Warren ,Missouri,6.8,19.2,20.6,23.6,20.7,12.7,18.6,24,18.2,13.4,0.248035986,0.703940699,0.259537415,0.719564626,40.56574285,0.175823226,62056,12.1,0.94367999
29221,Washington ,Missouri,2.8,12.3,5.4,10.8,14.6,14.3,9.4,9.5,8.7,7.8,0.207498384,0.759319112,0.180834002,0.806635926,40.45874594,0.16682035,38591,23.3,0.70084
29223,Wayne ,Missouri,4.1,11.1,12.4,9.5,13.7,8,10.3,14.4,10.6,8.7,0.167639257,0.823695844,0.14375638,0.848417829,44.35604329,0.235177564,33703,24.7,0.71184999
29225,Webster ,Missouri,2.8,18.4,17.5,27.6,17.6,13.1,16.9,24.7,14.4,15.1,0.189750941,0.766887655,0.190265722,0.792374461,38.05217469,0.153775346,51141,13.2,0.87809998
29227,Worth ,Missouri,0,15.6,20.3,14,10,21.1,17.5,4.6,21.2,15.9,0.186424474,0.772466539,0.194218609,0.792231256,45.02941176,0.24754902,43119,12.9,0.97425997
29229,Wright ,Missouri,8.4,12.8,11,10.9,15.8,11.2,11.4,12.4,14.3,9.2,0.144106417,0.826086957,0.133653736,0.852843575,40.65948417,0.197518772,35293,19.2,0.72918999
29510,St. Louis city,Missouri,20.5,38.6,53.6,43.8,30.5,26.6,35,38.6,27.7,23.6,0.794528588,0.158791381,0.82237594,0.160412947,38.77216532,0.137003943,43263,13.1,0.70038998
30001,Beaverhead ,Montana,9.3,36.4,35.9,57.5,31.1,32.1,35.5,47.1,30.7,35.5,0.235718705,0.69148278,0.284048755,0.692987105,42.58507018,0.220119098,47674,4.6,0.96219999
30003,Big Horn ,Montana,5.8,19.8,8.4,20.9,17.4,32.4,17.4,21.8,14.9,28.4,0.494217607,0.437337739,0.52069398,0.461329431,34.38334083,0.127980207,40425,11.8,0.48414001
30005,Blaine ,Montana,0.5,23.8,20.2,27.1,27,19.9,21.8,17.2,26.2,22.4,0.447839046,0.47242921,0.50978505,0.471286493,36.80586161,0.154106067,39237,10.9,0.55576998
30007,Broadwater ,Montana,4.1,22.3,16.4,35.5,23.2,17.3,27,28.6,27.7,23.2,0.182891797,0.74944143,0.203807664,0.774469124,44.61996713,0.236647494,52840,5.6,0.91826999
30009,Carbon ,Montana,5.8,31.4,25.8,27.1,28.6,38.3,32,31.1,28.9,38.1,0.305124353,0.625605074,0.343306863,0.633579126,46.69497853,0.257793541,53661,5.9,1.074
30011,Carter ,Montana,9.4,21.3,41.9,42.4,15,16.8,17.5,40.8,13.4,12.2,0.089058524,0.86259542,0.085648148,0.896990741,45.03634895,0.257673667,47985,7.1,NA
30013,Cascade ,Montana,7.2,27.6,29.5,30.9,25.5,26.6,26,31,25.5,22.3,0.352173787,0.567874808,0.387514103,0.584555597,40.09789572,0.185686464,50054,8.3,0.8251
30015,Chouteau ,Montana,1.8,24.5,21.3,17.9,26.2,27.7,27.3,29.8,25.7,28,0.281213984,0.645024971,0.334232715,0.63777403,41.76805918,0.203829417,44645,7,0.98580998
30017,Custer ,Montana,4.9,26.6,27.4,31.4,23.7,27.1,22.5,28,23.7,17.1,0.2268081,0.705303761,0.258361775,0.717576792,41.87165545,0.199637494,50525,7.4,0.94387001
30019,Daniels ,Montana,0,26,34.7,30.8,26.6,21.4,21.9,29,27.9,14.8,0.174636175,0.758835759,0.192307692,0.787968442,45.41929021,0.265025758,44659,4.7,1.1474
30021,Dawson ,Montana,5.4,24.6,24.2,25.7,24.3,24.7,21,19.2,16.8,26.3,0.17992684,0.759030636,0.199378238,0.778860104,41.59043779,0.198617512,56167,5.9,1.01449
30023,Deer Lodge ,Montana,0.5,20.2,16.3,33.7,16.5,20.7,17.4,24.2,13.3,19,0.489300999,0.4191631,0.52381926,0.446943365,45.88571898,0.239075676,45641,10.2,0.81221002
30025,Fallon ,Montana,9.5,18.1,11.1,45.2,16.3,8.6,17.3,30.2,17.9,13.2,0.103773585,0.861859838,0.109206349,0.873015873,39.36130137,0.169178082,62029,4.8,1.07262
30027,Fergus ,Montana,17.7,27.6,37.4,43.4,21.6,21.8,28.9,31.5,31.4,26.2,0.205821918,0.730993151,0.229906255,0.748271093,44.09137947,0.24511833,49147,6.8,0.91623002
30029,Flathead ,Montana,6.2,34.9,33.4,40.2,33.2,34.7,29.9,30.3,29.7,30.8,0.285435142,0.649331129,0.338260812,0.639365323,41.68359352,0.195375394,54382,6.1,0.91574001
30031,Gallatin ,Montana,15.6,52.9,59.3,54.1,48.9,49.9,49,51.2,49.1,46.2,0.450510043,0.442260168,0.521900844,0.446554615,36.66161643,0.126443563,67569,3.3,1.13998
30033,Garfield ,Montana,0,21.4,40.5,24,17.3,13.4,16.8,10.1,20.9,13.7,0.04735376,0.909470752,0.050430504,0.939729397,42.92192429,0.232649842,44580,4.6,NA
30035,Glacier ,Montana,3.6,20.5,19.2,19.7,21.9,19.9,19,26.7,17.9,18.5,0.614975369,0.319211823,0.642691828,0.335410361,34.86778934,0.120244417,37719,11.1,0.45486999
30039,Granite ,Montana,0.8,31.5,40.3,32,23.3,37.9,26.6,31.6,21.5,30.6,0.265616207,0.670793472,0.303520457,0.675071361,49.14298401,0.305506217,48410,8.6,1.04951
30041,Hill ,Montana,9.9,23.7,20.7,27.7,24.9,21.3,24.5,30.4,24.9,23.5,0.367882079,0.539643134,0.415065441,0.550960735,36.96503946,0.152076834,50136,10.4,0.64911997
30043,Jefferson ,Montana,6.8,33.3,28.6,45.8,31.6,31.1,34,37.8,32.3,33.5,0.297587131,0.622132857,0.322046375,0.655747761,43.97887906,0.214433331,68381,5.2,0.93286002
30045,Judith Basin ,Montana,6.5,27.3,33,33.3,25.1,26.2,28.6,30.7,32.1,20.7,0.194536424,0.721854305,0.204613095,0.773809524,46.76741803,0.271004098,50197,4.7,NA
30047,Lake ,Montana,6.9,31.9,24.3,29.3,33.5,35,28,29.7,25.3,32,0.362339731,0.571276838,0.415974979,0.560688079,42.10429752,0.220892562,44833,8.8,0.66709
30049,Lewis and Clark ,Montana,18.6,42.7,41.2,53.5,42.6,36.6,38.6,43.3,37.7,36.8,0.419919949,0.490022623,0.467124098,0.506542056,41.3058952,0.187816594,63860,5,0.91167003
30051,Liberty ,Montana,4.8,27.2,36,22.2,25.7,27.7,16.6,14.8,10.8,22,0.214360042,0.726326743,0.229916898,0.758079409,42.69547325,0.205761317,42742,25,NA
30053,Lincoln ,Montana,10.8,17.5,12.5,14.4,15.9,21.5,20.2,22.2,19.5,20.2,0.218756699,0.721221865,0.241338214,0.738231038,47.40729514,0.28645044,40602,12.2,0.79514003
30055,McCone ,Montana,5.4,21.3,23.3,41.5,22.8,12.1,16.1,13.3,19.9,15.8,0.145283019,0.813207547,0.137411348,0.84751773,45.10298507,0.261492537,43650,6.8,1.13685
30057,Madison ,Montana,9.5,31.6,34.6,31.3,29.8,32.4,28.9,34.1,24.3,31.6,0.246965257,0.690037673,0.290947922,0.688516511,47.16583029,0.282162409,53031,4.7,1.1015199
30059,Meagher ,Montana,11.3,36.2,30.5,64.5,42.7,25.9,26.1,30,22.1,23.7,0.197543501,0.74616172,0.232432432,0.75045045,47.01768489,0.307073955,44572,5.4,0.97684997
30061,Mineral ,Montana,6.2,26,28.9,36.5,21.9,25.5,17.3,34.5,12.1,16,0.257952286,0.661033797,0.267655092,0.713226687,47.4652456,0.28892493,43458,10.8,0.80008
30063,Missoula ,Montana,17.4,44.5,45.6,52.4,41.2,41.5,42.5,50,38.9,42.6,0.532793946,0.375825549,0.606434016,0.368515281,38.82488993,0.155786213,56207,4.5,0.99296999
30065,Musselshell ,Montana,16.1,19.7,30.1,20.4,15.2,21.4,14.1,19.5,9.7,19.3,0.136009832,0.805817288,0.143353002,0.841027421,46.39271124,0.265534294,43371,10.5,0.93646002
30067,Park ,Montana,19.5,36.3,37.2,40.3,34.4,36.1,32.4,37.7,30.9,31.3,0.384122235,0.532108131,0.456510462,0.520923396,44.83448853,0.226995698,61044,4.6,1.0350699
30071,Phillips ,Montana,11.4,20,24,21.1,22.9,14.5,20.5,37.4,19,14.3,0.146476278,0.793643482,0.174643157,0.812762385,42.78964163,0.223367698,44730,10.6,0.95931
30073,Pondera ,Montana,1.9,21.9,10.8,23.5,26.2,21.4,24.8,29.2,27.9,22.4,0.271024605,0.66066838,0.301502504,0.678130217,41.2064635,0.204119223,42890,7.4,0.83607
30075,Powder River ,Montana,19.8,25.5,32.2,51.1,17.2,21.3,26.4,25.4,32.5,20.6,0.120607787,0.839506173,0.13556338,0.853873239,47.05710956,0.271561772,47378,5.2,NA
30077,Powell ,Montana,7,19.4,14.3,15.6,23.5,19.1,21,24,17,31.3,0.197208304,0.726198998,0.236552375,0.740798993,44.3434271,0.20608496,48966,11.3,0.78983003
30079,Prairie ,Montana,0,22.4,27.4,8,16.9,32.1,20.9,35.6,19.3,14.8,0.145137881,0.806966618,0.169354839,0.810483871,48.54415823,0.318307268,42754,7.2,NA
30081,Ravalli ,Montana,6.6,28.8,20,30.8,29.7,30.1,27.1,27.2,29.2,26.3,0.275891115,0.656588048,0.307398183,0.670501982,45.47727694,0.257991291,50055,9,0.93080997
30083,Richland ,Montana,19.6,14.2,22.7,20.7,9.9,8.9,19,18.4,18.9,13.5,0.137754055,0.802299323,0.150914108,0.82787168,38.62205626,0.149546413,67242,7.7,0.97873998
30085,Roosevelt ,Montana,0.6,19.8,10.9,24.1,25.3,16.3,17.1,15.4,20.8,18.3,0.427163198,0.492059146,0.475479213,0.496888225,33.81928746,0.114476897,40179,13.2,0.54457998
30087,Rosebud ,Montana,8.1,19.4,24,19,19.9,16.3,18,16.3,19.8,15.6,0.285838401,0.652476108,0.317784257,0.658892128,37.561238,0.157894737,57674,12.9,0.66921997
30089,Sanders ,Montana,1.2,18.1,17.3,28.7,12.4,20.2,17.1,17.9,15.6,16.9,0.204602721,0.719973123,0.238782472,0.742587247,48.32868963,0.312478892,39861,10.7,0.83388001
30091,Sheridan ,Montana,6.7,25.5,34.6,23.3,23.5,24.9,23.6,28.3,20.2,22.7,0.259945504,0.676294278,0.282758621,0.691133005,44.04497664,0.226051402,51690,7.6,1.04522
30093,Silver Bow ,Montana,6.1,27.7,26.8,31.2,27.9,25.8,26.4,29.4,24.4,25.2,0.523887673,0.387551665,0.55697288,0.415103441,41.00598691,0.190523819,47302,8.2,0.75958002
30095,Stillwater ,Montana,4.1,29.3,16.8,35.6,25.9,34.9,25.3,30.6,20.3,27.5,0.186332855,0.751282577,0.201956674,0.779524808,43.90864275,0.226557583,66226,5.1,1.00655
30097,Sweet Grass ,Montana,10.6,23.6,26.4,20.3,19.4,27.9,25.5,18.5,23.5,28.9,0.190792596,0.757000475,0.224448078,0.752248569,45.39487871,0.265768194,52747,4.9,1.0379699
30099,Teton ,Montana,4.3,25.5,30,23.9,26.3,23.2,24.4,24.3,24.1,24.6,0.253450439,0.680677541,0.273715684,0.708888285,42.30769231,0.226874391,48368,7.8,1.00205
30101,Toole ,Montana,3.3,22.3,23.2,38,19,14.9,14.5,21.5,15,11,0.197349043,0.734904271,0.220386975,0.753185465,41.69946425,0.184628065,46326,14.8,0.84884
30105,Valley ,Montana,3,19.6,17.2,24.2,17.7,20.3,20.9,35.3,14.8,15.5,0.227529533,0.692860812,0.241727294,0.735742783,43.22542692,0.233696383,48390,6.2,0.97478002
30107,Wheatland ,Montana,0,20.7,12.4,20.9,26.9,18,19.8,23.7,22.9,14.1,0.189217759,0.742071882,0.210674157,0.770599251,41.99239714,0.23881932,38449,20.2,NA
30111,Yellowstone ,Montana,8.3,34.3,34.8,39.4,32.3,32.7,31,35.6,32.2,26.6,0.320816693,0.592116687,0.366006132,0.60571933,39.61949768,0.169336256,59975,6.3,0.8768
31001,Adams ,Nebraska,9.9,27.1,30.7,35.6,22.5,25.4,24.9,34.6,22.5,21.4,0.244357286,0.687264116,0.28852212,0.690658814,39.61862524,0.182031671,55167,10,0.88799
31003,Antelope ,Nebraska,15.1,20.5,27.3,25.7,18.7,17.4,19.1,27,17.3,15.4,0.116732703,0.832672966,0.12615127,0.863243092,42.88036616,0.235637626,55371,7.6,1.11277
31011,Boone ,Nebraska,26,18,38.7,25.2,11.7,13.2,20.6,36.6,16.2,18.1,0.142512909,0.791394148,0.15511346,0.82468138,43.16615766,0.228287841,51911,5.8,1.11061
31013,Box Butte ,Nebraska,3.4,18.1,18.1,14,20.6,16.7,18.2,16,20.1,13.2,0.195978879,0.734565394,0.202856591,0.772437753,40.44327887,0.18956554,57952,8.3,0.91351002
31015,Boyd ,Nebraska,25,16.9,29.6,16.8,16.7,14.6,18.2,22.6,15.1,16,0.110726644,0.850346021,0.117085863,0.875975716,47.43606138,0.305882353,42431,5.4,1.09176
31017,Brown ,Nebraska,20.7,21.3,18.8,24.7,17.6,24,19.8,30.8,16.1,18.7,0.095804634,0.867251096,0.113758189,0.875521144,45.14547595,0.261015809,46191,8,0.97577
31019,Buffalo ,Nebraska,6.6,35.2,37.2,41.1,35.5,28.4,34.7,40.9,31.6,31.2,0.225424772,0.689526244,0.269193268,0.70541354,36.85715006,0.145056938,59193,7,1.02719
31021,Burt ,Nebraska,4.8,23.4,30.9,30.3,22.1,18.7,18.1,31.1,14.9,12.9,0.261382799,0.665261383,0.284910212,0.691503618,43.80009248,0.241368681,57548,9.6,1.08513
31023,Butler ,Nebraska,1.6,25.3,42.5,32.6,19.4,20.1,19.9,27.9,19.3,12,0.173574479,0.773423763,0.194086261,0.787461094,42.19036982,0.209357161,57208,7.9,1.06416
31025,Cass ,Nebraska,10.3,31.3,31,37.7,29.8,29.2,27.4,35.7,27.9,21,0.269388386,0.653521998,0.309931955,0.66219576,40.68513705,0.174968462,75177,5.1,1.11209
31027,Cedar ,Nebraska,9.6,23.3,40.1,37.5,19.4,14.2,19.4,22.3,21.4,10.9,0.12918552,0.799095023,0.145116093,0.835468375,41.99265925,0.21406583,64570,7.4,1.22321
31029,Chase ,Nebraska,12.3,24.4,40.6,28.3,24.8,16.3,20.8,18.8,17.5,16,0.090094837,0.868282403,0.113396889,0.873055695,41.47535831,0.204676892,54866,11.4,0.98749
31031,Cherry ,Nebraska,18,25.9,44.8,18.4,23.7,23.1,21.2,20.8,18.6,21.2,0.101667736,0.841244387,0.11424196,0.871056662,42.22400625,0.218017705,49782,8.7,0.986
31033,Cheyenne ,Nebraska,12.3,23.8,25.5,30.7,20.8,22.5,26.2,29.9,23.2,23.1,0.150923371,0.777966461,0.179433368,0.800209864,41.2792696,0.194199785,53132,6.7,0.98580998
31035,Clay ,Nebraska,11.5,21.6,27.6,25.5,18.5,19.7,18.4,17.1,18.6,17.8,0.155628059,0.790212072,0.177627881,0.800449691,41.32925652,0.203089797,56259,9.3,1.03207
31037,Colfax ,Nebraska,14.4,12.8,19.8,15.5,8.6,14.4,14.5,16.7,11.4,15.3,0.267268202,0.675482265,0.275760022,0.709174065,36.11317894,0.13463836,55787,29.8,0.57292002
31039,Cuming ,Nebraska,8.4,24,39.3,36.3,16.8,18.9,23.2,23.7,23,20,0.176485027,0.766323024,0.195461694,0.787912829,41.97483221,0.219798658,59219,12.6,0.97847998
31041,Custer ,Nebraska,9.8,25.8,28.3,29.1,28.1,20.3,20.9,22.5,18.6,21.5,0.113411182,0.830679406,0.131153012,0.849324212,42.26383764,0.224261993,49995,7.1,1.03036
31043,Dakota ,Nebraska,11.1,14.3,20.8,12.9,12.8,11.2,12.5,12.4,10.8,9,0.368530021,0.57588788,0.403885782,0.57786282,36.17549669,0.136184833,55522,25.4,0.62869
31045,Dawes ,Nebraska,18.1,36,46.3,38.3,36.3,28,37,39.5,35.9,34.2,0.217899891,0.715995647,0.262557632,0.711235137,39.30644791,0.18540615,47487,4.7,1.02863
31047,Dawson ,Nebraska,7.4,16,21.1,18.5,13.3,14,15.6,21.3,12.2,14.7,0.247365373,0.692993631,0.27206363,0.710830246,38.11622169,0.166476865,56818,22.1,0.67014998
31049,Deuel ,Nebraska,25,20.8,10.3,21.3,24.1,20.2,15.8,26.5,10.9,12.3,0.12195122,0.822154472,0.136627907,0.843992248,44.55753425,0.235068493,47097,10.2,1.0208
31051,Dixon ,Nebraska,4,22.2,25,23.3,23.3,19.1,20.5,31.3,19.2,15,0.199856219,0.73364486,0.211157963,0.757379176,40.76764757,0.200735681,54635,11.4,0.98905998
31053,Dodge ,Nebraska,15.8,21.7,27,23.6,20.4,19.1,18.6,23.1,18.5,15,0.292613819,0.63964196,0.328513866,0.650865134,40.33425294,0.192356826,51682,10.7,0.83293998
31055,Douglas ,Nebraska,16.2,41.2,45.6,47.7,38.8,33.9,38.9,43.7,36.3,31.7,0.473304413,0.449509843,0.546824707,0.433382675,36.70668395,0.130101609,64580,10,0.80927998
31057,Dundy ,Nebraska,12.9,26.3,37.7,44.6,25.1,13.1,19.4,13.1,19.3,19.6,0.093389297,0.863588667,0.105105105,0.883883884,45.19774011,0.252542373,48574,18.1,1.04444
31059,Fillmore ,Nebraska,5.5,22.8,34.2,42.5,19.9,11.3,19.9,27.1,19.4,13.6,0.208432506,0.724243455,0.221123165,0.752712189,44.08223268,0.226162475,56697,8.1,1.07819
31061,Franklin ,Nebraska,4,19.2,23.8,24.6,17.6,17.1,16.6,23,15.6,12.7,0.149432158,0.805140466,0.160092807,0.833526682,46.41167714,0.28217003,48778,7.3,1.1055
31063,Frontier ,Nebraska,7.2,23.4,42.1,17.4,25,17.5,20,19.4,15.7,18.5,0.12123494,0.835843373,0.13125,0.853472222,43.77108896,0.238880368,43650,4.6,1.0855401
31065,Furnas ,Nebraska,13.2,21.4,14.7,32.5,24.2,16.3,18.9,16.4,18.4,16.4,0.12991453,0.820940171,0.153402537,0.83160323,44.09915164,0.2504772,49685,11.4,1.06473
31067,Gage ,Nebraska,4.4,20,23,24.9,20.3,15.5,20.2,29.7,18.3,13.8,0.29209793,0.634952229,0.305836646,0.67265992,42.56397432,0.20811427,49931,10.3,0.92404997
31069,Garden ,Nebraska,6,23.1,40.2,26.9,18.7,19.5,24.9,30.8,21.3,19.3,0.142325581,0.808372093,0.134728033,0.850209205,46.46151819,0.279388508,39192,6.8,NA
31071,Garfield ,Nebraska,15.5,31.9,36.8,33.9,36.6,24.7,22.2,22,21.6,23.5,0.123469388,0.837755102,0.12372093,0.867906977,47.16280825,0.287367891,46245,3.9,1.17126
31073,Gosper ,Nebraska,5.1,28.1,28.5,39.7,26,26.1,26.4,21.1,30.6,24.5,0.164356436,0.786138614,0.192307692,0.798747764,44.16833667,0.238977956,59722,4.3,1.06101
31075,Grant ,Nebraska,13.3,27,42.3,39,27.5,11.5,25.2,33.3,27.7,15.1,0.049382716,0.90617284,0.049751244,0.932835821,42.09090909,0.225757576,56724,3.2,NA
31077,Greeley ,Nebraska,5.7,17.1,21.7,18.3,16.1,15.8,17.4,21.6,16.5,14.8,0.178723404,0.776170213,0.182034976,0.807631161,43.93463497,0.256366723,45221,6.3,1.15053
31079,Hall ,Nebraska,6.7,21.3,25.5,21.4,20.5,18.9,20.9,20.9,21.5,17.9,0.284768812,0.653127833,0.315130877,0.664191351,37.43125781,0.148522084,53792,15.3,0.66930002
31081,Hamilton ,Nebraska,5.2,24.9,38.7,22,27.2,16.4,26,33.2,25,19.3,0.175459632,0.755995204,0.202060365,0.778781854,41.16918103,0.199030172,60608,5.3,1.08571
31083,Harlan ,Nebraska,5.7,24.5,34.5,26.6,26,19.5,21.4,21.4,22.4,20.2,0.138646288,0.816593886,0.14626556,0.837655602,45.27271391,0.26198177,49321,9.9,1.1057301
31087,Hitchcock ,Nebraska,2.9,18.8,23.8,21.1,19.1,15.6,18.6,23.7,15.6,21.7,0.109673025,0.839237057,0.119128659,0.860449285,44.08766928,0.253385602,43880,7.3,1.03206
31089,Holt ,Nebraska,5.2,27.5,43.4,42.5,18.5,23.1,21.2,23.5,20.3,15.3,0.103751465,0.850722939,0.123893805,0.861296731,41.85743761,0.215857732,55965,7.3,1.03485
31093,Howard ,Nebraska,5.8,22.3,35.5,25,21.7,15.2,20.5,29,17.6,12.2,0.181696727,0.762859051,0.185089974,0.795772636,41.99288806,0.210884354,52292,7.2,1.07802
31095,Jefferson ,Nebraska,16.8,19.3,26.6,16,17,19.9,15.3,14.8,14.6,15.3,0.23955352,0.68660561,0.273412271,0.703982777,44.01190644,0.239256024,47075,8.8,0.85825002
31097,Johnson ,Nebraska,3,19,26.5,18.4,18.5,14.8,16,18.1,18.3,15.1,0.269506941,0.648635711,0.290264693,0.68102288,42.39384496,0.187573042,52401,13.8,0.79079002
31099,Kearney ,Nebraska,14.6,30.9,38.2,26.6,30.5,29.7,22.7,22.3,25.6,17,0.166868932,0.767900485,0.194506104,0.783018868,40.92909535,0.195751834,64456,3.9,1.09842
31101,Keith ,Nebraska,4.3,19.9,16.8,13.4,20.7,22.7,20.7,28.1,20.2,16.1,0.141546852,0.801933565,0.174839597,0.812098992,45.48466525,0.267048996,52086,8.8,0.97583997
31105,Kimball ,Nebraska,9,11.5,6.3,5.1,10.2,17.8,18.2,28.8,17.8,18.3,0.137149672,0.793082886,0.143009605,0.834044824,44.12797125,0.24405749,46986,11.5,0.96209002
31107,Knox ,Nebraska,5.9,18.9,24.2,27.7,16.5,15.8,21.7,31.1,19.4,17.5,0.174969623,0.77472661,0.192676176,0.792207792,43.50368215,0.246822663,47906,8.8,0.96733999
31109,Lancaster ,Nebraska,17.1,40.9,45.1,45.6,40,34.2,38.8,43,37.2,31.9,0.454387291,0.452111611,0.527211691,0.449045749,36.80780214,0.139120376,58618,6.5,0.96534002
31111,Lincoln ,Nebraska,3.7,20.2,16.1,29.3,15.8,22.5,22.1,21.5,21.6,21.3,0.180583969,0.754076003,0.215818086,0.764073186,41.01811852,0.193406281,56803,6.8,0.89218998
31113,Logan ,Nebraska,15.4,25.3,12.2,46,26,13.8,19.7,30.3,16,15.1,0.070640177,0.883002208,0.084444444,0.904444444,42.31308411,0.225634179,55531,7.4,NA
31119,Madison ,Nebraska,12.4,24.5,27.4,26.4,25.6,19,22.4,25.6,22.2,19.3,0.189012062,0.740988636,0.220615287,0.75737393,38.56238698,0.159442812,55226,9.9,0.92909002
31121,Merrick ,Nebraska,7.1,17.4,26.7,27.4,13,12.6,17.4,17.3,13.8,16.8,0.158922914,0.772439282,0.174536058,0.803147757,42.19675417,0.205612311,56493,6,1.11498
31123,Morrill ,Nebraska,14.7,19.4,26.2,25.3,16.4,15.8,18.1,18.8,14.1,16.2,0.128564962,0.815753735,0.150958154,0.826359014,42.24178404,0.21190781,49151,13.4,0.90884
31125,Nance ,Nebraska,14.6,19,26.9,25.8,16.6,14.4,19.8,31.6,15.7,18.1,0.173349784,0.777914867,0.196389497,0.786105033,43.13278596,0.213759909,47279,8.5,1.11717
31127,Nemaha ,Nebraska,2.3,30.5,26.9,29.8,36.8,25.6,28.1,25.3,26,25.8,0.248339133,0.669408415,0.269062226,0.709319311,40.63164703,0.200776085,52069,7,1.02378
31129,Nuckolls ,Nebraska,7.1,26.8,34.8,26.3,23.3,27.5,19.1,21.8,15.2,12.6,0.160090703,0.78276644,0.177594442,0.806339557,45.84326579,0.271036949,46954,7.6,0.99331999
31131,Otoe ,Nebraska,19.9,25.6,22.7,30.8,27.8,21.2,21.8,25.2,20.8,18.7,0.271556926,0.651736623,0.299458809,0.679374624,41.3101345,0.194557398,60734,8.5,0.92979997
31133,Pawnee ,Nebraska,5.1,20.4,35.2,28.1,13.8,18.2,17.5,27.5,16.2,11.3,0.210248681,0.733986436,0.2253324,0.749475157,45.88145897,0.286854103,45487,11.8,1.03197
31135,Perkins ,Nebraska,2.7,25.9,19.9,35.7,21.8,26.1,25.8,37.7,29.7,20.6,0.110652921,0.836426117,0.12888601,0.855569948,42.16712188,0.234551041,57251,10.7,1.14323
31137,Phelps ,Nebraska,9.2,26.7,28.9,24.6,30.2,22.5,25.9,29.8,29.1,17.7,0.121831736,0.819808307,0.150129766,0.829906169,41.62294353,0.207203201,59003,6.3,1.01046
31139,Pierce ,Nebraska,2.1,22.1,34.1,23.4,22.4,14.5,22.3,28,21,15,0.10523416,0.84077135,0.11982027,0.864203694,41.11873425,0.192943153,57367,5.2,1.16286
31141,Platte ,Nebraska,9.5,24.6,27.8,21.4,24.7,24.6,22.2,21.9,23.5,16.6,0.183329869,0.759717314,0.208001021,0.777515472,39.10357282,0.171657225,63656,11.3,0.79223001
31143,Polk ,Nebraska,9.8,18.6,29.5,23.5,16.4,13.9,21.1,14.9,20.4,20.6,0.159953524,0.785437645,0.184091699,0.795762418,43.28533535,0.228874574,59815,8,1.08955
31145,Red Willow ,Nebraska,7.2,24.4,40.1,24.6,19.2,23.1,18.8,26.4,17.8,15,0.124758221,0.823597679,0.148752751,0.829970653,41.86975573,0.207999254,49034,7.9,0.97069001
31147,Richardson ,Nebraska,5.4,20.4,17.3,31.9,15.9,21.9,18.2,32.9,15.3,18.5,0.214980289,0.727726675,0.241396025,0.744789142,44.57320146,0.246692705,47573,6.8,0.95959997
31149,Rock ,Nebraska,18.3,28.6,50,36.1,27.7,17.7,20.9,26.4,24.1,9.8,0.087719298,0.860902256,0.099881094,0.884661118,46.04044118,0.266911765,48260,5.1,NA
31151,Saline ,Nebraska,9.4,21.9,27.8,26.8,19.9,17.7,14.3,11,17.5,13.9,0.337422118,0.584890966,0.344194107,0.629289428,37.57351916,0.150174216,54569,15.7,0.72569001
31153,Sarpy ,Nebraska,13.8,41.2,44.8,47.9,40.5,30.1,40.1,46.7,38.5,28.4,0.347890295,0.560225862,0.430696226,0.543298527,36.02661025,0.11751663,79358,4.8,1.02101
31155,Saunders ,Nebraska,12.7,29.1,33.7,38.8,28.2,21,25.4,36.8,23.7,20,0.232320442,0.695672192,0.261562623,0.715194346,40.91219547,0.187391447,67897,7.2,1.14193
31157,Scotts Bluff ,Nebraska,8.7,25.2,28.5,32.5,22.4,22.1,22.4,25.4,23.1,20.2,0.223999441,0.703778725,0.271252182,0.707996638,40.08745728,0.19030815,50247,12.5,0.82388997
31159,Seward ,Nebraska,10.3,31,36,32.8,32,25.6,29.2,34.5,27.7,24,0.236682656,0.688462509,0.266681251,0.709910304,38.88324287,0.168379721,71024,5.9,1.1193399
31161,Sheridan ,Nebraska,3,21.7,24.5,29.8,14.9,24.1,23.6,33.2,25.8,18.5,0.110046012,0.847776074,0.127245509,0.857784431,44.67630058,0.268400771,43819,9.6,0.89170003
31163,Sherman ,Nebraska,11.8,18.9,26,31.3,12.4,18.5,18.2,36.2,13.7,17,0.216147489,0.731087095,0.202002356,0.778563015,45.67643186,0.270901909,47499,7,0.96961999
31167,Stanton ,Nebraska,3.4,20.1,17,28.6,21.3,15,16.6,15.9,17.3,9.9,0.148875402,0.780792574,0.168301171,0.81018665,40.41708543,0.178559464,66228,7,1.06601
31169,Thayer ,Nebraska,24.8,22.5,31.6,32.1,18.8,19.2,19.8,18.7,23.2,12.4,0.185501859,0.762453532,0.209395973,0.774496644,43.99136733,0.25262949,51299,7.3,0.99821001
31171,Thomas ,Nebraska,0,24.6,25,48.1,30.7,18.1,24,12.8,24.2,18.1,0.076335878,0.875318066,0.105386417,0.882903981,43.57638889,0.259722222,48275,7.5,NA
31173,Thurston ,Nebraska,6.4,19.8,21,24,19.3,15.9,16.7,18.7,17.3,14.1,0.4401341,0.499521073,0.482580645,0.507526882,32.72182665,0.118444475,45405,12.4,0.53644001
31175,Valley ,Nebraska,5.9,27,28.8,35.6,26.8,23,22.8,33.6,24.6,14.1,0.153741497,0.807256236,0.176068376,0.812393162,43.64797136,0.253221957,48604,7.5,1.07447
31177,Washington ,Nebraska,12.1,34.3,27.3,38.4,40.3,26,30.3,38.6,29.9,26.6,0.24215288,0.685376662,0.286312737,0.691452509,40.7181739,0.17772294,77838,4.3,1.14897
31179,Wayne ,Nebraska,4.3,32.7,49,40.4,29.1,23,34.5,41.1,36.1,25.1,0.221133475,0.713188559,0.243333333,0.727380952,37.99026906,0.163352122,55970,4.2,1.0376101
31181,Webster ,Nebraska,29.9,21.5,22.4,23.2,20.7,21.3,22.6,30.3,24.8,16.7,0.179156909,0.778688525,0.178571429,0.8054371,43.5670818,0.229266912,45058,7.8,1.00416
31185,York ,Nebraska,17.4,25.3,32.7,35.5,19.6,21.8,28.1,36.8,25.9,20.6,0.185864285,0.736561667,0.228195436,0.747165057,40.87097008,0.203311066,61478,6.3,1.00359
32001,Churchill ,Nevada,2.4,17.6,20.6,14.4,14.6,21.5,17.5,19.9,18.9,16.5,0.202047906,0.71585299,0.236627591,0.727195094,40.54828151,0.189361702,58429,9.1,0.82966
32003,Clark ,Nevada,6.4,26.4,25.4,28.4,25.3,27.3,23.9,24.7,23.5,25,0.524309267,0.41719937,0.536637568,0.443078736,38.50643381,0.147286735,57155,14.3,0.73276001
32005,Douglas ,Nevada,5.9,31.3,29.2,32.2,28.5,34.4,28.9,22.9,29.7,32.6,0.303173749,0.624529317,0.339127121,0.633789606,47.74542472,0.284894877,70495,6.3,0.96063
32007,Elko ,Nevada,7.2,17,14.6,18.9,17.3,17.1,18.2,22.4,16,20.5,0.183253408,0.730157875,0.207450927,0.762125973,36.05060999,0.113286313,79134,14.8,0.89293998
32011,Eureka ,Nevada,0,15.2,18.8,48.7,5.5,12.8,11.7,21.6,9.1,6.7,0.086651054,0.846604215,0.103174603,0.879960317,40.90489266,0.162755866,70036,6.8,0.85731
32013,Humboldt ,Nevada,9.4,20.8,19.3,25,19,21.9,16.3,15.6,16.4,20.7,0.215451578,0.702782528,0.217346545,0.756273324,37.33289646,0.136661504,72873,16.4,0.87821001
32015,Lander ,Nevada,0,14,13.1,25.6,7.8,16.3,11.6,19.7,10.8,8.5,0.167012018,0.757563199,0.179385172,0.794936709,38.31345291,0.158206278,79278,15.1,0.94035
32017,Lincoln ,Nevada,0,15.3,10.5,13.6,18.9,13.8,17.7,24.8,11.5,15.9,0.133677298,0.783771107,0.134914146,0.845053148,43.53057104,0.247644684,55504,14.4,0.93839002
32019,Lyon ,Nevada,2.4,16.1,14,15.6,14.2,20,14,12.4,13.4,16.1,0.258648262,0.673554415,0.280260677,0.691587548,42.25129014,0.211672162,59732,12.9,0.79903001
32021,Mineral ,Nevada,0,14.6,19.4,14.9,7.7,16.7,14.4,24.7,17.4,12,0.318978468,0.590385578,0.354103997,0.610227761,44.53035002,0.246787771,44438,12.9,NA
32023,Nye ,Nevada,1.5,12.5,9.4,5.3,11.1,17.1,11.5,8.1,12.2,13.4,0.259964277,0.67996938,0.287161097,0.690691992,47.72008556,0.30066599,47031,14.2,0.74346
32027,Pershing ,Nevada,5.4,10.1,9.5,5.5,9.9,15.3,14.8,14.7,17.9,15.5,0.216952573,0.707870838,0.235775862,0.74612069,41.85718572,0.159465947,42522,18.3,0.77140999
32029,Storey ,Nevada,0,31.4,3.4,51,26.7,37.5,28.7,52.5,21.7,32.1,0.293979672,0.63174355,0.313807531,0.662831241,50.97480764,0.314718292,68236,5.2,0.81353003
32031,Washoe ,Nevada,11.4,32.5,32.1,33.8,31.2,33.8,30.5,31.3,29.7,32.2,0.463910552,0.451424189,0.508231596,0.46298957,39.57157504,0.163528616,63636,11.7,0.80659002
32033,White Pine ,Nevada,0,13.3,9.6,24.2,13.1,6.8,14.9,14.8,16.4,15.6,0.187384045,0.721706865,0.196195278,0.779280312,41.24459103,0.179630607,58942,14.1,0.84535998
32510,Carson City,Nevada,4.6,24.3,21.9,22.5,25.2,25.8,22.3,21.2,22,24.4,0.384154141,0.524664215,0.428225562,0.54181378,42.17562349,0.203215794,56382,12.7,0.76688999
33001,Belknap ,NewHampshire,13.7,31.9,27.1,30.9,31.8,34.9,32.4,35.2,30,33.3,0.385704095,0.551148523,0.440051054,0.544372379,44.55565206,0.221313625,64777,7.4,1.08412
33003,Carroll ,NewHampshire,6,37.5,30.3,32.9,36.6,42.3,33.6,28.8,30.6,39.3,0.438512966,0.494158563,0.501158906,0.486138286,47.92354292,0.279054511,59413,6.2,1.0821199
33005,Cheshire ,NewHampshire,8,34.4,37.6,38.4,29.4,36.9,32.6,36.7,33,30.7,0.526649958,0.402816565,0.577159656,0.404748982,42.3773744,0.199024747,60251,7,1.07577
33007,Coos ,NewHampshire,10.5,20.4,17.3,24.3,18.6,22.2,18.1,21,17.8,17.2,0.419978243,0.508862866,0.462609749,0.52176809,45.79117731,0.23723448,44259,11.4,0.90846002
33009,Grafton ,NewHampshire,10.5,43.3,47.6,49,42,39.7,40.5,41.3,37.9,38,0.556933836,0.37135434,0.614831561,0.368843346,42.83624396,0.206780567,65163,7.2,1.0929
33011,Hillsborough ,NewHampshire,16.4,40.2,44.5,45.9,38.7,34.8,37.3,42.1,36.7,31.8,0.465027993,0.467007849,0.529763013,0.453037789,40.66538109,0.157371396,78714,8.2,1.05302
33013,Merrimack ,NewHampshire,11.3,36.8,36.7,43.9,35.6,34.2,35.6,38.8,35.6,34.3,0.4805614,0.450387337,0.54042648,0.442191415,42.03633248,0.182396845,74351,6.3,1.1284
33015,Rockingham ,NewHampshire,19.2,43.6,47.5,53.2,42.1,37.4,40.7,47.8,39.7,33.6,0.440898619,0.498511856,0.503345104,0.48218795,42.5308077,0.179632313,93645,5.2,1.3597
33017,Strafford ,NewHampshire,12.1,38.7,45.3,46.8,34.9,33.4,35.6,43.6,31.9,28.9,0.505710145,0.421333333,0.566892222,0.414275232,39.15912061,0.15016527,69919,7.5,1.13405
33019,Sullivan ,NewHampshire,7.6,30.1,33.3,30.3,28.7,30.3,26.8,25.7,26,25.8,0.450116828,0.475951153,0.508203445,0.472026251,44.00635083,0.214560541,60034,8.9,0.95567
34001,Atlantic ,NewJersey,12.7,30.1,33.4,33.7,29.7,26.4,27.4,28.9,27.9,23.8,0.519426043,0.449224578,0.527083289,0.460169534,41.22351928,0.179373769,60826,13.1,0.75431001
34003,Bergen ,NewJersey,25.5,51.7,58.1,61.7,51,40.9,48.3,57.5,48.9,35.5,0.551426677,0.418627891,0.576721946,0.412256554,41.23515521,0.171973285,100181,7.8,1.0269099
34005,Burlington ,NewJersey,18.8,41.1,47.6,47.8,41.1,31.5,37.5,43.7,37.4,28.7,0.555966621,0.407740828,0.591192251,0.395205299,41.13859052,0.169294362,84470,6.4,0.97755998
34007,Camden ,NewJersey,14.8,34.3,39.4,41.9,32,27.3,31.8,36.4,30.9,25.5,0.647494175,0.320536471,0.66158131,0.32578151,39.56130023,0.156599182,67135,11.6,0.76767999
34009,Cape May ,NewJersey,12,35.9,36.8,36.4,37.6,33.5,31.5,31,33.1,29.1,0.384836419,0.583843028,0.414821361,0.574522646,46.02679343,0.265622299,62175,8.8,0.94268
34011,Cumberland ,NewJersey,10,17.3,16,17.2,15.2,22.2,14.7,15.1,14.6,14.4,0.514239686,0.452799793,0.524644276,0.463914883,38.76473783,0.152697189,51790,22.1,0.66140997
34013,Essex ,NewJersey,16,37.4,37,42.8,37.3,32.5,34.8,38.4,35.5,29.4,0.774559874,0.203181383,0.772694759,0.218571085,38.23251334,0.135704524,62875,14.3,0.63766998
34015,Gloucester ,NewJersey,16.7,35.2,45.3,45.5,32.6,23.9,31.9,41.7,30.2,20.3,0.47921056,0.484040647,0.502171974,0.482699503,40.25340759,0.158286663,81315,7.1,1.01538
34017,Hudson ,NewJersey,23.4,46.6,66.5,54.3,35.4,23.6,40.9,46.8,30.2,20.5,0.7472,0.223557835,0.726243746,0.26294977,37.35590058,0.118214185,73337,15.8,0.81652999
34019,Hunterdon ,NewJersey,23.8,55.5,58.3,61.7,59.5,44,52,60.6,55,39.5,0.407956406,0.546501779,0.468376819,0.512250421,43.24382186,0.185263884,112335,4.9,1.1822799
34021,Mercer ,NewJersey,14.4,44.2,43.6,49.6,45.4,38,42,45.1,44,36.5,0.669364782,0.295108255,0.693823469,0.29241127,39.36587203,0.151428703,79979,12,0.56733
34023,Middlesex ,NewJersey,15.7,45.1,52.8,54.3,43.1,33.9,42.7,52.2,39.2,30.6,0.59197429,0.377038473,0.604361554,0.38323067,39.42020466,0.149692956,87666,10.2,0.85285997
34025,Monmouth ,NewJersey,25.8,49.9,55.8,59.3,49.7,40.8,44.9,52.7,45.3,36.1,0.436358258,0.530328236,0.479414308,0.507225949,41.71189048,0.175746837,99223,6.8,0.94753999
34027,Morris ,NewJersey,25.4,57.1,64.5,66.6,57.4,45.2,53.6,62.9,54.6,40.3,0.460230177,0.503446265,0.514098529,0.471512284,41.39296033,0.17064189,112396,5.7,1.08737
34029,Ocean ,NewJersey,16.6,32.9,41.4,41.5,31.2,26.8,29.2,34.9,28.2,23.9,0.31764603,0.652710652,0.349781562,0.637568957,41.95855654,0.225466259,68483,8.2,0.99555999
34031,Passaic ,NewJersey,12.8,30.1,36.1,31.5,28.4,26.4,28.1,29.2,28,22.8,0.599372696,0.374236404,0.577080735,0.411292449,38.37340804,0.145463035,71959,16.6,0.59579003
34033,Salem ,NewJersey,13.6,22.8,23.2,30.2,21.3,19.8,20.9,27.2,20.7,14.9,0.403607513,0.555401099,0.426832144,0.555008549,41.61367738,0.185873784,64524,12.3,0.86607999
34035,Somerset ,NewJersey,25.9,57.3,61.8,63.3,60.1,44.1,54.5,61.7,57.2,41.3,0.54547017,0.416984951,0.598157743,0.387368919,40.72144013,0.155868391,119731,5.3,1.00537
34037,Sussex ,NewJersey,16.2,39,42.9,46.7,38.1,33.1,34.9,41.2,33.5,31.5,0.32663303,0.629441761,0.392007731,0.587744429,42.28895447,0.173026797,92284,5.2,1.25775
34039,Union ,NewJersey,16.4,38.3,41,42.5,38.7,31.2,35.1,40.1,35.9,27.3,0.664101813,0.306854375,0.672929077,0.316224688,38.98962401,0.143803522,80737,13.8,0.69148999
34041,Warren ,NewJersey,22,35.5,42.9,38,36.8,27.2,31.8,37.6,31.5,25.5,0.350983021,0.606426192,0.409643509,0.571980851,42.45826204,0.181794118,77571,8.8,1.13434
35001,Bernalillo ,NewMexico,9.8,36.6,35.4,38.8,35.4,37.7,33.9,35.1,33.8,36,0.522158143,0.34478013,0.61008533,0.365675871,39.59342553,0.163865973,51372,11.2,0.66459
35003,Catron ,NewMexico,13.9,14.9,0,0,10.8,21.8,22.2,9.3,23,22.6,0.208394339,0.714494876,0.255803955,0.730008598,53.84572387,0.415315819,34777,6.1,NA
35005,Chaves ,NewMexico,2.3,17.5,18,15.5,15.2,22.1,17.8,14.7,19,20.9,0.273000839,0.634995807,0.284320278,0.697589449,37.97573776,0.159625284,43527,22,0.57494998
35006,Cibola ,NewMexico,2.6,14.7,19.3,11.3,12.1,17.1,13.4,11.1,14.4,15.4,0.463971227,0.396254496,0.532966416,0.446478715,38.96433111,0.160996037,38097,17.4,0.46673
35007,Colfax ,NewMexico,3.2,22.1,19,17.4,19.6,27.3,20.5,13.8,21.5,24.3,0.399287322,0.484808702,0.434009309,0.543716755,45.84104046,0.268290669,41592,10.8,0.64099997
35009,Curry ,NewMexico,7,21.5,28.6,23.6,16.6,17.4,19.8,16.8,20.8,19.2,0.233433059,0.675766642,0.2852129,0.691609827,35.16156927,0.125452596,47202,17,0.66850001
35011,De Baca ,NewMexico,0,9.2,0,2.2,21.7,15.6,9.8,11.2,20.2,3,0.212087912,0.681318681,0.256381798,0.728079911,44.79927007,0.27905671,35087,13.7,NA
35013,Doña Ana ,NewMexico,9.9,30.4,28.2,32.6,30.9,30,27.5,24.7,28.5,29.8,0.537127732,0.35916091,0.580305175,0.396921625,37.15224207,0.157859895,38409,20.6,0.59858
35015,Eddy ,NewMexico,8.3,18.2,18.4,18.2,16.9,20.2,15.9,18.4,16.6,16.4,0.255910917,0.668480195,0.233571613,0.751614848,37.36433506,0.145181347,58320,15.5,0.74067003
35017,Grant ,NewMexico,3.7,26.4,25.3,20.5,24,31.1,27.3,23.8,27.2,32.1,0.489891499,0.412770276,0.525805334,0.453966055,45.01535874,0.277334894,38341,12.9,0.56770003
35019,Guadalupe ,NewMexico,1,14,14.9,22.4,11.5,9.4,11.6,5.9,17,4.2,0.530925014,0.325670498,0.56372773,0.418912746,41.40463027,0.195807418,29515,20.1,0.59342998
35023,Hidalgo ,NewMexico,7.5,16.9,10.2,15.3,18,20.3,14.2,15.5,11.9,18.2,0.418803419,0.486111111,0.416919959,0.567375887,42.26415094,0.223584906,39882,20.8,0.63405001
35025,Lea ,NewMexico,3.8,14.6,11,18.2,14.3,15.3,13,11,15.6,14.6,0.221883469,0.70545393,0.194139019,0.790276317,34.71768111,0.114177357,51656,27.1,0.6886
35027,Lincoln ,NewMexico,13.6,24.3,6.7,25.6,21.4,32.1,29.3,20.1,31.2,37,0.261851269,0.662323073,0.309916553,0.673588201,46.73731847,0.287226427,45095,8.5,0.68344003
35028,Los Alamos ,NewMexico,27.9,69.7,71.2,74.2,66.3,70.3,66.5,67.1,72.8,55.1,0.510978411,0.308589802,0.614496055,0.348002928,41.22415057,0.178524685,124947,2.2,1.1156501
35029,Luna ,NewMexico,1.1,11.9,8.4,11.7,10.3,15.7,12.2,8.7,14.4,13.3,0.437971213,0.476764907,0.439713686,0.543996051,39.77851271,0.210825022,30570,31.4,0.46496999
35031,McKinley ,NewMexico,0.9,12.4,11.5,14.6,12,12.1,11.6,11.2,14.5,11.5,0.62553564,0.235174861,0.680699237,0.294532961,35.52863467,0.124069719,33976,24.6,0.41604
35033,Mora ,NewMexico,1.2,20.6,32.8,13.8,10.5,28.1,11.2,1.7,9.9,13.4,0.629250307,0.272429332,0.649664929,0.33618764,46.74434088,0.287616511,34491,8.4,NA
35035,Otero ,NewMexico,6.1,21,20.5,22.5,18.7,23.3,19,21.1,18,20,0.305284148,0.592572283,0.359976242,0.616053625,38.79797397,0.171815337,42701,16.5,0.73474002
35037,Quay ,NewMexico,2.9,16,22,12,16.4,15.1,15.8,12.8,17.6,15.6,0.284714446,0.619260918,0.302091402,0.680092951,44.34781292,0.254574094,33085,17.2,0.57808
35041,Roosevelt ,NewMexico,6.1,20.4,20.4,13.7,23,22,25.1,20.2,29.6,26.3,0.244369748,0.652773109,0.272699758,0.701271186,35.86525636,0.142559889,41700,19.1,0.68822998
35043,Sandoval ,NewMexico,3.9,32.1,24.1,33.6,32.5,35.8,30,32,30.8,33.9,0.449132761,0.419922192,0.530132442,0.446357201,40.25284304,0.177408578,57036,10.3,0.74976999
35045,San Juan ,NewMexico,2.2,15.7,10.3,16.1,17.9,16.8,15.2,14.9,15.7,17.6,0.279006723,0.606072435,0.345794929,0.628638085,37.80441528,0.149428597,46578,15.8,0.59600002
35047,San Miguel ,NewMexico,6.3,23.8,22.8,22.6,20.6,28.6,22.7,19.9,18.8,26.8,0.677611385,0.215142777,0.684069031,0.296678519,43.05579718,0.217172266,35292,18.8,0.4998
35049,Santa Fe ,NewMexico,8,42.2,31.2,33.9,41.3,51.4,40.9,29.8,41.4,51,0.71104796,0.200632752,0.760455811,0.222907318,44.65496215,0.24314256,60187,11.1,0.62910998
35051,Sierra ,NewMexico,9.1,19.7,8.8,35.9,13.1,21.9,20.5,23.1,20.1,19.9,0.311136846,0.580968925,0.380992431,0.595794786,50.36332969,0.365244347,31741,15.3,0.57985997
35053,Socorro ,NewMexico,2.9,16.8,7,26.9,15.6,16.2,21.2,24.8,17.4,27.2,0.482382062,0.380896913,0.519832402,0.454608939,40.39154467,0.193008664,33989,20.9,0.53258002
35055,Taos ,NewMexico,2.5,34.5,18.6,25,38.6,39.9,28,22,28.2,36.1,0.699082569,0.17870249,0.763692451,0.216227228,45.87779808,0.264595706,38405,10.9,0.70545
35057,Torrance ,NewMexico,2.6,14.5,16.1,16.9,14,13.1,15.6,10.3,16.3,20.1,0.282258065,0.587286528,0.3219338,0.655404477,42.30533641,0.207234943,39123,14.2,0.65758002
35059,Union ,NewMexico,7,15.5,13.8,14.8,13,19.7,12.7,9.7,9.3,16.4,0.188014101,0.714453584,0.214086082,0.775852432,42.6651287,0.209324915,40426,20,0.72306001
35061,Valencia ,NewMexico,4.3,21.1,18.9,25,19.4,22.3,17.1,15.2,18.4,20.1,0.39290374,0.478943172,0.441893608,0.537968213,39.94885947,0.176598305,46365,17,0.55430001
36001,Albany ,NewYork,24.9,44.4,54,50.9,40.6,38.2,41.3,47.4,39.2,33.4,0.594128585,0.341915183,0.642900076,0.330136305,40.03561346,0.169554274,64536,7.3,0.87391001
36003,Allegany ,NewYork,6.5,24.5,30.5,25.4,21.5,24.9,20.2,25.3,17.7,20.1,0.261181254,0.670072758,0.289447236,0.676477626,40.58518199,0.189855697,46262,10,0.77829999
36007,Broome ,NewYork,13.8,29.8,37.7,34.2,28.2,25.1,28.3,30.7,27.6,23.3,0.455572079,0.475683149,0.502813015,0.468479261,41.04854194,0.19066154,50928,9.5,0.81244999
36009,Cattaraugus ,NewYork,6.5,20.2,19.8,25.2,18.9,19.4,19.1,23.9,18.1,17.5,0.304771991,0.631943776,0.339225541,0.632674624,41.42568974,0.191684019,48017,11.5,0.75652999
36011,Cayuga ,NewYork,9.4,23,22.5,25,22.6,22.6,22.3,24.5,21.8,20.4,0.407632943,0.524056433,0.439309032,0.530794342,42.3082831,0.191198393,52945,12.3,0.81484997
36013,Chautauqua ,NewYork,8,24.3,23.6,30.9,23.4,22.3,21.7,23.7,22.1,20.7,0.352011653,0.582549692,0.386264012,0.583118621,42.08734241,0.200908245,45689,11.1,0.69059998
36015,Chemung ,NewYork,12.5,24.6,29.7,22.8,24.1,22.9,23.9,26.4,22.3,24.1,0.380879869,0.556410753,0.418926746,0.552038478,41.517198,0.189605241,52565,9.7,0.73575002
36017,Chenango ,NewYork,10.3,18.3,20.8,18.7,15.9,19.9,18.3,19.8,17.7,17.4,0.336061508,0.591319444,0.369808627,0.601418566,42.79546028,0.20369825,50312,11.8,0.79185998
36019,Clinton ,NewYork,11.1,27.2,29.1,32.5,23.9,27.3,22.9,24.5,23,22.9,0.469054664,0.450054509,0.515307125,0.463394786,40.87994919,0.170568189,55517,12.1,0.84636998
36021,Columbia ,NewYork,19.1,36.4,29,36.3,37.2,38.7,31.3,32.1,30.3,33.7,0.494595819,0.445149181,0.569743719,0.404236885,45.46665331,0.237916416,64916,9.6,0.88366997
36023,Cortland ,NewYork,9.1,27.8,33.4,32.2,24.4,26.5,26.9,29.9,26.5,23.3,0.433264177,0.489033788,0.47364334,0.49282843,38.99478285,0.164983376,51751,9.3,0.80005997
36025,Delaware ,NewYork,4.4,25,26.6,34.5,21.9,24.3,21.9,23.1,22,20.8,0.334832255,0.603375101,0.396246858,0.580176822,45.22003503,0.244840209,47382,11.8,0.85110998
36027,Dutchess ,NewYork,13.7,39,41.1,43.3,38.7,35.2,35.2,39,36.3,30.5,0.475514381,0.471970611,0.536200778,0.440268881,41.7198299,0.175791065,79604,9.5,0.95771003
36029,Erie ,NewYork,18.5,36.4,44.8,45.8,33.9,27.4,33.7,42.4,31.4,25.2,0.508600767,0.444503983,0.560363433,0.414287722,41.0693402,0.179459161,56375,8.6,0.75937998
36031,Essex ,NewYork,9.8,31.2,31.8,26.1,31.5,32.8,27.6,29.3,27.1,29.4,0.450807295,0.462190731,0.510888546,0.461016949,45.47412869,0.234396783,54376,8.9,0.86543
36033,Franklin ,NewYork,5.4,22.1,16.2,23.3,23.4,23.6,19.4,18.5,19.9,23,0.430450684,0.484957527,0.476467559,0.497837281,40.82252997,0.168055197,48722,13.2,0.76937002
36035,Fulton ,NewYork,3.2,19.3,22.3,22,15.8,21,17.8,16.5,16.8,18.3,0.306212878,0.634580937,0.329469924,0.6388335,42.50932992,0.195909761,51388,12.6,0.7155
36037,Genesee ,NewYork,11.2,23.2,25.2,33.4,22.1,17.3,21.5,25.4,20.6,16.3,0.289421913,0.639944007,0.327036118,0.641364548,42.03269809,0.186920763,58925,7.9,0.90377998
36039,Greene ,NewYork,11.7,27.6,29.8,33,27.7,23.6,22.1,25.5,22.8,20,0.335827664,0.592879819,0.408609795,0.563625592,44.36077362,0.221262976,54514,12.8,0.87491
36041,Hamilton ,NewYork,3.5,23.4,20.1,28.4,23,23.1,19.3,26.7,21.2,16.4,0.294263566,0.64,0.337632559,0.637718544,50.49842129,0.312584574,59020,17.4,1.0166
36043,Herkimer ,NewYork,12.3,22.4,29.3,24.7,20.3,20.3,21,23.8,20.9,17,0.307865169,0.636031232,0.336163735,0.638362652,42.58474439,0.207251791,53168,10.1,0.78821999
36045,Jefferson ,NewYork,9.2,25.2,26.5,30.5,22.7,23,22.3,26.1,20.2,19.4,0.361151794,0.569175646,0.392191076,0.580774547,36.37427856,0.136691871,52798,8.9,0.87980002
36049,Lewis ,NewYork,9.7,19.2,24.4,22.1,17.4,17.1,16.3,20.7,13.5,12.7,0.277792494,0.653421634,0.293341516,0.682264498,41.20873823,0.183196582,52660,10.2,0.86748999
36051,Livingston ,NewYork,6.5,29.5,33.8,31.1,29.4,26.3,25.4,28.5,24.6,24.6,0.356198595,0.575738404,0.39414329,0.57436189,41.22593987,0.178831828,61027,10.3,0.90139002
36053,Madison ,NewYork,7,26.9,25.4,34.7,26.7,23.6,27,31,26.8,23,0.388072113,0.530069186,0.432119302,0.537208895,41.48806413,0.182993149,59114,8.8,0.89937001
36055,Monroe ,NewYork,15.1,40.5,45.6,47.2,39.3,33.8,37.7,42.4,36.7,31.8,0.542258259,0.392713994,0.58864821,0.379821069,40.38470707,0.172462605,60240,9.7,0.71841002
36057,Montgomery ,NewYork,11.8,19.8,24.6,24.2,19.9,13.7,17.5,20.6,19.4,11.5,0.346121549,0.59310381,0.37545891,0.599877624,40.92493176,0.186088363,43799,14.2,0.73624003
36059,Nassau ,NewYork,25.2,48.2,55.9,58.4,46.9,38.3,45.2,53.2,45.3,34.5,0.511938609,0.452634124,0.536999793,0.442483365,41.16795426,0.177630392,115301,8.8,0.95231003
36061,New York ,NewYork,34.4,62.8,77.6,68.1,56,49.4,60.8,66.5,53.5,45.5,0.865569207,0.097062662,0.859760053,0.121449091,40.84528867,0.165102127,84610,13,0.82734001
36063,Niagara ,NewYork,14.6,27,31.3,33.6,25.9,22,23.8,30.8,22.1,18.2,0.384829333,0.562336313,0.438931589,0.534663285,42.23590169,0.190602234,55013,8.8,0.85018998
36065,Oneida ,NewYork,11.8,27.3,33.3,33.5,24.4,23.8,24.7,29.3,23.5,22,0.370765529,0.565185861,0.408737807,0.562264003,41.20015289,0.187557987,54096,11.4,0.75343001
36067,Onondaga ,NewYork,17.9,36.9,42.5,43.7,34.6,31.8,35.5,40.9,34.6,28.5,0.538941662,0.401309729,0.589317991,0.384490381,40.24777018,0.170276023,59786,9.3,0.77278
36069,Ontario ,NewYork,12.5,37.2,39.4,49.5,36,31.1,34.5,46.3,33.9,28.4,0.425446822,0.498086417,0.483065657,0.48329866,42.35336416,0.199273647,62930,6.6,0.91204
36071,Orange ,NewYork,13,31.6,30.7,35,32.5,27.5,29.8,34,31.1,25,0.449135317,0.504173765,0.488641413,0.490441707,37.81065503,0.140177667,75048,10.3,0.84834999
36073,Orleans ,NewYork,7.7,17.8,15,23,16.2,19,15.9,14.9,17,16.6,0.272893773,0.667643468,0.305067162,0.662116414,41.91568994,0.179183493,52658,12.9,0.80096
36075,Oswego ,NewYork,10.2,21.4,22.6,26.6,20.8,18.3,18.6,21.8,17.5,15.9,0.354815276,0.57467829,0.385455407,0.585903887,40.26997913,0.163403959,53745,12.2,0.78162998
36077,Otsego ,NewYork,4.7,33.7,33.4,38.6,33.4,31.9,30.9,31.3,29.7,31.6,0.407160667,0.518466573,0.459731425,0.509584382,42.45522938,0.211836181,54321,8.8,0.88191998
36079,Putnam ,NewYork,23.9,42.8,44.1,51.3,45,32.9,39.9,46.9,42.1,30.7,0.398780965,0.556473035,0.45108283,0.529357533,42.12620839,0.173613639,100887,7,1.03351
36083,Rensselaer ,NewYork,15,35.4,45.3,42.6,31.4,28.5,30.1,36.5,27.5,23.6,0.45718398,0.471283642,0.512355869,0.456466822,40.70972517,0.169535003,71084,8.4,0.87690002
36087,Rockland ,NewYork,19.9,42.5,37.4,43.9,44.4,42.3,40.6,41.2,43.8,38,0.513313642,0.450902011,0.500736552,0.483455652,37.57330478,0.156916747,88960,12.1,0.71461999
36089,St. Lawrence ,NewYork,5,23.5,27.1,29,22.7,19,23.6,30.1,22,19.1,0.421063384,0.509270136,0.427706718,0.543618972,40.16203597,0.174238989,49356,11.3,0.79506999
36091,Saratoga ,NewYork,22.3,43.4,48,55.2,41.9,34.9,41.4,50.7,40.7,33.1,0.446237313,0.478333655,0.512676331,0.459020935,41.73449903,0.181297602,83210,5.9,1.03073
36093,Schenectady ,NewYork,13,34.2,38,41.1,31.3,30.9,31.4,32.9,29.6,29.6,0.501590369,0.43033591,0.563338242,0.407808334,40.49829417,0.171161893,63297,9.7,0.83007997
36095,Schoharie ,NewYork,12.3,25,29.9,25.7,25.1,22.2,22.3,26.2,20.5,20.4,0.301779359,0.628540925,0.338077166,0.626375712,43.73420266,0.218574139,57757,10.4,0.88620001
36097,Schuyler ,NewYork,7.4,24.5,18.7,28.4,24.8,24.9,22.3,26.9,22.6,20.3,0.352371181,0.575695394,0.39830595,0.573629962,43.77903082,0.213376507,50190,10.7,0.79557002
36099,Seneca ,NewYork,10.2,22.1,25.9,26.5,18.2,22.6,20.9,24,21,19.6,0.40751073,0.517596567,0.439877847,0.529902023,41.87827988,0.192157434,54184,14.6,0.82130003
36101,Steuben ,NewYork,12,25.9,30.3,30.7,25.1,21.5,23.1,31.5,20.6,19.1,0.298223894,0.638802914,0.339453091,0.633631439,42.02586747,0.196772308,54862,10,0.77209002
36103,Suffolk ,NewYork,19.3,39,45.7,43.1,38.4,32.6,35.6,40.4,35.6,29,0.446163986,0.514595144,0.485566919,0.495886536,40.97538608,0.168629519,100075,9.6,0.94288999
36105,Sullivan ,NewYork,9.2,27.8,26.9,27.1,27.6,29.1,23.2,19.5,23.7,24.5,0.419562677,0.53183108,0.440880109,0.531282022,41.61209568,0.188587777,51985,13.8,0.77954
36107,Tioga ,NewYork,15,26.3,26.5,34.4,25.8,22.5,25.5,29.1,25.6,20.9,0.337503924,0.5946455,0.382757251,0.587644021,42.8642916,0.202924217,60309,9.2,0.83236003
36109,Tompkins ,NewYork,17.3,57.5,68.9,63,54.7,48.7,52.7,58.9,48.5,45.4,0.676929566,0.243005764,0.730085997,0.240965949,37.37766677,0.144951504,57383,5.8,1.05003
36111,Ulster ,NewYork,12.8,35.6,32.6,37.8,35.3,36.6,32.2,35.6,32.4,31.6,0.517497388,0.417995206,0.590566422,0.38294621,42.98589298,0.197806259,63073,9.5,0.90713
36113,Warren ,NewYork,21.2,33.8,33.7,40.2,30.4,35.2,30,35.1,28.4,29.2,0.416804636,0.501496434,0.484750234,0.486316426,44.24558469,0.222376099,56694,8.3,0.91123003
36115,Washington ,NewYork,11.2,21.1,21.2,21.6,20.8,21.3,20.4,23.4,19,21.8,0.370923027,0.55487606,0.409293601,0.564163364,42.894954,0.194764449,55913,12.3,0.83695
36117,Wayne ,NewYork,8.7,25,26.4,28.8,24.1,23.3,22.3,29.8,20.9,19.5,0.339481442,0.589109784,0.387644067,0.58191024,42.00429694,0.18877687,61118,10.6,0.84524
36119,Westchester ,NewYork,23.5,51.8,53.4,58,53.2,43.8,48.2,53.1,50.9,39.8,0.648811972,0.311984881,0.675740106,0.313052037,40.73313477,0.170531163,94521,12.2,0.81660002
36121,Wyoming ,NewYork,10.5,18.2,19.3,21.7,17.5,16.2,16.5,17.3,14.6,15.9,0.225690831,0.719273904,0.260380845,0.713339835,41.98995884,0.179318947,57709,10.4,0.91834998
36123,Yates ,NewYork,3.9,24,17.8,21.9,23.5,28.8,24.4,22.3,21.8,29.9,0.363500894,0.562288893,0.391082684,0.575454208,41.44448694,0.208204179,51089,13.8,0.83705002
37001,Alamance ,NorthCarolina,6.4,27.3,27.4,30.2,28.6,23.4,24,25.3,24,22.2,0.419256011,0.54548393,0.450976292,0.534968811,39.81737725,0.16899589,50480,14.5,0.61148
37003,Alexander ,NorthCarolina,6.7,15.3,14.7,16.2,17.3,12.4,14.7,11.4,17,14.1,0.206173718,0.76038531,0.20483297,0.785135403,42.5299842,0.200492598,49138,18.4,0.63590997
37005,Alleghany ,NorthCarolina,15.1,20.7,18.9,20.5,19.5,22.8,16.7,11,15.6,21.4,0.245719661,0.717591722,0.244568796,0.745062541,46.71378013,0.270853866,39735,23.4,0.56276
37007,Anson ,NorthCarolina,10.3,11.4,6.6,12,12.3,13,9.6,6.6,8.8,11,0.555618777,0.427311522,0.517152046,0.475343935,41.44701934,0.184668569,38023,19.5,0.46175
37009,Ashe ,NorthCarolina,13.7,20.8,21.2,14.2,21.7,22.4,19,20,17.3,20.4,0.260727056,0.7011323,0.26331099,0.724105223,45.96840533,0.25699952,41864,15.8,0.63370001
37011,Avery ,NorthCarolina,8.1,22.3,21.7,23.7,16.4,29.6,20.6,13.3,21.1,27.4,0.204752091,0.763486483,0.231655742,0.758299851,44.3417595,0.222279349,41701,17.7,0.73922002
37013,Beaufort ,NorthCarolina,4.6,19.5,16.1,18.4,17.1,24,19.4,19.5,16.5,24.2,0.366112457,0.60752778,0.366064981,0.624624738,44.14553198,0.239618514,46411,12.4,0.56181002
37015,Bertie ,NorthCarolina,1.5,16.6,24.6,16.4,14.3,15,13.4,9.3,13.3,12.3,0.618166257,0.369744303,0.605094243,0.388894549,44.49858089,0.23015873,35433,21.3,0.53906
37017,Bladen ,NorthCarolina,2.4,20.3,15.4,18.7,22.7,20.2,15.1,17.8,16.3,12.6,0.443983141,0.537837328,0.42779562,0.565021896,43.1428141,0.2183489,36976,19.9,0.45526001
37019,Brunswick ,NorthCarolina,10,32.4,24.2,29,30,37.7,28.6,23.5,27.1,34.2,0.340624131,0.625009144,0.369392848,0.619351261,48.74791581,0.314968116,60163,9.6,0.72191
37021,Buncombe ,NorthCarolina,9.6,43,40.4,48.2,42.3,42.3,39.2,44.4,38.3,38,0.543027197,0.400987427,0.597360881,0.386286974,42.47196096,0.20002856,53960,9,0.80628997
37023,Burke ,NorthCarolina,10.1,19.8,17.3,21.6,19.6,20.5,16.6,14.7,18.2,17.8,0.289080164,0.674152107,0.294112371,0.695462087,42.89416034,0.202407559,44946,19.1,0.54716003
37025,Cabarrus ,NorthCarolina,11.5,36.5,39,44.1,37.4,24,31.2,40.2,31.3,19.4,0.380763005,0.576906173,0.44496575,0.539440573,37.7203774,0.132240634,69297,10,0.73873001
37027,Caldwell ,NorthCarolina,9.6,17.2,18.1,20.8,17,15.3,15.3,17.5,14.7,15,0.231965859,0.732957048,0.23920708,0.749935791,42.60642578,0.198734594,43328,20.3,0.55425
37029,Camden ,NorthCarolina,10.2,24.3,29.6,30.3,23.9,16.5,17.9,15.5,23.3,9.1,0.254494606,0.70834998,0.258189149,0.724340669,40.82819795,0.163398693,65955,14.4,0.92234999
37031,Carteret ,NorthCarolina,8.9,31.9,37.9,31.1,29,33.3,28.4,30.6,26.5,30.1,0.263068738,0.703237077,0.283241597,0.703314206,45.78433347,0.249741097,55052,8.9,0.80018997
37033,Caswell ,NorthCarolina,13.2,15.4,12.5,12.4,18.4,14.5,15.5,19.5,16.9,13.8,0.432881662,0.54435411,0.403286034,0.588249938,43.80804476,0.215040973,45517,20.5,0.56954002
37035,Catawba ,NorthCarolina,11.5,24.8,24.8,26.4,24.7,24,21.9,24.6,22.7,18.4,0.293237136,0.667910602,0.307929277,0.678309859,40.83172604,0.178611048,53738,14.8,0.64618999
37037,Chatham ,NorthCarolina,9.7,46.5,38.2,48,48,47.2,41.3,46.4,41.9,42,0.528620543,0.429245401,0.551184181,0.435934896,44.68330849,0.244151547,73703,11.8,0.63848001
37039,Cherokee ,NorthCarolina,7.4,23.6,25.8,24.8,19.7,26.4,19.2,24.4,17.4,19.6,0.201678302,0.764685142,0.21816964,0.768921634,47.62384174,0.295846105,41262,13.7,0.61150998
37041,Chowan ,NorthCarolina,5.6,24.2,18,19.1,25.5,27.9,19.8,17.1,21.4,19.8,0.413945766,0.555340343,0.417137719,0.574383351,44.48980683,0.246346853,42618,16,0.56221998
37043,Clay ,NorthCarolina,0,28.8,14.2,31.5,22.7,36.1,22.8,29.8,17.9,28.4,0.227454243,0.738269551,0.246481938,0.741621934,48.01799982,0.310979442,42878,11.5,0.68169999
37045,Cleveland ,NorthCarolina,4.4,19.4,20.9,23.6,18.3,17.5,17.4,23.2,16.9,15.7,0.33496743,0.637499161,0.330455289,0.658727683,40.98456142,0.186225613,42728,16,0.55795997
37047,Columbus ,NorthCarolina,5.2,14.5,8.3,16.3,16.2,15.1,13.1,13.8,13.3,13.8,0.381889432,0.6013821,0.35718067,0.636466763,41.82854191,0.20107807,36862,18.4,0.44911999
37049,Craven ,NorthCarolina,5.7,25.7,23.9,25.5,24.2,28.7,25.7,29.1,25.4,26,0.375098402,0.590008723,0.398530105,0.584792236,39.8746016,0.19045398,50748,11.8,0.73456001
37051,Cumberland ,NorthCarolina,7.1,26.9,26.3,31.9,26.6,23.4,25,29.5,25.6,19.5,0.561581416,0.402059511,0.574033299,0.407964662,35.38896579,0.119209822,46779,9.3,0.68410999
37053,Currituck ,NorthCarolina,6.9,27.1,30.4,32.5,23.8,26.4,23.1,18.2,20.5,26.1,0.229931328,0.723261504,0.259800582,0.72192977,40.81006206,0.162455674,64426,10.8,0.90688998
37055,Dare ,NorthCarolina,18.2,42.5,34.2,39.4,42.2,47.9,33,29.8,32.5,39.4,0.36830027,0.584425519,0.410036315,0.575189832,44.28049916,0.214213309,64768,6.7,0.87639999
37057,Davidson ,NorthCarolina,11,20.5,20.1,25.6,21,16.7,18.5,22,18.9,14.3,0.241917816,0.725619857,0.255733556,0.730483314,41.35231733,0.182319613,47758,16.6,0.57999998
37059,Davie ,NorthCarolina,11,26.2,21.5,29.8,27.7,24.6,22.9,26.2,22.5,24,0.242232028,0.717135503,0.265220655,0.720161194,43.12282077,0.211639716,60801,13.3,0.70682001
37061,Duplin ,NorthCarolina,6.8,15.9,16.7,16.8,15.7,15,11.1,11,11,11.3,0.397151899,0.585778673,0.385956417,0.607219898,40.65167528,0.186998777,42725,25.8,0.4862
37063,Durham ,NorthCarolina,21.6,51.9,62.2,54.4,47,44,47.5,47.7,44.4,41.6,0.77657653,0.181574801,0.804206455,0.180413975,37.74742769,0.130927988,59329,11.6,0.73408002
37065,Edgecombe ,NorthCarolina,6.4,17.7,14.8,22,17.4,17.7,12.7,15.4,13.4,12.7,0.651932814,0.331953709,0.631510773,0.361345527,41.4724065,0.19715412,38818,20.3,0.45456001
37067,Forsyth ,NorthCarolina,13.3,35.3,37.8,40.2,34.8,30.5,33.8,37.1,34.4,28.7,0.529768047,0.426079008,0.561598848,0.422636259,39.25414601,0.159897547,50112,11.2,0.64214998
37069,Franklin ,NorthCarolina,9.2,23.7,28.2,28.5,23.7,17,21.3,25.3,22.8,14.3,0.423933087,0.538988409,0.42512918,0.559583412,40.74933393,0.168028419,57710,15.9,0.76798999
37071,Gaston ,NorthCarolina,7.8,25,28.6,32.5,23,19.7,20.6,26.1,19.8,14.9,0.323308894,0.640852008,0.354629518,0.632331297,39.82640478,0.160590722,52798,15.3,0.62857002
37073,Gates ,NorthCarolina,3.9,8.9,15.3,3.7,8.4,9.1,14.4,18.4,17,11.7,0.442321958,0.533011869,0.426394239,0.563892146,43.37704139,0.202194764,51746,13.7,0.76517999
37075,Graham ,NorthCarolina,0,13.8,13.6,8.1,10.1,20.9,13.5,23,9.7,15.7,0.184261036,0.787667946,0.193997856,0.795284031,44.22795851,0.237977369,39502,19,0.58879
37077,Granville ,NorthCarolina,5,23.7,25.9,29.5,22.7,19.6,22.3,28.1,23,18.1,0.471940921,0.4968742,0.460946895,0.526837141,41.36974965,0.171221825,58956,15.8,0.61255997
37079,Greene ,NorthCarolina,2.3,11.5,11.6,12.1,10.7,11.9,10.5,14.4,10.4,8.3,0.445336628,0.540333539,0.437792756,0.556837656,40.71601942,0.165667238,43591,25.9,0.50579
37081,Guilford ,NorthCarolina,10.8,37.9,41.1,40.3,37.5,34.1,35.3,38.3,36.4,30.3,0.579817797,0.380963851,0.608416583,0.377150369,38.74106658,0.151683625,52166,10.9,0.66260999
37083,Halifax ,NorthCarolina,3.6,15.7,17.9,18.6,14.8,14.2,14.4,12,15.8,13.5,0.625740056,0.358842929,0.603478396,0.391319538,42.41418515,0.207201329,36760,22.5,0.45603999
37085,Harnett ,NorthCarolina,8.4,22.8,26.3,24.8,23.2,15.6,20.7,24.7,19,13.8,0.363334419,0.599457289,0.378999193,0.603451529,36.29256262,0.12459952,51225,13.7,0.68665999
37087,Haywood ,NorthCarolina,13.3,28.7,27,31.7,28,29.2,25,26.8,23.1,27.2,0.340840303,0.616038012,0.359695692,0.624870014,45.05014442,0.246050572,47183,11.9,0.65478998
37089,Henderson ,NorthCarolina,6.4,34,29.6,30.6,33.1,38,31.8,33,30,35.7,0.340810644,0.61552874,0.397990376,0.585511401,45.20578511,0.257597561,54012,10.1,0.70547003
37091,Hertford ,NorthCarolina,8.6,16,15,20.6,15.3,14.9,14.6,10.7,13.7,14.6,0.678382093,0.304241115,0.667387625,0.327158171,42.04626146,0.197768291,38216,20.8,0.54784
37093,Hoke ,NorthCarolina,5.8,20.2,21.6,22.9,20.1,14.6,18.4,20.8,16.5,14.1,0.533516182,0.425671969,0.545496557,0.436850132,34.82123293,0.100577021,47892,14,0.67730999
37095,Hyde ,NorthCarolina,0,14.2,21.6,3.4,22.1,7,9.4,6.8,12.6,11.8,0.418836806,0.559027778,0.419743178,0.569020867,44.00095602,0.206692161,40653,18.4,0.60378999
37097,Iredell ,NorthCarolina,10.6,32.7,33.9,38.5,32.8,27.2,27.5,32.1,29.2,20.9,0.299562779,0.663146293,0.331031249,0.654579909,39.9774848,0.158617984,60044,11,0.74871999
37099,Jackson ,NorthCarolina,10.8,29.8,24.8,23.8,31.8,33.3,30.5,30.1,29.3,32.3,0.412173355,0.527440817,0.447591936,0.529960799,40.62726475,0.196805687,44502,11.6,0.68485999
37101,Johnston ,NorthCarolina,7.6,26.2,29.6,31.1,25.9,18.8,21.8,25.4,22.9,16.2,0.330140032,0.632902257,0.370493098,0.61381862,37.93480942,0.133163932,60296,13.7,0.70789999
37103,Jones ,NorthCarolina,8,15.7,21.1,18,13.8,14.8,13.1,16.7,15.3,10.7,0.402142162,0.57916261,0.397647059,0.593665158,44.56807098,0.226003943,43302,18.4,0.67894
37105,Lee ,NorthCarolina,4.1,21,21.4,23.8,20.2,19.8,20.9,20.3,21.6,20.7,0.417357678,0.546643279,0.418608659,0.567739934,39.45803229,0.164648832,48984,16.6,0.63221997
37107,Lenoir ,NorthCarolina,7.1,15,11.1,13.9,15.2,17.4,14.5,19.5,14.4,14.2,0.471294811,0.507815123,0.478897533,0.513569643,41.67687938,0.198084894,40433,19.6,0.51138997
37109,Lincoln ,NorthCarolina,7.9,26.1,27.9,29.5,27.2,20.9,21.4,26,22.2,16,0.247282812,0.719736152,0.264332796,0.723679233,41.73558553,0.176698102,62963,14.4,0.73951
37111,McDowell ,NorthCarolina,7.9,18,14.1,23.9,16.1,19.3,16.9,17.4,15.7,18.9,0.23481761,0.732981132,0.253532148,0.733947746,42.72293274,0.204737733,43972,16.2,0.50920999
37113,Macon ,NorthCarolina,9.5,24.5,18.7,21,23.7,28.3,24.2,25.4,23.6,24.6,0.274952069,0.683827676,0.300342284,0.685098587,46.23742383,0.284993623,46426,11.4,0.61914998
37115,Madison ,NorthCarolina,10.2,32.2,26.6,48.1,27.6,32.7,27.6,25.9,24.8,26.3,0.348389387,0.601916763,0.374808811,0.610201897,43.45345311,0.2233148,44693,14.6,0.62162
37117,Martin ,NorthCarolina,4.1,15.5,18.7,13.3,16.2,14.2,16.8,28.1,16.3,13.6,0.488632564,0.492895353,0.471371612,0.520893143,43.93840148,0.231396939,43569,16.7,0.53527999
37119,Mecklenburg ,NorthCarolina,18,47.8,53.5,52,46,37.7,44.8,50.2,42.7,34.2,0.622940974,0.32889013,0.666793051,0.316039242,36.63917713,0.112029334,64509,9.9,0.69432002
37121,Mitchell ,NorthCarolina,3.2,22,24.5,24.4,26.3,15.3,18.8,20.4,21.6,13.1,0.197134387,0.775938735,0.206503706,0.784205287,45.26233333,0.2494,43967,15.5,0.57977003
37123,Montgomery ,NorthCarolina,9.6,19.7,19.6,14.2,20.6,21.5,14.7,14.1,16.3,16.9,0.359618718,0.617850953,0.336757724,0.654603472,42.0084522,0.205236332,47757,20.7,0.49377999
37125,Moore ,NorthCarolina,11.2,39.9,40.8,42.5,39.1,38.9,36.9,37.2,35.9,38.6,0.33535283,0.626180892,0.356176828,0.630178782,43.47505117,0.239435763,59471,9.6,0.78341001
37127,Nash ,NorthCarolina,11,21.9,18.3,26.7,22.3,20.8,20.9,28.9,21,16.5,0.487464597,0.489226896,0.496393794,0.494098065,41.0325902,0.18535143,50122,14.6,0.53665
37129,New Hanover ,NorthCarolina,15.2,43.4,43.3,46.9,44.6,39.4,39.3,43.8,38.7,35.6,0.455556052,0.494562352,0.501691573,0.480398999,40.4856764,0.177424077,53419,7.1,0.84261
37131,Northampton ,NorthCarolina,1.9,17.8,7.8,36.7,18.3,14.6,12.8,18.9,11.6,12.6,0.623883022,0.363728676,0.600296737,0.394559843,46.10337467,0.258690791,37233,20.5,0.49340001
37133,Onslow ,NorthCarolina,3.1,25.7,26.5,30.1,25.7,19.1,21.4,26,19,16.6,0.306537149,0.649724337,0.335931334,0.637890219,31.85788611,0.092400459,50531,8.8,0.87911999
37135,Orange ,NorthCarolina,18,61.7,66.2,66.5,61,55.7,57.6,58.6,58,51.5,0.727750789,0.225370415,0.748191114,0.237373084,37.90917091,0.139967266,71920,7.3,1.00869
37137,Pamlico ,NorthCarolina,6.1,24.5,18,12,23.5,31.6,19.4,8.4,16.9,26.8,0.356331878,0.619796215,0.355523522,0.635434412,48.40805051,0.298263615,46447,12,0.65873998
37139,Pasquotank ,NorthCarolina,6.9,26.1,31.9,23.6,25.1,24.5,20.5,20.1,21.6,19,0.495371169,0.470358231,0.494144846,0.491028798,39.8073236,0.168773178,46355,13.5,0.66816998
37141,Pender ,NorthCarolina,7.2,28.6,31.2,35,26.3,26,26.4,31.6,26.4,21.7,0.335449166,0.632562309,0.343088765,0.642570751,41.37149706,0.180013513,54900,12.5,0.73663998
37143,Perquimans ,NorthCarolina,6.9,19.6,12.8,24,16.7,22.7,20.4,27.8,13.1,24.1,0.345706619,0.622689326,0.332977018,0.655130946,46.19617047,0.268439875,48337,13.5,0.67325002
37145,Person ,NorthCarolina,5,17.5,15.3,23.2,17,16.4,15.3,20.2,14.5,13.8,0.399337242,0.570226867,0.386635608,0.602174112,42.37976814,0.195534968,50149,13.7,0.62191999
37147,Pitt ,NorthCarolina,14.7,33.1,35.5,40.3,32.3,26.2,31.8,37.4,31.4,25.2,0.519378594,0.443217803,0.539572699,0.445137199,36.59067666,0.132224285,43303,10.6,0.63674998
37149,Polk ,NorthCarolina,7.1,33.3,29,31.2,30.5,37.7,31.7,28.8,30.2,37.2,0.341595025,0.618986647,0.365593138,0.622188057,48.87669206,0.310901946,50467,9.1,0.74510998
37151,Randolph ,NorthCarolina,4.6,16.8,16.7,18.1,16.2,16.8,15.8,17.3,15.7,13.9,0.204320557,0.765466512,0.213023078,0.776010693,40.83189165,0.177466498,48372,18.6,0.59280002
37153,Richmond ,NorthCarolina,5.3,17.2,13.9,16.9,18.1,18.6,13.9,13.2,15.4,12.4,0.439828228,0.537199917,0.421615374,0.569763521,40.24155101,0.179472899,38514,19.7,0.43776
37155,Robeson ,NorthCarolina,2.7,14.6,14.1,13.5,15,15.3,13.2,14,13.2,12.6,0.465416809,0.508150179,0.403068577,0.589259981,38.13790004,0.152202441,35407,22.9,0.36258
37157,Rockingham ,NorthCarolina,4.1,15.4,17.1,19,14.1,14.6,15,17,14.8,12.7,0.336534368,0.634609017,0.334497688,0.654709363,42.98285368,0.204565002,41869,17.4,0.5424
37159,Rowan ,NorthCarolina,7.7,20.6,19.3,25.1,21.1,17.6,18.7,19.1,19.6,17,0.301387314,0.665071696,0.314870313,0.671548061,40.5771899,0.175772678,46864,14.7,0.65586001
37161,Rutherford ,NorthCarolina,7.8,19.8,16.3,18.8,19.8,22,17.3,20.1,17,16,0.24786353,0.721648464,0.265328648,0.722966104,43.15266513,0.21579924,42831,17.4,0.56173003
37163,Sampson ,NorthCarolina,6.2,14.9,13,18.9,15.2,13.1,12.8,15.3,12.3,11.9,0.406780315,0.572277075,0.383185407,0.608393318,39.92707384,0.178166158,42807,22.3,0.45984
37165,Scotland ,NorthCarolina,8.1,14.5,10.7,13.7,16.2,15.3,15.5,14.4,18.7,14.6,0.525488225,0.449167145,0.486362098,0.505786801,40.09365125,0.182964665,36730,20.2,0.39579999
37167,Stanly ,NorthCarolina,9.6,18.7,17.2,21,19.8,16.9,15.8,16.6,16.5,13.4,0.237122706,0.734164522,0.239517959,0.750110493,41.21212243,0.18901329,51491,14.9,0.71094
37169,Stokes ,NorthCarolina,6.8,16.1,17.9,22.5,15.7,12.9,13.3,16.4,13.8,8.5,0.206873614,0.75902439,0.205672931,0.783704914,44.10061143,0.212637737,50826,16.5,0.64993
37171,Surry ,NorthCarolina,6.9,18.2,21,21,18.9,14.3,16.8,20.4,16.5,14.4,0.232575475,0.735215555,0.238031552,0.751623997,42.42730861,0.20492578,46342,21.7,0.56948
37173,Swain ,NorthCarolina,2.4,21.1,19.8,19.3,20,24.5,16,16.3,18.1,14.5,0.358589157,0.582135859,0.393322015,0.588709677,40.91312741,0.191575992,43121,21.7,0.52556998
37175,Transylvania ,NorthCarolina,5.1,37.1,30.3,28.2,33.9,44.7,31.5,21.6,27.5,38.1,0.367004309,0.588729084,0.413840423,0.570280338,47.95535584,0.305275464,51398,11.4,0.71653003
37177,Tyrrell ,NorthCarolina,28,12.2,9.5,13.3,14.3,10.4,9.7,4.6,11.9,9.4,0.414031052,0.56066705,0.417171162,0.574573472,42.24340353,0.193415638,36765,24.5,NA
37179,Union ,NorthCarolina,9.8,38.4,34.4,46.2,41.5,26.9,34.8,44.7,37.2,22.7,0.324822628,0.631037745,0.371915335,0.613551534,37.57165929,0.126863014,80428,10.2,0.76831001
37181,Vance ,NorthCarolina,7,17.8,17.3,24,16.1,17.2,12.9,13.9,11.4,13.6,0.612153977,0.367022075,0.591980571,0.399590457,40.35036562,0.18491768,40263,20,0.44448
37183,Wake ,NorthCarolina,22.8,55.7,60.2,60.7,55.2,45.1,51.8,58.1,51.8,39.1,0.573772232,0.371632071,0.622534543,0.358002944,37.09549759,0.116163526,80169,7.3,0.87829
37185,Warren ,NorthCarolina,6.2,17.3,16.1,12.2,15.4,22,15.5,13.1,15.3,17.5,0.651595204,0.326559642,0.621781794,0.364519577,45.3820619,0.254051598,38430,19.5,0.49867001
37187,Washington ,NorthCarolina,8.3,14.1,9.6,13.9,15.6,14.1,11.3,12.6,9.4,13.7,0.569343066,0.415896188,0.547300564,0.448186946,44.38127161,0.243612446,36042,20.1,0.47264999
37189,Watauga ,NorthCarolina,9.6,44.5,50.4,48.8,41.1,42.8,41.6,47,40,39.7,0.471502418,0.456795064,0.531409063,0.448510243,38.37005094,0.158244705,48489,10.5,0.93870002
37191,Wayne ,NorthCarolina,4.7,20,19,23.2,19.6,19.1,19.5,22.7,19,15.6,0.429481742,0.543313145,0.436015628,0.552946684,39.00655589,0.164432689,41572,15.9,0.56178999
37193,Wilkes ,NorthCarolina,3.2,16.4,15.4,20.1,15.9,15.7,15.5,17.2,15.4,14.6,0.212103783,0.75894683,0.211780296,0.777984548,43.16732792,0.215543271,44080,21.4,0.56142002
37195,Wilson ,NorthCarolina,12.9,20.5,18.5,23.5,22.9,16.5,19.6,22.7,19.6,18.4,0.515615576,0.459708929,0.509488155,0.48069228,40.56838131,0.182689829,44015,19.7,0.55903
37197,Yadkin ,NorthCarolina,10.7,14.1,16.9,15.5,14.2,11.7,11.3,13.4,11,8.1,0.179300953,0.787562415,0.188877178,0.799728957,42.56845484,0.201528914,49070,19,0.60162002
37199,Yancey ,NorthCarolina,2.7,22.4,24.5,20.8,21.5,23.1,20,21.1,22.3,19,0.320883534,0.641064257,0.324876674,0.662085976,45.40761325,0.257331174,44756,15.8,0.57858002
38001,Adams ,NorthDakota,3.1,20.4,22.1,23.9,26.4,13.2,28.6,41.4,32.2,18.9,0.177339901,0.746305419,0.203309693,0.773049645,46.59982563,0.278552746,53162,4.5,1.1501499
38003,Barnes ,NorthDakota,7,28.7,32.6,30.4,30.9,23.6,27.2,25.7,29.3,22.8,0.29883982,0.591317365,0.327044025,0.641150045,43.22329729,0.227755644,54984,8.6,1.13077
38005,Benson ,NorthDakota,2.4,20.6,15.5,16,21.1,27.4,15.6,11.7,16.4,16.7,0.418697166,0.461959224,0.419173891,0.557878633,34.38595231,0.139040506,42407,15.5,0.52886999
38009,Bottineau ,NorthDakota,4,26.3,24.4,27.9,26.9,25.9,23.7,39.7,18,19.4,0.210646823,0.713795077,0.236531259,0.741861135,43.46474809,0.238496334,59161,8.8,1.09551
38011,Bowman ,NorthDakota,2.5,21.8,23.4,31.8,17.5,20.6,24.3,34,21.6,19.2,0.127028539,0.809177392,0.137598069,0.841882921,42.04161248,0.214239272,62270,9.8,1.12242
38013,Burke ,NorthDakota,14.1,24.7,30.5,30.4,20.7,24.4,22.3,27.1,20.4,17.1,0.113117871,0.850760456,0.118614719,0.860606061,41.15,0.207619048,63261,6.9,1.20022
38015,Burleigh ,NorthDakota,13.8,37.3,39.6,43.7,37.6,29.9,35.1,42.4,32.8,25.9,0.226786719,0.678046645,0.2827025,0.68457037,38.96951392,0.160748586,72277,6,1.02599
38017,Cass ,NorthDakota,20.5,42.6,48.1,49.5,39.1,33.3,39.4,47.6,36.7,26.4,0.388030339,0.492644239,0.468443866,0.495264546,35.76519425,0.120066551,63885,5.5,1.0505199
38019,Cavalier ,NorthDakota,19.8,23.6,22.5,33.5,27.4,17.4,21.2,40.9,17.5,13.6,0.237288136,0.676470588,0.234653465,0.742079208,44.71467746,0.269522068,60314,8.5,1.18753
38021,Dickey ,NorthDakota,2.7,26.7,34,39.4,23.9,19.2,26.7,33.5,29.9,20.1,0.230162027,0.692563357,0.250825083,0.718646865,41.08657965,0.204364675,53286,9.9,1.18812
38023,Divide ,NorthDakota,0,21.3,13.6,32.7,16.9,22.5,18.4,14.5,18.5,20.3,0.200984413,0.71123872,0.22046589,0.752079867,44.74923346,0.252737626,58715,5.8,1.1331199
38025,Dunn ,NorthDakota,1.2,19,24.1,16.5,17.4,19.1,21,27.4,19.3,17.9,0.159607668,0.789567543,0.146278871,0.834473909,39.76223453,0.159279778,66383,9.9,0.96776998
38027,Eddy ,NorthDakota,21.1,26.9,26.5,30.9,27.8,24.8,24.3,34.9,23.3,18,0.288383428,0.642567019,0.303727201,0.677240285,43.21119758,0.230004323,51327,10,0.90284997
38029,Emmons ,NorthDakota,35.5,18.1,34.4,30.7,14.2,12.6,16.5,34.8,12.4,10.5,0.108531045,0.84654215,0.117969139,0.865107018,46.43474962,0.278907436,47976,12.9,1.10806
38031,Foster ,NorthDakota,24.4,22.4,34.6,51.8,12,14.7,24.1,41,23.5,11.6,0.201861547,0.721931355,0.209786277,0.766029246,43.69402985,0.225124378,58096,7.8,1.18168
38033,Golden Valley ,NorthDakota,1.1,23.6,47.2,34.6,12.9,22.6,28.1,32.9,21.7,23.2,0.103448276,0.831765935,0.133528265,0.848927875,44.25240249,0.244205766,58075,7.7,1.19318
38035,Grand Forks ,NorthDakota,16.2,36.7,42.8,42.5,34.8,27.7,34.5,37.3,33,28,0.357352215,0.538119546,0.415886342,0.548498547,35.34852339,0.126847534,54311,5.1,1.07225
38037,Grant ,NorthDakota,27.5,21.1,20.1,49.4,16.6,15.3,17.4,22.2,15.1,13.9,0.133960898,0.802317161,0.149891383,0.829109341,46.38584667,0.299073294,41295,8.8,1.10545
38039,Griggs ,NorthDakota,37.4,26.7,38.4,36.5,17.3,29.6,25.9,16.7,22.5,28.7,0.235573123,0.669565217,0.2464,0.7256,46.75179211,0.301971326,54250,9.6,1.17641
38041,Hettinger ,NorthDakota,9.6,17.7,16.5,21.1,18,16.7,14.4,6.9,18.7,12.4,0.12962963,0.810185185,0.149390244,0.831554878,42.17382657,0.224343675,51455,13.4,1.16316
38043,Kidder ,NorthDakota,1.2,18.7,13.6,25.2,21.6,14.6,17.9,29.7,17.2,14.3,0.130087209,0.807412791,0.151369863,0.832191781,44.70612245,0.244897959,45401,10,1.17696
38045,LaMoure ,NorthDakota,15.7,25.3,39.7,27,24.6,20.1,24,29.5,21.4,20.2,0.233379823,0.688516969,0.237494367,0.741324921,45.73978336,0.270310192,54514,15.9,1.2376699
38047,Logan ,NorthDakota,8.8,24.3,30.1,36.2,27.3,15,16.4,41.1,13.2,12.3,0.106841612,0.832239925,0.118959108,0.864312268,44.38912244,0.259590121,50141,13.4,NA
38049,McHenry ,NorthDakota,6.3,19.4,27,29.6,17.5,12.2,19.8,28.7,18,10.9,0.173758865,0.726950355,0.187812188,0.787212787,42.04693948,0.20409216,54795,10.1,1.17722
38051,McIntosh ,NorthDakota,3,16.7,28.4,30.3,12.8,11.3,16.8,15.9,17.4,13.1,0.162517289,0.760719225,0.179381443,0.792439863,48.40522244,0.306769826,47288,19.9,1.17327
38053,McKenzie ,NorthDakota,10.1,24.6,34.5,21.2,18.1,23.7,26.1,27.4,17.7,24.1,0.149400685,0.785530822,0.150212216,0.827089869,33.10482688,0.091549296,76224,8.2,0.84794998
38055,McLean ,NorthDakota,9.8,22.2,35.2,31.7,18.9,16.6,20.5,31,18.5,15.9,0.203386642,0.726246472,0.222182081,0.758309249,43.62828844,0.235614715,64524,8.2,1.13799
38057,Mercer ,NorthDakota,12.7,19.9,24.8,27.6,15.8,18.7,21.6,34.1,18.4,17.1,0.132635626,0.802862025,0.150588235,0.824812834,42.14920769,0.19257288,82303,7.3,1.15844
38059,Morton ,NorthDakota,20.7,26.7,30.1,33.4,24.7,21.1,26.3,36.3,23.2,17.1,0.194542698,0.716018191,0.232986341,0.736686925,39.59921209,0.167325937,68043,8.4,0.96066999
38061,Mountrail ,NorthDakota,3.4,22.7,25.4,17.7,26.3,17.8,20.6,27.1,17.2,20.9,0.297126157,0.62883585,0.301560624,0.678031212,35.77216676,0.116754747,67162,9,0.79137999
38063,Nelson ,NorthDakota,10.2,28.6,35.1,25.7,34.2,22,22.7,27,22,18,0.312172394,0.596971462,0.329769274,0.642093416,46.58678982,0.269083304,50093,8.3,1.12535
38065,Oliver ,NorthDakota,0,21.6,38.8,35.5,18.2,14.6,18.7,31.6,17.1,13.6,0.117010816,0.81612586,0.121013133,0.861163227,42.22848361,0.22182377,68243,10.3,1.05109
38067,Pembina ,NorthDakota,20.7,21.9,23.8,22.6,21.2,21.5,20.4,21.9,18.7,17.5,0.215984776,0.700285442,0.235965176,0.738516962,44.03591478,0.231322873,58766,11.4,1.1064
38069,Pierce ,NorthDakota,12.9,29.4,14.9,49.1,35.4,18.2,19.2,26.1,15.9,15.5,0.208112023,0.693867697,0.233552632,0.744830827,43.58306788,0.235726538,47360,8.1,1.17816
38071,Ramsey ,NorthDakota,7.1,25.5,20.3,35.4,26.9,21.9,26.1,31.6,24.8,20.8,0.283694628,0.606409048,0.305100521,0.665860015,41.03845484,0.198763174,54814,8.2,0.89409
38073,Ransom ,NorthDakota,5.9,21.2,20.3,24.7,22.4,18,19.7,22.4,19.6,13.9,0.355235269,0.512929207,0.385085575,0.577832111,42.54009929,0.206415887,61634,7.3,1.19326
38075,Renville ,NorthDakota,16.9,22.8,19.4,24.9,23.6,22.8,17.8,25.9,16.5,16.1,0.155452436,0.767981439,0.166793025,0.807429871,42.60741365,0.203032856,60205,6,1.1142499
38077,Richland ,NorthDakota,4,24,27.7,26.5,22.2,22.6,21.6,22.3,21.1,20.7,0.271865121,0.627897787,0.321300563,0.649257552,39.79416836,0.178828746,61174,9.4,1.06183
38079,Rolette ,NorthDakota,11.5,16.2,9.9,16.3,18.9,17.6,20,26.9,21.8,20.4,0.558988016,0.324101198,0.652471083,0.33044164,34.08730159,0.116844976,42021,13.7,0.54341
38081,Sargent ,NorthDakota,3.9,18.4,30.9,14.1,16,16.5,17.5,21.8,14.8,11.6,0.347521282,0.544817226,0.356521739,0.611594203,43.1873385,0.225322997,64756,8.3,1.12652
38083,Sheridan ,NorthDakota,10,14.3,29.8,20.3,11.9,10,10.9,6.7,11.7,7.9,0.120711563,0.82592122,0.128078818,0.84729064,48.87509266,0.323943662,39439,14.4,NA
38085,Sioux ,NorthDakota,1.8,11.5,5.8,5.7,14.4,18.7,16.2,14.2,16,17.5,0.61525974,0.211038961,0.677908938,0.217537943,31.52478201,0.081000459,37002,16,0.44782999
38089,Stark ,NorthDakota,6.6,25.2,27.9,31.4,25.1,16.1,22.9,27.3,22.1,15.6,0.142265866,0.79167343,0.166046512,0.804651163,36.61281737,0.135626028,71888,8.2,1.04264
38091,Steele ,NorthDakota,28.6,30,49.2,28.6,23.3,29.2,27.5,48.6,28.4,19.2,0.361361361,0.538538539,0.360294118,0.599264706,43.65869679,0.241198108,66929,3.7,NA
38093,Stutsman ,NorthDakota,10.5,24.5,24.7,32.9,26,17.6,23.5,31.5,25.3,13.6,0.245987198,0.661546036,0.268701677,0.702279345,41.49603194,0.190897356,57002,8.9,1.04766
38095,Towner ,NorthDakota,4.4,17.1,13.6,36.6,16.6,11.5,18.2,23.8,21.1,12.4,0.263612792,0.633535004,0.270017036,0.706984668,45.62956204,0.250912409,51848,8,1.0874799
38097,Traill ,NorthDakota,12.8,30.6,31.6,39.2,30.4,25.4,26.8,30.8,27.6,19.3,0.315535215,0.575896262,0.360976789,0.609767892,41.35591639,0.195968645,59931,7.3,1.15844
38099,Walsh ,NorthDakota,10.1,17.9,17.4,23.4,16.8,17,16.8,20.3,16.5,14.7,0.251725626,0.646031061,0.278695379,0.694961321,42.47468829,0.212055873,59705,14.1,0.98212999
38101,Ward ,NorthDakota,10.9,29.4,27.7,37.2,30.4,22.3,28.3,34.1,24.9,20.9,0.211805049,0.679848242,0.258195851,0.707144374,35.95425425,0.12753897,63938,6.6,1.03633
38103,Wells ,NorthDakota,12.4,21.6,29.9,22.9,22.3,17.1,22.1,35.6,19,15,0.175828787,0.753671842,0.186183656,0.797388374,46.13153904,0.277735658,58261,15,1.16505
38105,Williams ,NorthDakota,6.1,24.5,22.2,32.6,20.6,23.8,24.8,30,24.4,19.6,0.135472788,0.786210666,0.151318543,0.818961909,33.9145686,0.095841584,79354,7.9,0.93216997
39001,Adams ,Ohio,11.2,15.2,20,17.7,14.3,12.2,12.9,16,12.6,11.9,0.204771547,0.76230302,0.177521614,0.812680115,40.70606695,0.179303131,42154,20.8,0.70907998
39003,Allen ,Ohio,4.9,19.1,20.5,24.3,17,17.8,17.8,20.2,17.4,15.1,0.289667495,0.664291629,0.294733992,0.689830438,39.92628795,0.176470588,50301,10.4,0.74994999
39005,Ashland ,Ohio,4,21.9,23.9,25.5,21,20,21.1,22.6,19.7,19.2,0.233428223,0.711386743,0.247718235,0.734974437,40.47432319,0.187105777,54362,11.4,0.84399998
39007,Ashtabula ,Ohio,3.2,15.7,15.8,15.6,15.7,15.6,14.1,17.4,13.5,13.1,0.381163286,0.570582622,0.373683376,0.609101411,41.63968182,0.190670099,46950,14,0.66042
39009,Athens ,Ohio,8.4,34.3,45.7,35.6,26.9,34.8,29.7,32.7,25.9,24.9,0.555989539,0.385626465,0.566867493,0.416823362,36.55132335,0.131742077,40416,10.4,0.82167
39011,Auglaize ,Ohio,10.2,20.7,25.8,28.6,21.5,11.7,18.9,26.9,17.5,12.8,0.168451348,0.789689762,0.180432168,0.80684331,40.54744127,0.183957733,63754,6.8,0.99730998
39013,Belmont ,Ohio,4.1,17.4,19.2,25.3,14.3,15.9,16.2,19.4,16,12.5,0.282276203,0.678234047,0.276172631,0.712040619,43.26186949,0.208458633,48989,9.6,0.81888002
39015,Brown ,Ohio,2.3,14.5,12.4,23,12.4,13.5,14.2,18.2,14.6,10.7,0.222012547,0.74325496,0.207622298,0.781190747,41.12093482,0.18031283,55334,12.6,0.81642002
39017,Butler ,Ohio,9.2,31.9,34.7,38,31.9,25,29.8,34.6,30.3,23.2,0.33733512,0.615373995,0.372786325,0.612583473,38.2463034,0.146912218,61053,9.7,0.74945003
39019,Carroll ,Ohio,7.8,13.5,10.6,16.1,13.7,13.2,13.6,19.6,12.5,11.4,0.24124216,0.707817041,0.228750352,0.756051224,43.23427865,0.211218197,50002,11.3,0.81195003
39021,Champaign ,Ohio,3.4,18.1,22.8,21.2,16.4,16,14.9,16.1,16.9,12.3,0.253756076,0.697691118,0.253454837,0.730472662,41.15523559,0.181478041,57701,9.3,0.83530998
39023,Clark ,Ohio,6.3,18.6,16.1,23.4,18.6,17.5,18.6,22.1,18,18,0.37975549,0.573100653,0.374945493,0.607861459,41.05199316,0.194092952,50089,12.5,0.65981001
39025,Clermont ,Ohio,10.2,30.2,33.5,38.1,30,22.3,28,32.6,28,22.3,0.269519073,0.681167462,0.308580739,0.674963794,40.13712731,0.163204618,65280,9.8,0.92811
39027,Clinton ,Ohio,6.8,20.6,23.1,25.7,18.8,18.4,18.7,25.9,17.4,14.5,0.21772423,0.740990629,0.228820578,0.754518439,40.05890815,0.17062558,53947,11.5,0.80985999
39029,Columbiana ,Ohio,7.7,16.5,17.7,20.8,14.9,15.6,14.8,18.3,14.3,12.2,0.269085085,0.685612866,0.267930205,0.716526274,42.8683826,0.205035796,44938,12.2,0.72987998
39031,Coshocton ,Ohio,3.8,16.5,15.3,21.1,16.5,14.5,12.5,15.4,11.5,10.5,0.258037551,0.693479938,0.246430492,0.736304439,41.12240301,0.194681809,46420,15.8,0.67357999
39033,Crawford ,Ohio,4.9,14.8,19,16.5,13,13.8,14.8,18.4,15.9,10.8,0.240422103,0.707542756,0.237648651,0.746205163,42.38495788,0.209915764,44715,9.7,0.72738999
39035,Cuyahoga ,Ohio,16,35.2,42.3,41.4,32.7,29.3,31.9,37.2,31.1,25.1,0.659583453,0.305075006,0.665168539,0.323971103,41.03118566,0.181679244,50006,10.7,0.70183003
39037,Darke ,Ohio,8.9,16.3,19.5,21.7,14.9,13.3,14.7,15.8,13.8,12.2,0.175404175,0.785277037,0.174356895,0.810938306,41.29839448,0.196364203,53853,9.3,0.86445999
39039,Defiance ,Ohio,8.6,18.9,22.9,21,19.8,13.9,16.7,19.8,16.2,12,0.295074758,0.642480211,0.308601207,0.672720706,40.65354382,0.186034325,56740,8,0.85663998
39041,Delaware ,Ohio,16,57.4,54.7,71.2,57.5,44.6,54.4,65.9,54.5,37.8,0.393529752,0.554284614,0.457959864,0.526342508,38.17916183,0.137004091,103536,3.3,1.0463099
39043,Erie ,Ohio,12.2,26.5,26.6,30.4,26.5,24.4,22.7,26.9,23.9,18.3,0.427297887,0.52285912,0.433692823,0.549398785,43.23678215,0.21899082,53135,8.1,0.75787002
39045,Fairfield ,Ohio,6.8,31.1,31.1,41,32.1,21.4,27.2,32.2,28.9,19.2,0.341242302,0.607765419,0.374788443,0.609727407,39.41841805,0.158137654,67654,7.6,0.86900002
39047,Fayette ,Ohio,4.2,13.7,14.7,18,11.8,13.3,16.1,19.4,13.9,13.8,0.245386132,0.716269486,0.235886457,0.751110054,40.39611386,0.177597153,47733,13.9,0.71192998
39049,Franklin ,Ohio,17,41.7,48.2,45.5,38.5,34,39.3,43.7,35.9,30.5,0.60432598,0.342999966,0.648840665,0.334990017,36.56652675,0.120118294,60383,9,0.79273999
39051,Fulton ,Ohio,11.8,18.3,21,20.1,19.5,13.7,17.2,21.9,15.5,11.9,0.285936396,0.645889282,0.292665788,0.690865173,40.53801211,0.177665815,62800,8.8,0.92549998
39053,Gallia ,Ohio,11.3,18.2,27.7,17.9,16.2,15.1,15.3,19.9,14.6,12.1,0.203232542,0.759570026,0.216682368,0.771432713,41.05081891,0.190833584,43785,18.2,0.70699
39055,Geauga ,Ohio,12.3,39.4,35.5,48.9,43,31.4,38.1,43.5,40.2,31.4,0.351795118,0.6052542,0.378447368,0.609467878,42.28453914,0.203751954,84093,9.5,1.07594
39057,Greene ,Ohio,13.8,41.2,45.6,43.3,42.5,34.7,39,44.6,38.2,31.7,0.353575704,0.592978084,0.392563429,0.587434992,39.91170868,0.171606298,68380,6.6,0.86914998
39059,Guernsey ,Ohio,3.8,14.9,16.2,19.1,15.3,11.3,14.2,17.8,13.5,12,0.263272332,0.691248415,0.251069665,0.735436094,41.59217877,0.195402593,44623,14.1,0.75321001
39061,Hamilton ,Ohio,15.4,40.3,46.8,47,37.2,33.8,37.1,41.9,34.7,30.7,0.527289793,0.424495672,0.571476972,0.41279654,38.76678128,0.153365316,57300,9,0.70008999
39063,Hancock ,Ohio,11.9,28.5,37.1,35.5,27.5,19,26.7,31.4,24.4,20.9,0.266746245,0.6713211,0.303242114,0.678599985,40.10674305,0.172685368,61579,7.7,0.89083999
39065,Hardin ,Ohio,5.9,18.5,21.9,20.9,18.8,14.2,16.6,21.7,12.7,16,0.237514235,0.709045063,0.231146675,0.751037971,38.24158196,0.160514612,49580,10.5,0.81193
39067,Harrison ,Ohio,3.5,11.7,9.8,18.7,9.4,12.2,10.1,14.5,9.1,8.1,0.238451759,0.720158214,0.230960157,0.756629654,43.35145644,0.212666403,50301,14.2,0.73277003
39069,Henry ,Ohio,4.6,18.1,25.3,19.8,17.4,13.9,18,20.2,18.1,10.8,0.269595177,0.66759977,0.275128691,0.709767001,41.09743041,0.186627778,57705,6.9,0.92720002
39071,Highland ,Ohio,4.7,15.2,17.6,17.7,15,12.4,12.6,14.5,12.3,12,0.203934922,0.757796876,0.193077861,0.796808294,40.65794974,0.184750801,49161,15.8,0.73097003
39073,Hocking ,Ohio,3.9,14.7,8.4,21.1,14.9,14.6,14.8,14.3,14.5,13.6,0.294048917,0.661863219,0.280671296,0.704354745,41.71226,0.190805003,50568,10.3,0.74777001
39075,Holmes ,Ohio,1.2,11.1,8.7,12.1,10.3,13.6,8.9,7.8,10.8,10.6,0.161751402,0.788854713,0.154012513,0.833861126,35.357924,0.137132051,60828,42.4,0.84948999
39077,Huron ,Ohio,5.5,15.5,20.2,19.3,13.3,13.1,13.6,15.6,13.2,10.4,0.289602964,0.653378433,0.285362266,0.697168076,39.91966361,0.171441269,55202,11.8,0.75757003
39079,Jackson ,Ohio,0.9,15.9,13.8,23.8,14.3,14.3,15.3,23.9,13.4,12,0.235594829,0.726575623,0.223806949,0.764431526,40.00463192,0.17298666,44726,15.5,0.65818
39081,Jefferson ,Ohio,6.9,19.5,27.3,25.7,18.2,14.3,15.3,20.1,13.5,12.8,0.300456508,0.655787087,0.300281758,0.684251544,43.17541472,0.215503216,42821,9.7,0.73128003
39083,Knox ,Ohio,7.5,23.7,22,29.3,23.3,21.9,22.8,25.2,22.1,20.2,0.284832851,0.66688744,0.273552456,0.711510287,40.05384292,0.181458323,56885,9.3,0.86973
39085,Lake ,Ohio,11.7,29.9,38.9,35.9,28.7,22.9,27.9,33.6,27.8,19.5,0.399127712,0.552750202,0.4253653,0.561478519,42.66988122,0.199840357,65883,8,0.90890998
39087,Lawrence ,Ohio,6.6,18.2,18.4,22.4,17.4,16.4,14.3,15,15,11.2,0.262111474,0.70240914,0.266256622,0.721939773,41.49659239,0.188972038,43031,13.5,0.72838998
39089,Licking ,Ohio,7.5,29.5,29.1,38.6,30.4,21.8,26.2,33.5,25.6,20.6,0.330783823,0.619144283,0.350865089,0.631716378,39.83155448,0.164454483,66145,8.8,0.83693999
39091,Logan ,Ohio,8.2,18.9,17.8,20.3,17.9,20,16,18.4,14.8,14.8,0.215428121,0.739743174,0.216321465,0.768743581,40.91670709,0.181335156,61699,8.7,0.8348
39093,Lorain ,Ohio,10.3,27.2,28.4,31.3,26.8,24.6,24,29.5,23.9,20.1,0.476295158,0.475363185,0.480617644,0.505090925,41.07839922,0.182992364,59265,10.3,0.73821998
39095,Lucas ,Ohio,10.6,28,30.4,31.3,26.7,25.5,26.3,29.8,25.6,22.7,0.561020673,0.383172366,0.575263056,0.407545496,39.43411708,0.162938272,47865,10.8,0.62805003
39097,Madison ,Ohio,5.5,20.4,17.3,20.5,23.1,17.9,16.9,20.9,16.6,14,0.276402545,0.672700983,0.286980609,0.696801813,40.39329701,0.154526828,61645,13,0.81291997
39099,Mahoning ,Ohio,9.4,26.2,30.4,30.4,26,21.8,24.1,28.5,23.8,19.7,0.498653017,0.465934372,0.484516585,0.50353042,42.73763075,0.209652415,48010,9.1,0.67082
39101,Marion ,Ohio,4.1,13.5,15.2,16.2,11.7,12.9,13.1,11.4,13.2,13.2,0.301192918,0.64436593,0.297253577,0.683837803,40.9734737,0.177424298,45419,12.4,0.67791998
39103,Medina ,Ohio,13.8,35.9,39.2,46.7,36.2,26.2,33.3,42,31.9,22.7,0.352204699,0.599848971,0.376092606,0.610422868,41.26550411,0.178569435,76475,5.1,1.0374399
39105,Meigs ,Ohio,0.5,11.5,11.3,13.5,11.2,10.7,12.8,11.2,12.8,10.5,0.226339509,0.731997997,0.227559127,0.759382705,42.44049165,0.198649701,44286,17.2,0.72807002
39107,Mercer ,Ohio,8.2,20.4,35,31.6,15.6,11.2,16.7,23,13.6,10.4,0.155758078,0.805762681,0.169605656,0.818652414,39.66850997,0.177860788,62782,8.3,1.00626
39109,Miami ,Ohio,10,24.7,24.1,32.6,24.5,20.1,22.6,28.2,20.2,17.6,0.248795843,0.703132704,0.270182157,0.713637618,40.9806349,0.186147879,59922,9.8,0.84397
39111,Monroe ,Ohio,3.8,10.7,14.2,16.1,9.9,7.5,11.9,14.8,11.3,9.6,0.244591611,0.716409124,0.224538332,0.764269726,44.08919507,0.235170413,46314,11.9,0.85277998
39113,Montgomery ,Ohio,10.5,30,31.2,32.9,29.9,27.2,27.4,30.9,27.3,23.8,0.472379124,0.479707783,0.50302229,0.480564608,40.29359083,0.179555577,51071,9.9,0.69151998
39115,Morgan ,Ohio,3.3,11.2,9.1,10.8,12.8,10.4,11.3,17.1,9.3,10.9,0.269439702,0.68772311,0.251935154,0.736234847,43.06491372,0.213571624,40557,13.5,0.68515003
39117,Morrow ,Ohio,2.4,16.9,19.7,21.5,16,13.7,13.5,16.7,12.5,8.9,0.227278221,0.722020788,0.219320583,0.762691662,41.11172818,0.172448166,60452,13.4,0.86496001
39119,Muskingum ,Ohio,7,19.3,18.8,27.6,18.8,15.1,15.5,18.1,14.6,12.2,0.300694764,0.650320348,0.295835908,0.68866922,40.47436849,0.178469072,49586,12.7,0.7755
39121,Noble ,Ohio,16,13.1,5.5,15.7,10.5,17.7,10.3,10.4,6.9,14.9,0.203060037,0.756527524,0.184455305,0.809553839,47.08130138,0.275254285,48792,14.9,0.81796998
39123,Ottawa ,Ohio,6.3,26.9,36.4,31.1,24.5,24.2,22.4,23.9,20.8,21.5,0.37289585,0.569493204,0.375223893,0.609322281,45.64123476,0.250141039,58345,8,0.90588999
39125,Paulding ,Ohio,4,15.4,26.9,18.9,14.4,7.8,14.1,19,11,11,0.231347408,0.718470211,0.233759375,0.748494771,41.00772921,0.185767591,53876,10.7,0.84733999
39127,Perry ,Ohio,7.4,14.8,11.9,20.1,14.2,14,12.3,17.5,12.1,8.6,0.275958653,0.682094031,0.245757121,0.741049475,40.13119918,0.164904393,51534,14.3,0.80677003
39129,Pickaway ,Ohio,5.5,19.6,21.4,23.3,18.6,16.6,18.6,22.7,19.4,13.1,0.263851283,0.690078804,0.25835662,0.728414276,39.92020452,0.156922494,58742,12.8,0.82278001
39131,Pike ,Ohio,3.1,14,22.1,17.2,11.3,10.3,13.8,17.9,12.6,11.7,0.2979207,0.665207509,0.25056397,0.737753787,40.59313429,0.178465814,45163,19,0.66828001
39133,Portage ,Ohio,10.3,31.7,36,42.1,28.9,26.8,28.7,36.2,26.5,24.3,0.425498102,0.524974061,0.43031422,0.554952215,39.84795338,0.164454019,63689,7.9,0.90020001
39135,Preble ,Ohio,7.4,18.8,21.3,23.2,18.9,14.7,15.8,20.2,14.5,12.7,0.210308777,0.751081935,0.206015865,0.780503462,41.64725468,0.192526282,53904,10.6,0.86185998
39137,Putnam ,Ohio,10.9,25.9,38.8,42.9,21,14.5,20.3,30.3,17.6,11.4,0.155698833,0.797197208,0.160383515,0.823854224,39.892836,0.173889876,64304,6.8,1.0652601
39139,Richland ,Ohio,9.2,17.8,18.8,22.2,16.7,15.7,17.8,21.4,16.7,16.4,0.291321042,0.662694244,0.294122551,0.69148812,41.42249317,0.194592854,49668,13.2,0.70231003
39141,Ross ,Ohio,6.5,16.5,16.3,23.1,14.1,15.6,16.6,21.5,16.4,14.6,0.340882159,0.61395655,0.317036548,0.6690291,40.87503737,0.167058793,49385,13.3,0.70226997
39143,Sandusky ,Ohio,7.5,18.3,19.4,26,17.2,14.6,16,24.1,13.7,11.3,0.354050777,0.581800029,0.352330917,0.628316819,41.46698923,0.187775302,53978,9.8,0.77818
39145,Scioto ,Ohio,7,17.6,19.1,21.8,16.6,15.1,15,17.1,14.8,11.5,0.296647609,0.667554574,0.283333853,0.705495054,40.87851977,0.182670658,41267,15.2,0.67526001
39147,Seneca ,Ohio,8.5,18.9,22.5,22.1,15.5,19.3,15.2,17.9,13.4,12.3,0.308667195,0.618043107,0.320263464,0.661991476,40.55359828,0.181444382,52165,8.8,0.78896999
39149,Shelby ,Ohio,6.8,20.7,27.8,28.1,18.6,14.1,17.4,22.4,15.1,12.3,0.178727885,0.783066554,0.176775675,0.808535909,39.59112222,0.165360808,63398,9.9,0.83661997
39151,Stark ,Ohio,9.8,24.1,25.5,29.1,23.7,20.8,22.8,28.3,22.8,17.6,0.388874623,0.561450362,0.399749314,0.585093665,41.62122484,0.194558823,52310,8.7,0.73763001
39153,Summit ,Ohio,12.9,34.6,37.2,41.7,34.3,28.4,32.1,37.8,31.3,25.8,0.520414452,0.434244648,0.540757934,0.445080275,41.0995944,0.179421979,58890,8.4,0.73465002
39155,Trumbull ,Ohio,7.3,20,21.2,22.6,20.6,17.4,18.5,19.7,19.7,14.4,0.447927189,0.510512449,0.440777814,0.546469837,43.02092616,0.216138793,47424,10.9,0.68054003
39157,Tuscarawas ,Ohio,7.7,19.7,21.6,25.5,20.2,14.3,15.8,21.4,15.2,11.6,0.29518758,0.651941195,0.292831989,0.691991367,41.34698837,0.196092258,51030,14.1,0.79400998
39159,Union ,Ohio,11.9,39.3,41.7,53.7,38.7,21,33,43.2,31.6,20,0.28138102,0.659739692,0.333114068,0.647899537,37.69261693,0.123039682,84861,7.4,1.0073299
39161,Van Wert ,Ohio,5.2,17.2,22.3,25.8,14.6,12.4,16.2,17.7,13.2,13.3,0.195860566,0.760275962,0.204944871,0.778483127,40.98520208,0.189738694,54331,9,0.85885
39163,Vinton ,Ohio,1.4,15.4,18.9,22.2,13.4,12.5,11.5,8.3,11.6,8.2,0.245547074,0.705743366,0.220729685,0.768159204,41.37396301,0.177943527,43457,20.2,0.64091998
39165,Warren ,Ohio,13.3,44.7,45.4,52.6,46.3,33.7,42.3,53,41.8,29.1,0.287634202,0.662104428,0.338493755,0.646495224,39.02390674,0.144917798,87391,6.5,1.00939
39167,Washington ,Ohio,7.7,20.5,22.8,23.7,19.9,18.4,19.2,22.4,20,14.7,0.268967828,0.687466488,0.288564203,0.696419094,42.92357244,0.210506192,50904,9.1,0.82717001
39169,Wayne ,Ohio,6.2,24,27.5,30.6,22.9,19.4,21.9,26,21,18.1,0.301506429,0.647303071,0.306910082,0.677173332,39.68092216,0.178731881,59142,14,0.85602999
39171,Williams ,Ohio,7.3,14.4,16.4,19.3,12.9,12.1,15,17,15.7,12.8,0.251791079,0.689796626,0.259610745,0.72124819,41.24198457,0.188240409,54581,10.5,0.83604002
39173,Wood ,Ohio,13.6,37.5,42.5,47.5,35.2,29.9,33.1,41.1,31.3,23.6,0.424581527,0.505090067,0.452934302,0.528973179,38.14324845,0.153011569,64282,5.9,0.95169997
39175,Wyandot ,Ohio,6.1,21.2,28.7,29,21.3,11.9,15.7,18.1,13.4,12.6,0.237443353,0.705060423,0.239947322,0.742932397,41.6139731,0.194802827,55995,9.1,0.85679001
40001,Adair ,Oklahoma,3.2,10.9,11.5,10.8,8.1,14.9,11.6,14.1,10.7,12.7,0.212191003,0.734991555,0.195132245,0.785734384,38.25129064,0.159043565,35156,19.8,0.56884998
40003,Alfalfa ,Oklahoma,20,20.7,22.1,18.5,19.5,23.9,20.2,13.8,17.2,30.2,0.095659876,0.856067316,0.102564103,0.874447391,42.97445255,0.196211331,52952,13.2,0.97180998
40005,Atoka ,Oklahoma,8.2,14.8,10.1,15.1,12.2,21.3,15,15.1,16.3,14.9,0.158429653,0.813870068,0.141955836,0.845611431,41.0601243,0.198439081,39702,17.3,0.74085999
40007,Beaver ,Oklahoma,1.5,22.7,19.2,24.9,17.7,29.8,19.7,22.8,21,16.9,0.07846634,0.888542131,0.087235997,0.903581267,40.63686783,0.197217522,52550,15.8,0.85790002
40009,Beckham ,Oklahoma,8.1,15.2,13.3,19.8,13.5,15.2,17.3,16.9,13.9,17.6,0.127118644,0.835275424,0.131857071,0.851409159,37.78697775,0.143442812,47825,13,0.79718
40011,Blaine ,Oklahoma,2.8,17.8,14.6,9.9,21.6,19.7,16.6,9.5,20,18.5,0.187450567,0.760348009,0.176365035,0.803896436,40.48998419,0.196309963,49513,17.5,0.78219002
40013,Bryan ,Oklahoma,4.4,23.8,20.1,24.5,25.1,24.5,22.8,25.5,22.6,21.4,0.202923723,0.758286293,0.207999499,0.772658989,39.31693931,0.179627903,43445,14,0.76130998
40015,Caddo ,Oklahoma,2.4,15.1,12.9,15.1,13.3,19.6,16.3,18.4,17.1,16.6,0.258878905,0.693410355,0.270818542,0.711329749,38.94580184,0.168443938,48533,14.5,0.71758002
40017,Canadian ,Oklahoma,7.2,32,34.4,36.8,30.3,27,26.8,32.3,26,22.6,0.211187091,0.723361916,0.270293833,0.703099773,37.04900413,0.129943855,70942,7.7,0.8969
40019,Carter ,Oklahoma,4.5,19.6,15.3,23.4,19.1,20.6,20.6,24.6,19.6,21,0.215927485,0.741987698,0.229477899,0.754607525,39.16396828,0.168192291,48660,12.6,0.73022002
40021,Cherokee ,Oklahoma,5.1,28.6,20.7,35.1,27.2,31.5,25,26.3,24.4,28.6,0.330867192,0.606064281,0.340239359,0.633566671,38.46579353,0.167026194,42913,14.8,0.72100002
40023,Choctaw ,Oklahoma,2.1,14.7,11.5,15.6,15.8,14.6,12.3,12.5,14.7,11.8,0.19664578,0.775156653,0.185528121,0.805555555,41.39487319,0.206981184,35308,18.6,0.65806001
40025,Cimarron ,Oklahoma,21.3,31.7,27,13.7,27.3,44.5,22.6,21.4,21.4,22.1,0.065801668,0.892493049,0.066413663,0.920303606,42.61147236,0.254528565,46777,13.6,0.88417
40027,Cleveland ,Oklahoma,12.4,35.2,37.1,37.4,33.5,34.2,32.5,35.2,30.4,29.1,0.354764733,0.571384194,0.41599459,0.55667151,37.17373051,0.133699484,62343,8,0.87399
40029,Coal ,Oklahoma,8.8,17.2,18,14.5,17.9,17.5,17.6,20,20.9,11.7,0.171321384,0.791162985,0.148177495,0.82844691,41.1884058,0.20307971,39396,16.6,0.78437001
40031,Comanche ,Oklahoma,6.7,23.8,21.1,24.5,25,24.3,22.5,21.3,23.8,21.2,0.352014495,0.589086107,0.385815723,0.586708204,36.3838003,0.12615635,51382,10.4,0.76792997
40033,Cotton ,Oklahoma,17.3,18.2,15.5,17.1,22.2,14,13.2,13.6,16.1,13.3,0.162951576,0.789392775,0.152799377,0.823094868,41.85076177,0.193732687,43386,14.2,0.81432003
40035,Craig ,Oklahoma,6.2,13.4,10.5,14.7,14.7,12.7,14.8,21.6,15.7,12.5,0.21642178,0.740363008,0.201757295,0.776856764,41.50146792,0.195722075,43074,13.4,0.76392001
40037,Creek ,Oklahoma,5,18,16.9,22.5,17.6,16.2,16.3,19.7,16.4,14.2,0.202601457,0.748352411,0.215604,0.763612523,40.12939221,0.17649852,54478,13.2,0.78388
40039,Custer ,Oklahoma,5.6,31.1,29.6,33,25.1,39.2,25.5,30.2,23.6,28.7,0.199601556,0.742434304,0.221588251,0.753905154,35.84429674,0.138379942,49577,14.1,0.81513
40041,Delaware ,Oklahoma,5.6,18.7,11.8,18.3,19.8,20.7,17.6,13.6,16.8,22,0.210677017,0.752481547,0.20133372,0.78614091,44.45563148,0.249947347,40287,16.1,0.69872999
40043,Dewey ,Oklahoma,3.6,19.5,16.4,20.1,22.3,17.5,24.5,16.7,26.9,26.4,0.098754448,0.87411032,0.090716405,0.900381517,39.42889252,0.184307315,50728,7.2,1.0147001
40045,Ellis ,Oklahoma,0,19,23.7,14.3,17.2,21.8,20,35.1,15.2,19,0.084838533,0.881773399,0.086492258,0.901227976,42.58223684,0.224190283,51867,12.7,0.91093999
40047,Garfield ,Oklahoma,11.4,22.7,24.3,21.7,21.1,24.3,22.4,21.7,21.4,25.8,0.202533395,0.737402119,0.219304503,0.756576014,38.26912974,0.163873065,52387,11.8,0.74176002
40049,Garvin ,Oklahoma,0.9,16.4,10.6,17.6,17.5,17.7,14.5,15.7,14.3,15.5,0.175896074,0.782571591,0.170756271,0.812854788,39.74587393,0.179317536,47858,14.3,0.80202001
40051,Grady ,Oklahoma,5.6,22.1,17.2,26.9,22.1,21.7,19.7,22.2,19.3,16.9,0.174190074,0.776990039,0.179386174,0.802476084,39.68798942,0.162265306,56489,10.8,0.84030002
40053,Grant ,Oklahoma,4.1,22.4,10.3,19.9,18.6,33.4,23.1,23.6,22.8,21.9,0.130849614,0.830077238,0.125786164,0.860736748,42.2295423,0.219833564,49073,9.9,1.00205
40055,Greer ,Oklahoma,2.7,9.4,10.1,12.3,8.6,7.5,13.5,8.3,13.3,19.6,0.17035865,0.78164557,0.166244298,0.813482007,40.77005669,0.177976293,37445,15.8,0.78727001
40057,Harmon ,Oklahoma,12.6,14.8,9,12,15.6,18.6,21.3,21.4,20,30.4,0.230296827,0.731832139,0.189710612,0.800643087,40.72822823,0.197072072,38537,23.1,0.70244998
40059,Harper ,Oklahoma,0,23,16.7,22.1,20.2,30.9,22,21.6,19.3,27.6,0.089392929,0.879252835,0.091459314,0.892400807,39.84658941,0.180668949,55112,17.8,0.87738001
40061,Haskell ,Oklahoma,3.5,14.7,9.4,17.2,14.7,15.9,14.7,14,16.8,14.9,0.186154496,0.781131279,0.156162745,0.830674113,41.17856015,0.202873382,37776,18.3,0.73275
40063,Hughes ,Oklahoma,7.6,14.6,10.5,12.3,13.2,21,12.9,13.8,12.7,17.9,0.212328767,0.748563853,0.189211447,0.797817583,40.57161605,0.188151481,37566,18.4,0.67249
40065,Jackson ,Oklahoma,5.1,24.2,24.7,27.8,23.8,21.5,20.9,19.5,18.9,21,0.188700999,0.764668204,0.200218951,0.777520982,37.31983246,0.148342619,47747,17.2,0.76111001
40067,Jefferson ,Oklahoma,7.4,16.7,13.7,19.4,18.9,14.1,13.9,17.8,12.8,14.2,0.155319149,0.812765957,0.133752621,0.849475891,41.58378246,0.213457455,37338,17.1,0.79698002
40069,Johnston ,Oklahoma,1.4,20.9,12.8,19.1,23.9,22.8,17.2,23.9,19.8,14.4,0.195619711,0.769785963,0.17360621,0.809456599,40.44090785,0.194446981,39756,16.1,0.77030998
40071,Kay ,Oklahoma,3.6,18.1,12.1,16.7,19.4,21.4,19.1,16.4,21.6,19.7,0.222460275,0.724394453,0.234216476,0.744043134,39.93167048,0.193360658,45700,13.4,0.71648997
40073,Kingfisher ,Oklahoma,0.4,22.9,23.6,30.4,22.6,17.1,23.6,30.5,21.9,19,0.128200946,0.840972109,0.132095901,0.853982986,38.40794133,0.159522003,59266,13,0.87247002
40075,Kiowa ,Oklahoma,1.3,17.9,11.4,16.3,21.6,17.4,17.4,14,19.1,16,0.219582021,0.743200687,0.203968486,0.779982492,41.37959675,0.198075381,37831,16.3,0.74449998
40077,Latimer ,Oklahoma,3.4,12.8,8.5,19.7,11.8,12.2,17.2,20.8,14.7,17.9,0.196499014,0.764299803,0.179336314,0.808896211,42.21068322,0.221874695,38284,12.2,0.83036
40079,Le Flore ,Oklahoma,3.5,15.2,11.7,14.9,16.2,16.2,15.1,16.1,14.8,16.3,0.188723071,0.775913129,0.175432066,0.808986972,39.96598639,0.180832333,38709,17.5,0.73620999
40081,Lincoln ,Oklahoma,3.7,15.9,11.6,19.3,17.3,14.4,15.1,18.1,15.9,13.5,0.173262032,0.773903743,0.175241806,0.806891456,40.77276632,0.18327606,48039,13.7,0.85468
40083,Logan ,Oklahoma,5.7,30.7,29.4,36.2,32.9,23.6,27.6,29.9,27.2,23.8,0.223826334,0.718320249,0.252850654,0.723463428,39.34897761,0.157767863,69114,9.8,0.88113999
40085,Love ,Oklahoma,5,15.3,11.9,14.9,15.6,17.3,14.5,16.7,14,14.2,0.193982581,0.771179731,0.174435722,0.810843965,39.99901322,0.190941385,48725,15.8,0.76358002
40087,McClain ,Oklahoma,5.4,26.8,25.5,34.2,26.2,22,24.2,30.2,22.8,18.2,0.171669237,0.781172144,0.186213351,0.795123726,38.85263224,0.154908091,65831,10.1,0.93167001
40089,McCurtain ,Oklahoma,4.1,15.7,13.9,16.4,16.2,15.8,13.2,16.3,14.2,12.9,0.168002983,0.807011001,0.162030173,0.827156187,39.55210531,0.182276855,37390,16.9,0.63761002
40091,McIntosh ,Oklahoma,8,13.6,11.9,14.6,12.8,14.8,14.2,19,13.3,14.9,0.266608062,0.691322366,0.243671267,0.740491902,44.68016654,0.252535958,37468,14.2,0.72637999
40093,Major ,Oklahoma,0,18.3,13.9,22.1,19.7,16.7,19.4,20.3,18.8,19.1,0.09098914,0.86527737,0.092298818,0.889529854,41.26504448,0.209314495,56102,11.7,0.92264998
40095,Marshall ,Oklahoma,3.5,15.6,9,12.7,15,21.1,15.7,12.4,14.2,19.6,0.199563001,0.765841224,0.181398417,0.806563324,42.12870403,0.217184339,42258,19.2,0.71557999
40097,Mayes ,Oklahoma,6.3,15.4,12.1,18.8,17.3,12.6,14.6,17.1,14.5,15.2,0.217789655,0.735191194,0.215385541,0.766811018,40.47698689,0.184299511,50951,13.4,0.76169002
40099,Murray ,Oklahoma,5.5,17.5,11,21.3,15.7,21.5,18.5,22.1,17.6,19,0.196635311,0.75524602,0.19613166,0.782490669,41.41134523,0.197376908,50031,16.5,0.82839
40101,Muskogee ,Oklahoma,4.5,20.2,18,20.9,20.1,21.2,19.5,19,20.6,20.9,0.329410307,0.621200859,0.32004306,0.658905147,39.07763085,0.167242035,43911,14.9,0.66659999
40103,Noble ,Oklahoma,4.1,19.7,17.5,25,22.7,14.2,21.1,24.5,22.5,17.9,0.184706847,0.761582616,0.203118671,0.773795059,41.11546638,0.193728408,54210,10.2,0.84243
40105,Nowata ,Oklahoma,8.6,16.8,13.8,17,16.6,18.7,10.7,13.4,8.9,10,0.175123908,0.783809299,0.162149852,0.822136187,41.38383245,0.192014093,45734,11,0.80958003
40107,Okfuskee ,Oklahoma,2.8,12.5,11.2,13.2,12,13.7,11.6,9.6,11.1,12.7,0.239158002,0.710119199,0.221892025,0.757305596,40.29467681,0.177219375,37545,20.8,0.68790001
40109,Oklahoma ,Oklahoma,9.9,34.2,36.2,37.2,31.5,33.5,31.8,32.4,31.2,30.1,0.41181345,0.516784575,0.480844133,0.492128655,36.94338882,0.136664724,52346,12.8,0.70977998
40111,Okmulgee ,Oklahoma,3.5,16,12,18.6,14.2,19.3,14.1,14.1,14.9,14.6,0.314359452,0.641192917,0.30440858,0.675469853,40.24409808,0.18888744,42354,14,0.71116
40113,Osage ,Oklahoma,4.3,20.1,18.1,23.4,20.4,18.8,17.6,18.9,19.1,14.6,0.295107034,0.663134029,0.292238778,0.687554776,42.0459863,0.19964266,48826,12.3,0.82165998
40115,Ottawa ,Oklahoma,2.1,15.4,12.8,17.1,16,15.4,14.1,13.8,15.9,14.3,0.241721235,0.713844715,0.234831264,0.747071166,39.48652767,0.183480353,38194,15.1,0.67198002
40117,Pawnee ,Oklahoma,2.8,16.4,16,12.5,16.6,18.7,16.1,18.1,14.8,18,0.211187932,0.743086109,0.200854701,0.776156794,41.08968883,0.193044539,46949,11.7,0.80603999
40119,Payne ,Oklahoma,12.1,38.6,37.8,43.7,38.3,35.8,36.9,41.6,35.8,32,0.316570605,0.599819885,0.36784401,0.600917586,34.75560702,0.125646026,47748,8.2,0.95532
40121,Pittsburg ,Oklahoma,3.7,19,18.1,17.1,18.1,21.8,15.5,16.1,17.6,14.3,0.214868855,0.738405419,0.210220933,0.772762776,41.25458669,0.200332748,42376,13.1,0.76336002
40123,Pontotoc ,Oklahoma,5.6,28.8,22.7,29.6,31.8,28.7,28.1,31.5,27.4,26.6,0.245229587,0.703324118,0.268733681,0.705287206,38.27940754,0.165137135,48450,11.3,0.79229999
40125,Pottawatomie ,Oklahoma,5.1,20.9,15.5,23.9,21.2,22.3,18.3,20.2,17.1,19,0.236327204,0.701241553,0.258116019,0.718112471,39.06234951,0.163100758,48499,12.4,0.76410002
40127,Pushmataha ,Oklahoma,6.3,14,11.2,15.4,13.1,15.8,15,19.6,14.1,13.9,0.166852554,0.798795449,0.140958008,0.847436168,42.77104392,0.230074246,37026,16.5,0.71293998
40129,Roger Mills ,Oklahoma,28.4,22.3,20.1,21.4,19.9,26.5,18.5,18.1,21.6,17.9,0.08584423,0.879476976,0.091603054,0.888222464,41.35393873,0.207877462,53871,10.3,0.91150999
40131,Rogers ,Oklahoma,7.5,25.1,21.9,28.3,25.5,24.6,24.3,28.7,26,18.8,0.193382605,0.756521952,0.215226808,0.76383184,39.70119803,0.163952427,61849,7.9,0.86802
40133,Seminole ,Oklahoma,3.6,14.8,7.7,15.7,15.4,18,14.1,15,13.8,15.7,0.257683215,0.698394923,0.25788653,0.721002759,39.72170234,0.180323867,37901,15.4,0.64942998
40135,Sequoyah ,Oklahoma,6.5,15,13.4,16.6,14.1,16.2,13.3,14.9,12.5,13.6,0.212024659,0.754173305,0.197257247,0.787274145,40.78286262,0.189465504,38998,19.2,0.71340001
40137,Stephens ,Oklahoma,2.7,18.9,9.2,21.4,21.2,19.8,17.4,19.9,17.7,17.1,0.172363718,0.792113494,0.16550349,0.816497875,41.39945684,0.199514619,46512,12.6,0.81597
40139,Texas ,Oklahoma,2.2,24.5,31.1,23.4,20.7,25.3,22.3,22.6,26.2,19.6,0.148442907,0.799480969,0.161927187,0.815975367,35.18222928,0.117184063,51812,26.8,0.63112003
40141,Tillman ,Oklahoma,3.5,18.2,10.4,18.6,16.7,23.8,17.7,22.6,16.4,18.2,0.242793792,0.718403548,0.220457902,0.766617429,41.38473054,0.199918345,41186,22.5,0.68554997
40143,Tulsa ,Oklahoma,10.1,33.2,32.1,35.4,33,32.8,31.2,33.6,30.9,29.5,0.355578133,0.583912829,0.408717629,0.564628504,37.60276698,0.143929299,55796,10.8,0.73294997
40145,Wagoner ,Oklahoma,7.5,26.1,21.2,30.8,27,24.8,23.3,30.5,23.1,17.9,0.214792332,0.734984026,0.239515536,0.740421077,39.33198103,0.162988391,62889,9.6,0.87896001
40147,Washington ,Oklahoma,10.9,30.7,27.6,31.5,31.8,30.8,28.6,29.6,29.3,28.3,0.227141829,0.712068035,0.246372494,0.726607379,40.70920857,0.194799684,53992,9.3,0.82841998
40149,Washita ,Oklahoma,3.1,19.6,12,17.6,18.4,27.2,20.4,23.7,19.4,22.2,0.126970417,0.832217664,0.125183169,0.855348545,40.180417,0.180372068,47484,10.4,0.80930001
40151,Woods ,Oklahoma,11.3,32.1,34.4,22.9,31.9,37.1,30.6,33.3,33.5,27.5,0.142311887,0.803435115,0.160685155,0.813757477,38.33567495,0.1710689,51715,10.8,1.0228
40153,Woodward ,Oklahoma,8.6,19.3,17.2,21.1,17.1,22.8,19.8,16.5,22.1,21.7,0.114944042,0.835681369,0.129094412,0.849197174,38.56468203,0.157155573,55134,11.9,0.80843002
41001,Baker ,Oregon,10.1,24.4,27.1,32.2,20.9,23.4,22.3,30.4,19.9,19.6,0.204693017,0.708281125,0.236206202,0.740233588,45.20336124,0.264088467,45972,10.4,0.74776
41003,Benton ,Oregon,14.3,53.8,52.5,56.8,54.5,51.9,53.6,55.2,55.7,47.1,0.59879392,0.275777901,0.678554518,0.28178564,38.2318053,0.162267511,63600,4.6,1.02566
41005,Clackamas ,Oregon,10.1,39.2,37.8,44.9,38.1,37.5,36.8,39.3,37.9,33.9,0.476992511,0.412971468,0.539597717,0.428863043,41.13166496,0.181020249,81061,6.7,0.97426999
41007,Clatsop ,Oregon,3.8,25.7,22.1,27.2,23.4,29.5,24.6,25,25.1,26.5,0.470504475,0.413852726,0.540192388,0.427352572,43.33077658,0.224273212,53806,8.4,0.85488999
41009,Columbia ,Oregon,2.8,18.4,14.8,17.9,18.1,21.3,17.8,19,18.6,17.3,0.381959576,0.496543692,0.429378356,0.532261569,41.81525288,0.187276858,63338,9.6,0.89573002
41011,Coos ,Oregon,5,20.6,14.1,21.2,17.7,25.7,17.9,18.3,18.5,20,0.333663335,0.570529812,0.384167229,0.588779501,45.32455078,0.258211806,48352,11.2,0.70731997
41013,Crook ,Oregon,2.2,20.9,14.1,26.3,21.4,20.4,16.6,13.8,19,18.7,0.216644758,0.699227736,0.246051269,0.730644744,44.55199648,0.249046801,51348,12.4,0.79209
41015,Curry ,Oregon,0,23.7,21,21.9,21.2,27.1,24,20.9,26.1,26.5,0.340972167,0.571881691,0.405896147,0.568442211,50.33654057,0.341910314,48788,10.9,0.76620001
41017,Deschutes ,Oregon,10.9,40.8,41.9,44.3,38.5,40.6,34.2,37.1,32.8,35.2,0.430654342,0.463609891,0.526709999,0.444336203,42.12902873,0.200045834,67372,6.5,0.96754998
41019,Douglas ,Oregon,4.5,18.9,15.2,25.5,16.9,19.7,17.2,18.2,16,17.2,0.263373255,0.646138899,0.297751325,0.672862049,44.91138707,0.257283534,47020,10.9,0.68304002
41021,Gilliam ,Oregon,1.6,21.9,6.1,29.3,24.3,21.8,20.2,2.7,21.5,17.1,0.23454367,0.658488714,0.275042445,0.707979626,46.64202746,0.278247096,54325,9.7,0.87222999
41023,Grant ,Oregon,11.8,19.3,20.4,32.3,10.7,21.4,18.8,30.2,16.3,15.1,0.170276498,0.739631336,0.202132289,0.771322889,47.6372631,0.303790412,46141,11.2,0.82319999
41025,Harney ,Oregon,0.2,14.2,6.3,27.3,9.4,15.7,17,25.9,14.5,12.6,0.171867136,0.732762959,0.199509038,0.775496541,43.80577159,0.244644563,43370,10.2,0.78446001
41027,Hood River ,Oregon,5.1,38.3,32.8,47.9,39.7,32.6,31.6,35.6,30.7,28.1,0.596700275,0.299908341,0.669518717,0.302139037,39.2513232,0.156479426,66607,18.9,0.78618997
41029,Jackson ,Oregon,6.5,30,23.8,32.5,28.8,33.3,27.4,27.6,27.5,31.3,0.406550989,0.492741958,0.467723037,0.502252978,42.49795048,0.219689931,55511,10.4,0.75441003
41031,Jefferson ,Oregon,0.3,21.2,14.8,29.2,18.3,24.6,18.4,19.6,16.1,25.5,0.315043874,0.579659583,0.36875682,0.603458407,40.59771825,0.194857804,50376,14,0.60784
41033,Josephine ,Oregon,5.8,18.6,14.1,19.3,18.6,20.2,17.2,15.8,17.3,18.6,0.30190754,0.604196589,0.357293623,0.614840921,44.95288524,0.259849187,46578,9.8,0.72365999
41035,Klamath ,Oregon,2.2,20.8,20.6,29.3,18.9,18.9,19.4,24,17.6,21.2,0.236339201,0.669846265,0.282851386,0.689103088,41.65901734,0.211963993,45374,12.6,0.68084002
41037,Lake ,Oregon,0,19.8,21.9,28.1,18.8,16.3,15.4,16.3,14.2,16.3,0.16259542,0.768956743,0.181526473,0.795324318,45.1126412,0.252189364,44847,13.1,0.71856999
41039,Lane ,Oregon,8.5,33,32,34.5,31.2,34.7,29.6,32.2,27.9,31.3,0.535311279,0.349783798,0.604563268,0.361461938,41.05662771,0.193334756,53161,8.6,0.83085001
41041,Lincoln ,Oregon,6,28.9,23.1,30.8,24.1,34.2,24.1,21.6,21.5,29.9,0.494971492,0.397489705,0.565807459,0.405519755,47.09271483,0.284320078,49265,9.4,0.7281
41043,Linn ,Oregon,5.5,20.4,23.3,22,18.3,20.2,19.5,23.6,17.9,18,0.306459579,0.57030944,0.364977974,0.598650881,40.56714572,0.185895473,54292,10.1,0.81481999
41045,Malheur ,Oregon,6.1,14.6,10.9,15.1,13.4,18.9,13.8,19.2,12.7,14.9,0.215237183,0.689410637,0.276177567,0.693578448,37.94100895,0.16455655,42624,19.1,0.59495997
41047,Marion ,Oregon,6.4,25,22.8,26,23.8,27.8,22.8,22.4,21.3,26.3,0.42230342,0.463146741,0.488552201,0.477255428,38.23594278,0.156684964,56408,14.7,0.72185999
41049,Morrow ,Oregon,6.9,11.3,5.2,12.4,13.6,11.4,10.9,7.1,13.5,6.9,0.244060475,0.652987761,0.267878077,0.700664322,38.28833978,0.165406261,55343,24.7,0.60996997
41051,Multnomah ,Oregon,16,47.7,51.5,54.2,44.1,41.3,44.5,51.7,40.2,37.3,0.733046356,0.170266823,0.792067015,0.179000084,38.94554614,0.134354831,70756,8.7,0.91854
41053,Polk ,Oregon,12.7,31,25.9,32.6,31.5,32.8,30.1,31.2,29.3,33,0.407494726,0.470033503,0.474560477,0.491437328,39.13532159,0.179212521,62389,9.6,0.84210998
41055,Sherman ,Oregon,2.3,16,27,9,21,7.9,19.5,14.9,21.4,17.7,0.198623402,0.719764012,0.215231788,0.762417219,46.34367681,0.265222482,58838,8.6,0.88849998
41057,Tillamook ,Oregon,6.2,23.8,23,19.8,25.4,24.2,21,17.7,20.7,26.2,0.417880171,0.473665145,0.477617243,0.494670772,45.1410199,0.25792362,52486,9.7,0.75831997
41059,Umatilla ,Oregon,7.3,18.2,17.4,19.8,17.9,18.1,16.2,16.9,15.3,18.6,0.278037468,0.6181469,0.324081361,0.643804104,38.11632437,0.156354817,53917,17.8,0.66812998
41061,Union ,Oregon,15.9,23.8,19.5,30.4,23.7,22.4,24.8,25.4,26.9,22.8,0.25053979,0.650138803,0.284662741,0.689105996,40.51311364,0.201730849,50616,7.7,0.78798002
41063,Wallowa ,Oregon,5.8,32,29,34,32.5,31.6,24.7,29.5,26.9,23.7,0.255611544,0.65231333,0.315595261,0.661099243,47.16106482,0.2917667,48137,7.5,0.91021001
41065,Wasco ,Oregon,5.1,22,17.9,17.7,26.2,22.4,20.5,20.3,19.9,22.5,0.399615513,0.487545971,0.467374381,0.497876858,41.37172232,0.205923411,52269,14.2,0.75089002
41067,Washington ,Oregon,14.9,45.8,47.3,50.9,44,41.8,43.7,47.7,42.1,38.8,0.569215398,0.309016016,0.655394817,0.309288038,38.08979915,0.13429592,82819,8.4,0.97408998
41069,Wheeler ,Oregon,0,20,38.6,20.8,14.8,19,14,32.4,15.3,10.9,0.189486553,0.722493888,0.224870466,0.736787565,50.4795022,0.3477306,39579,7.9,NA
41071,Yamhill ,Oregon,7.7,29.3,24.4,35.6,26.4,32,26.5,27.5,24.9,28.6,0.395893586,0.47689373,0.461178148,0.501518931,39.74435057,0.171370629,61776,11.7,0.85421002
42001,Adams ,Pennsylvania,6.4,24.4,23.8,31.2,22.5,23.7,22.4,26.6,21.4,20.6,0.299416707,0.661690076,0.322019809,0.66365405,42.57878534,0.203810876,62877,11.4,0.97083998
42003,Allegheny ,Pennsylvania,20.5,43.8,57,55.4,39.9,31.4,40.7,50.6,37.5,26.9,0.565465441,0.399129999,0.596144681,0.392262131,41.77168653,0.189073513,59881,5.7,0.88018
42005,Armstrong ,Pennsylvania,7.9,18.6,24.9,24,17.4,14.6,16.2,23.5,14.8,10.6,0.227022582,0.742741476,0.232526808,0.755815232,44.16081853,0.219695693,49436,10.5,0.87656999
42007,Beaver ,Pennsylvania,10.7,26.8,34.6,37.3,24.3,20.1,23.7,32.3,21.7,16.3,0.389261825,0.576360221,0.405027517,0.581787467,43.57774581,0.214954292,54823,6.9,0.86811
42009,Bedford ,Pennsylvania,8.1,16.1,16.4,20.6,17,12.8,14.2,17,13.6,11.5,0.154207387,0.82717773,0.15837383,0.835025749,44.33068333,0.228703089,50257,12.5,0.84540999
42011,Berks ,Pennsylvania,9.9,26.8,28.6,32.8,26.3,22.3,24.5,31,24.4,18.6,0.428465299,0.527823451,0.451955824,0.533891213,40.20892439,0.172204345,62519,13.5,0.78762001
42013,Blair ,Pennsylvania,12.7,23.4,25.7,32.3,21.9,19.1,20.8,26.5,19.6,15.3,0.254202408,0.71272469,0.277317399,0.712414498,42.57265781,0.207727852,49244,9.1,0.78536999
42015,Bradford ,Pennsylvania,10.2,20,26.6,26.7,17.2,17,17.8,23,17.3,14.5,0.247743893,0.705655827,0.266786034,0.716204118,42.63142538,0.212960071,50978,11.1,0.81533998
42017,Bucks ,Pennsylvania,19.3,43.3,46.9,51.2,44.5,34.5,40.5,48.6,41.1,30.9,0.485220609,0.477381447,0.516644205,0.472869567,42.35315865,0.186343412,88538,6.1,1.0862
42019,Butler ,Pennsylvania,12,38.3,43.9,52.5,37.9,26.9,35.4,47.9,34.5,22.5,0.294464876,0.66372037,0.3310357,0.656272892,42.22041855,0.1880961,67161,5.4,1.00737
42021,Cambria ,Pennsylvania,9.5,22.7,30.3,30.6,22.3,16,21.4,29.7,20.4,14.7,0.299134323,0.669996195,0.307903761,0.681341571,43.69528581,0.225734457,45163,8.7,0.80493999
42023,Cameron ,Pennsylvania,4.3,10.9,18.8,11.7,9.2,9.9,15.9,18.2,11.8,15.7,0.242909424,0.726898445,0.260476582,0.727608874,47.15939448,0.272261799,41770,9,0.78442001
42025,Carbon ,Pennsylvania,9.3,18.3,23.2,21.7,17.7,15,16.8,23.7,16.3,12.1,0.310536558,0.651341396,0.333402718,0.65372149,43.80451368,0.212138197,53901,10.4,0.94252002
42027,Centre ,Pennsylvania,9.5,46.2,56.7,52.9,42.4,37.8,44.7,52.6,41.7,35.6,0.487051531,0.4632295,0.516885396,0.469358523,37.83623046,0.142471054,58258,5.7,1.077
42029,Chester ,Pennsylvania,20,56.1,59.8,65.9,56.9,45.1,51.8,61.6,52.6,41.1,0.527090774,0.431971726,0.579875486,0.408789133,40.14054317,0.163462607,99224,6.7,1.0078
42031,Clarion ,Pennsylvania,10.8,22.7,25.9,35.3,21.6,16,22.7,29.2,21.5,15.9,0.24368406,0.717194183,0.239983584,0.747858206,41.48359937,0.196059723,46284,10.4,0.815
42033,Clearfield ,Pennsylvania,9.8,19.1,24.8,22.3,18.7,14.6,14.3,15.6,14.3,11.9,0.239269353,0.72749555,0.245370605,0.74077926,43.45373356,0.205207336,46706,13.1,0.7572
42035,Clinton ,Pennsylvania,8.6,20.3,26,23,20.3,15.6,19,22.3,18.1,14.7,0.308172015,0.65103287,0.312170213,0.67529078,40.42149209,0.186950677,50999,11.3,0.81599998
42037,Columbia ,Pennsylvania,9.4,25.5,32.3,28.9,25.8,19.5,22.5,29.9,20.7,16.6,0.316494261,0.637806433,0.337878156,0.644765968,41.50337631,0.195245661,50774,10,0.90041
42039,Crawford ,Pennsylvania,6.2,20.6,20.9,24.6,20.5,18.5,20.8,24.4,19.9,17.9,0.292622426,0.666462179,0.307684982,0.679911437,42.2791049,0.205765139,50805,10.7,0.78702998
42041,Cumberland ,Pennsylvania,9.9,38.7,43.7,46.7,38.2,30.4,35.8,41.4,35.6,27.5,0.387158045,0.567979805,0.439598856,0.545301741,41.1003866,0.185126261,71695,7.7,0.98786002
42043,Dauphin ,Pennsylvania,13,33.3,39.3,39.5,31.2,27.3,30.5,34.5,30.3,22.5,0.494422031,0.465057461,0.535957603,0.450627002,40.11139601,0.169622912,57979,10.3,0.75862002
42045,Delaware ,Pennsylvania,15,40.9,43.4,49.5,39.5,34.6,38.3,46.6,37.5,29.9,0.596040775,0.37182244,0.629470834,0.361454086,39.90979653,0.163978461,71961,7.2,0.87858999
42047,Elk ,Pennsylvania,10.6,18.5,25.4,22.1,17.3,15.5,18.6,27.7,18.8,10.7,0.267087204,0.694925828,0.267479002,0.718088253,44.38952236,0.220093473,54876,7.7,0.84274
42049,Erie ,Pennsylvania,10.2,29.6,35.6,35.7,27.3,24.8,27.7,33.8,25.7,22.2,0.469861496,0.485684716,0.498136166,0.487799362,40.6296474,0.179739103,48453,8.7,0.74436998
42051,Fayette ,Pennsylvania,12,18.6,21.3,27.3,17,14.7,16.2,22.5,15,12.6,0.333773504,0.643331411,0.329004329,0.663464169,43.44050184,0.211612913,50381,11.4,0.72009999
42053,Forest ,Pennsylvania,5.9,11.6,11.8,13.1,8.9,14,7.4,2.9,12.2,11.9,0.260724698,0.700957934,0.275132275,0.711262283,44.91035857,0.225992581,41750,17.6,0.83029997
42055,Franklin ,Pennsylvania,10,23,27.8,31.3,19.5,19.8,21,26.2,17.9,20.2,0.250462492,0.71371413,0.277558397,0.708626815,41.51385346,0.196499499,60744,12.6,0.85508001
42057,Fulton ,Pennsylvania,4.2,16.3,23.1,20.6,12.7,15.6,13.4,14.5,11.1,14.6,0.134692069,0.8409393,0.136016046,0.855459446,43.3589823,0.215520209,52277,12.7,0.87519997
42059,Greene ,Pennsylvania,9.4,21.1,22.4,27.2,17.7,21.5,18.2,20.5,18.3,14.9,0.284318701,0.688213651,0.277944422,0.71192484,41.79792363,0.188900455,50956,12.6,0.82053
42061,Huntingdon ,Pennsylvania,6.8,18.1,16.8,23.5,17.8,16,16.9,19.6,15.3,16.2,0.230335938,0.735512027,0.238899614,0.748552124,42.91921272,0.207359192,49019,10.9,0.81386
42063,Indiana ,Pennsylvania,5.9,26.2,36.9,34.9,23.7,19.2,22.6,28.7,20.4,18.3,0.30521578,0.658935663,0.306665372,0.681804942,41.18966048,0.195027278,47999,10.3,0.85698003
42065,Jefferson ,Pennsylvania,7.9,17,19,19.9,15.5,16.4,16.4,21.6,14.6,14.6,0.187390903,0.779956874,0.198343849,0.786890992,42.82778809,0.210742192,46751,10.3,0.79215997
42067,Juniata ,Pennsylvania,9.2,14.3,20,20.3,12.6,10.3,14.2,18.8,13.4,10.1,0.174191697,0.791371724,0.187079631,0.801212323,41.94138601,0.200858161,54342,17,0.85202998
42069,Lackawanna ,Pennsylvania,11.7,29.9,36.9,36.3,28.4,23.9,27.7,35.5,26.9,19.5,0.502464816,0.46767708,0.537137163,0.453461572,41.97472165,0.199536987,52872,9.1,0.83389997
42071,Lancaster ,Pennsylvania,11.9,30.5,34.6,36.5,28.3,26.9,26.9,29.6,25.8,23.1,0.377803676,0.57199144,0.413386431,0.571687024,39.90049342,0.179484396,66270,15.1,0.88984001
42073,Lawrence ,Pennsylvania,8.7,22,28.1,31.2,20,17.2,21.4,29.8,19.1,16.6,0.343753834,0.623954065,0.346774894,0.642351767,43.48933677,0.219890003,48418,9.8,0.8143
42075,Lebanon ,Pennsylvania,10.5,22.9,29,30.1,20.1,18.6,20.3,24,20.4,17,0.306459698,0.6552672,0.334003238,0.652193937,41.04618085,0.193873219,61087,13,0.80646998
42077,Lehigh ,Pennsylvania,11.4,32.4,36.3,37.3,31.5,26.8,29.4,34.5,29.9,22.9,0.505139975,0.457721764,0.532111979,0.456161721,39.80225482,0.167093181,62139,11.4,0.77371001
42079,Luzerne ,Pennsylvania,10.5,24.5,27.3,29.4,23.8,20.8,23.2,28.1,23.5,17.3,0.388574858,0.582947482,0.423118816,0.566973865,42.24839916,0.198913256,53469,10.7,0.77534997
42081,Lycoming ,Pennsylvania,7.3,24.4,29.2,32.2,21.5,20.5,22.8,29.3,21,17.4,0.257490359,0.704578266,0.286411044,0.699733351,41.68619792,0.192981067,53820,10.2,0.85042
42083,McKean ,Pennsylvania,10,19.5,21.9,21.2,20.4,15.9,18.1,20.8,16.9,16.6,0.246993127,0.713978891,0.261892531,0.723466557,42.32779242,0.194297989,46529,8.9,0.71309
42085,Mercer ,Pennsylvania,6.6,24.1,30.3,32,23.7,17.9,22.6,30,22.1,17.3,0.358121929,0.603031983,0.363512441,0.623649791,43.25503917,0.216754154,48788,10.2,0.78386003
42087,Mifflin ,Pennsylvania,5.9,13.2,17.2,15.3,12.2,11.3,12.5,13.5,11.4,10.5,0.208429654,0.757701199,0.214073109,0.775276718,42.47057678,0.217082774,47648,14.8,0.76933002
42089,Monroe ,Pennsylvania,11.2,26.6,27.7,28.2,26.1,25.6,24.4,26.6,23.2,22.9,0.486265627,0.478638605,0.525593768,0.461964237,41.47529306,0.172152183,63318,10.6,0.98337001
42091,Montgomery ,Pennsylvania,21,51.4,59.1,60.3,51.1,40.4,48.7,58.9,48.1,37.1,0.589118147,0.374363623,0.626299355,0.363535147,41.12946595,0.177556468,90155,5.8,1.05414
42093,Montour ,Pennsylvania,14.2,36.4,55.7,46,32.1,23.9,32.8,42.2,27.2,22.5,0.333917719,0.618045816,0.38593798,0.598096408,42.95175439,0.210416667,61314,9.3,1.0483201
42095,Northampton ,Pennsylvania,11.7,32.8,42.4,37.6,31,26.7,29.2,36.3,28.5,21.2,0.461764644,0.499836259,0.497753624,0.490540651,41.77313021,0.190136709,68217,9.4,0.96735001
42097,Northumberland ,Pennsylvania,6.6,18.5,23.7,26.4,16.6,13.6,16,24,15,11.7,0.267271039,0.694309431,0.299813164,0.684719627,43.34285761,0.213629327,47243,12.9,0.80321002
42099,Perry ,Pennsylvania,7.6,18.3,17.9,20.8,18.9,16,16.4,19.6,16.3,13.3,0.218924284,0.73806598,0.241359727,0.742049327,41.68041137,0.184897809,62366,12.5,0.94691998
42101,Philadelphia ,Pennsylvania,16.7,33.6,49.7,37.7,24.2,23.4,28.6,30.6,21.3,19.4,0.825324216,0.153678965,0.814416957,0.179045209,37.61839246,0.136525984,46149,16.1,0.72140998
42103,Pike ,Pennsylvania,11.9,27.4,23.2,27.8,28.4,27.6,28,30.7,28.1,24.7,0.354622428,0.615148845,0.399920133,0.59018861,44.9646452,0.227790392,62657,7.1,1.0429
42105,Potter ,Pennsylvania,8.5,16.7,18.9,21.6,16.7,13.8,15.5,19.4,14.3,12,0.167266187,0.803057554,0.190423654,0.798654016,44.42215137,0.240644928,44883,11.9,0.81028003
42107,Schuylkill ,Pennsylvania,8.3,18.5,23.1,22.8,17.6,14.4,16.2,19.7,15.4,11.2,0.266745137,0.699883886,0.293571095,0.692194383,43.03868949,0.204171271,48809,11.4,0.84337002
42109,Snyder ,Pennsylvania,4.4,21,26.8,23.5,19.4,18.6,18.4,24.1,15.9,16.1,0.244576178,0.716555644,0.256530825,0.730564263,40.97459299,0.189787864,56991,14.4,0.89385003
42111,Somerset ,Pennsylvania,8.8,17.2,18.8,21.6,16.3,15.4,15.5,16.9,15.9,13.1,0.206189025,0.765353758,0.213452384,0.776114249,44.45822966,0.223590978,50504,11.9,0.84035999
42113,Sullivan ,Pennsylvania,13.5,18.9,20.4,14.7,18.6,20.2,17.3,11.6,16.6,19,0.239158163,0.730548469,0.256189152,0.728511822,49.5433207,0.282984681,48998,10.3,0.90698999
42115,Susquehanna ,Pennsylvania,7,19.9,21.3,20.3,17.2,22.4,17.8,19.4,16.9,16.3,0.271589885,0.683401368,0.286686282,0.699108128,45.1868117,0.236615832,52573,10.8,0.86316001
42117,Tioga ,Pennsylvania,6.1,21.3,30.3,26.6,18.5,17.9,19.1,24.7,19.2,14.7,0.212878581,0.742919509,0.235112693,0.746951364,43.17634865,0.220371415,48799,10.2,0.83758998
42119,Union ,Pennsylvania,3.8,25.1,30.5,24.7,22.7,24.9,25.5,26.1,27.3,23,0.353789787,0.608083352,0.371613224,0.614267959,40.67249079,0.18064084,55679,13.6,0.92391998
42121,Venango ,Pennsylvania,8.7,19.4,24.8,22.2,18.1,17.4,17.6,22.6,16.8,14.2,0.270215864,0.686182971,0.285924306,0.699977382,44.35229977,0.224222682,45761,10.2,0.72775
42123,Warren ,Pennsylvania,6,19,23.9,24.1,17.5,16.3,19.3,24.6,18.2,14.7,0.27910383,0.67684713,0.293753027,0.689443099,44.49579726,0.22907489,50554,7.4,0.76808
42125,Washington ,Pennsylvania,12.9,32.4,38.5,47.1,30,24.1,29.5,39.8,28.6,20.5,0.358028586,0.605086249,0.380560104,0.608382991,42.96352474,0.205535675,63119,7.1,0.91777998
42127,Wayne ,Pennsylvania,9.5,20.8,19.3,20.9,20.2,22.3,20.4,21.1,19.5,20.6,0.291781164,0.676326089,0.32720994,0.663498167,45.54031126,0.241575006,53602,10.2,0.97128999
42129,Westmoreland ,Pennsylvania,12.4,31.2,39.1,41.2,30.8,23.4,28.5,39.7,27.7,20.3,0.327759804,0.640051414,0.3523696,0.636150017,44.6084193,0.227180551,58398,6,0.91854
42131,Wyoming ,Pennsylvania,10.2,21.5,24.7,26.8,19.4,19.9,19.6,23,19.8,15.6,0.289942179,0.672321972,0.316597119,0.66873065,43.26221992,0.211787325,57599,7.1,0.89131999
42133,York ,Pennsylvania,9.7,26.3,30.4,33.4,24.6,21.4,24.2,29.6,23.5,17.6,0.332663385,0.623964735,0.369495662,0.615307522,40.75049691,0.17448296,65238,10.6,0.88367999
44001,Bristol ,RhodeIsland,14,51.4,50.6,66.4,52.4,42,47.1,53.9,49.7,35.8,0.573464181,0.351913641,0.635227873,0.342952666,42.84008921,0.197249687,80231,9.9,1.1302299
44003,Kent ,RhodeIsland,16.1,33.6,40.6,40.7,32.3,25.9,32.1,36.6,31.3,25.2,0.460531608,0.467210218,0.527569205,0.451172483,42.79759979,0.188952832,69089,8.4,1.02583
44005,Newport ,RhodeIsland,17.9,52.1,55.8,56,51.4,49.3,47.9,53.5,48.5,41.5,0.556730418,0.367328542,0.638944266,0.340686487,44.01032202,0.221887039,77760,6.4,1.029
44007,Providence ,RhodeIsland,12.8,31.2,39.7,34.5,28.2,25.1,28.1,31.7,26.6,22,0.57510645,0.365760603,0.605177744,0.376103452,39.3785805,0.152836732,56141,15.2,0.77961999
44009,Washington ,RhodeIsland,18.2,48.6,46.3,55,48.2,47.1,45,50.3,44.7,42.2,0.508384939,0.410281909,0.585708651,0.392032606,43.04070012,0.207356216,86715,5.9,1.15201
45001,Abbeville ,SouthCarolina,2.8,19.1,35.5,18,13.4,19.1,15.9,21.8,13.1,14.9,0.347192575,0.627656613,0.329847985,0.660741575,42.82842997,0.217717289,42412,19.8,0.58048999
45003,Aiken ,SouthCarolina,10.1,29.6,31.3,30.7,27.4,30.8,26.4,21.6,26.5,30.2,0.340075617,0.614888245,0.378881258,0.605611316,41.40478805,0.194219633,52633,12.7,0.63625997
45005,Allendale ,SouthCarolina,0,10.8,11.9,7.7,15.1,6.3,9.4,15.6,9.7,5.6,0.761414254,0.219654788,0.756470916,0.232396326,42.10518926,0.201055824,29124,22.3,0.36094999
45007,Anderson ,SouthCarolina,7.7,26.1,29.3,29.7,26.1,21.8,21.4,23.9,21.7,18,0.262129891,0.698681709,0.282736515,0.703120935,40.45679911,0.180490019,51740,15.5,0.63639998
45009,Bamberg ,SouthCarolina,1.2,17.9,15.1,25.5,18,14.6,18.7,24.5,18.3,17.5,0.627293209,0.354682974,0.618636223,0.372878741,42.48528897,0.216952715,36230,17.7,0.46811
45011,Barnwell ,SouthCarolina,5.2,14.3,20.7,15.1,14.3,10.4,11.5,9.5,10.3,10.5,0.463890353,0.51544544,0.457320027,0.53211898,40.4348238,0.183450171,38131,18.9,0.48780999
45013,Beaufort ,SouthCarolina,4.5,43.4,29.8,31.2,41.5,54.6,40.3,31.3,37.2,51,0.409276145,0.546609954,0.443798233,0.54371135,44.65022653,0.272590944,65843,7.1,0.72795999
45015,Berkeley ,SouthCarolina,13.2,28.4,33.3,29.3,26.5,25.7,23.8,27.7,23.6,19.3,0.386143843,0.560722864,0.432929983,0.54947443,37.76075236,0.137545174,62204,11.2,0.73764002
45017,Calhoun ,SouthCarolina,8.1,19.1,24.7,24.7,16.8,16.8,19.2,16.4,21.7,14.7,0.473307723,0.501655848,0.470992643,0.519237727,44.46349862,0.232644628,45385,14.3,0.54623997
45019,Charleston ,SouthCarolina,19.6,48.1,52.4,56.4,44.5,42.6,42.8,48.6,40.4,37.1,0.506388046,0.427814795,0.555088483,0.426292054,39.93428881,0.164129538,62958,8.5,0.79374999
45021,Cherokee ,SouthCarolina,7.4,17.2,16.2,19.9,17.9,15,13.8,13.6,13.4,13.1,0.279976102,0.697044901,0.276335576,0.714008706,39.66808578,0.168155857,42542,20.4,0.47005999
45023,Chester ,SouthCarolina,5,13.9,10.1,23.1,12.7,12.2,13.7,19.4,14.2,10.2,0.463571026,0.511908117,0.440502634,0.549597005,41.21879942,0.187746116,42116,17.8,0.51235998
45025,Chesterfield ,SouthCarolina,4.8,12.9,15.4,10.1,12.2,13.8,10.1,10.2,11.9,6.9,0.413605935,0.561606658,0.393674508,0.598484848,41.09662543,0.183481226,39046,23.9,0.50814003
45027,Clarendon ,SouthCarolina,2.5,16.6,15.3,21.7,13.5,18.4,15.5,18.9,14.5,17.8,0.502240987,0.479766158,0.49303771,0.499671308,43.68545994,0.234836795,36722,20.2,0.51820999
45029,Colleton ,SouthCarolina,6.9,15.7,12.8,13.5,17.4,16.4,15.2,12.5,13,19.5,0.442119297,0.526983943,0.446092413,0.541409532,41.60329262,0.201672862,39079,13.3,0.49731001
45031,Darlington ,SouthCarolina,9.8,19,23.9,20.9,19.7,13.9,17.2,18.9,18.7,13.7,0.468019141,0.505122329,0.469506739,0.519233735,41.07264753,0.189784737,37206,17.9,0.49919
45033,Dillon ,SouthCarolina,2.1,11.9,11,10.2,12.4,12.8,11.1,20,7.8,11.1,0.49871773,0.481877244,0.491260209,0.502404397,39.1126344,0.166672113,33159,25.1,0.40854001
45035,Dorchester ,SouthCarolina,8.3,29.4,27.8,32.2,29.8,27.6,27.9,31.4,27.6,23.6,0.38446785,0.559192546,0.437692486,0.542366521,38.27387066,0.140892765,65468,9.9,0.72189999
45037,Edgefield ,SouthCarolina,4.8,19.9,20,17.9,20,21,17.8,18.1,16.8,20.3,0.385692202,0.587598763,0.372294048,0.615153337,42.44787816,0.18756469,48818,17.6,0.64774001
45039,Fairfield ,SouthCarolina,17.3,14.7,17.2,15.4,14.2,13.9,17,19.6,17.4,13.7,0.616401882,0.357415461,0.608272907,0.381097559,43.80836532,0.217391304,39522,17.5,0.50717998
45041,Florence ,SouthCarolina,8.8,23.8,28.5,28,22.8,18.9,23.1,28.1,24.7,17.7,0.461065751,0.510486613,0.482917376,0.505580532,39.55922162,0.169883974,47949,15.4,0.53241998
45043,Georgetown ,SouthCarolina,4.5,31,20.3,27.5,30.8,35.8,27.2,21.5,28,32.7,0.420444136,0.549293995,0.431493401,0.558716046,46.11162428,0.277755466,46058,12.9,0.53513998
45045,Greenville ,SouthCarolina,15,39.3,43.6,44.5,38,33.5,34.2,39.7,33.1,27.9,0.346166895,0.594111496,0.399101315,0.581127616,39.09365866,0.157786754,61162,12.2,0.71420002
45047,Greenwood ,SouthCarolina,5.8,24.2,23.5,20.4,22.8,28.9,23.5,23.6,23.6,24.3,0.372388138,0.589681188,0.379460102,0.607104917,40.30615202,0.185111887,43879,16.3,0.51762003
45049,Hampton ,SouthCarolina,2.4,11.6,6.3,12.7,13.9,11.1,11.4,12.3,10.3,13.7,0.587099705,0.396093573,0.572058032,0.419774315,41.02901659,0.184124851,35871,17.6,0.49610999
45051,Horry ,SouthCarolina,7.7,25.4,24.6,27.1,25.1,25.2,23.6,24.4,22.3,23.9,0.296494132,0.671742401,0.329246039,0.661056837,44.399479,0.239522646,49082,10.2,0.73052001
45053,Jasper ,SouthCarolina,13.9,23.3,30,7.6,19.2,33.8,16.9,12.3,16.9,23.3,0.521221668,0.453924915,0.499166319,0.491732666,41.47794346,0.193641918,43125,18.5,0.51749998
45055,Kershaw ,SouthCarolina,5.7,21.3,22.8,26.2,19.4,19.9,19.9,24,19.4,18.4,0.356268322,0.605000862,0.377620507,0.60873056,40.83638249,0.183376021,52270,13.5,0.66712999
45057,Lancaster ,SouthCarolina,12.9,30.1,30.4,35,28.1,29.2,26.9,31.6,23.2,28.1,0.354717756,0.609147876,0.37974252,0.60784471,41.82548752,0.210306144,58035,13.6,0.61717999
45059,Laurens ,SouthCarolina,6.7,17.9,15,17.1,18,20.2,15.4,14.8,15.1,15.3,0.334600617,0.632989535,0.333213068,0.656127,40.97150491,0.185240469,42099,19.5,0.51590002
45061,Lee ,SouthCarolina,8.2,14.4,20.7,11.3,12.6,15.1,12.3,9.1,12,16,0.637444826,0.343673369,0.632072115,0.356778555,41.06813674,0.183584179,33199,21.3,0.43004999
45063,Lexington ,SouthCarolina,11.3,32.6,34.5,36.7,32.9,27.3,30.1,34.3,29.4,27.1,0.288550531,0.655451172,0.341022909,0.642030048,39.58218092,0.157884568,60627,10.4,0.72398001
45065,McCormick ,SouthCarolina,6,21.3,22.2,9.8,15.9,28.7,20.2,6.3,14.9,31.9,0.475268405,0.508435583,0.471651747,0.519220643,50.9957492,0.349309245,44683,18.7,0.55756003
45067,Marion ,SouthCarolina,3.4,13.7,5.9,9.8,19.8,12.7,14.4,14.3,14.2,12.9,0.600238162,0.381339311,0.603373232,0.388397716,41.26929025,0.198524437,34365,19.2,0.42501
45069,Marlboro ,SouthCarolina,0.6,8.3,10.2,8.7,6.5,9.2,9.4,7.1,11.3,8.9,0.57310617,0.41072288,0.549536956,0.440677966,41.13891204,0.180354572,33534,24.1,0.38475001
45071,Newberry ,SouthCarolina,9.5,22.5,15.8,24.2,27.4,18.8,17.1,11.9,19.3,16.6,0.369905397,0.596001666,0.373463583,0.614191402,41.19003115,0.196053998,48029,19,0.54468
45073,Oconee ,SouthCarolina,10.7,27.8,26,22.6,28.3,30.3,24.6,21.2,25.6,28.4,0.237788018,0.718834547,0.256073571,0.730254745,43.75602879,0.232168832,50529,16.1,0.65385002
45075,Orangeburg ,SouthCarolina,2.6,19.2,18.1,23.3,18,19,19.5,23.5,20.1,17.2,0.676381393,0.306630686,0.66241961,0.330129838,40.96256931,0.196861987,37134,14.4,0.47217
45077,Pickens ,SouthCarolina,11.4,27.5,33.4,30.3,26.5,22.9,24.5,27.8,22.6,20.7,0.211095027,0.738771433,0.237114655,0.745612206,39.02664943,0.165363343,48794,15.1,0.74076003
45079,Richland ,SouthCarolina,11.3,40.2,40.8,43.8,41.2,34.7,37.7,41.1,38.1,32.6,0.64010621,0.310979007,0.683978083,0.30085852,36.69037764,0.127334916,52611,8.9,0.62936002
45081,Saluda ,SouthCarolina,6.5,19.2,13.1,31.8,18.6,15.5,16.1,18.2,16,15.7,0.328468006,0.645259225,0.319495363,0.669613974,41.73164914,0.197624611,46019,20.8,0.41246
45083,Spartanburg ,SouthCarolina,9.8,25.2,25.7,28.5,24.3,23.9,23.8,27.1,23.5,21,0.330308035,0.629919894,0.356032423,0.629376745,39.217173,0.161879396,53567,14.7,0.63480002
45085,Sumter ,SouthCarolina,5.8,23.1,19.9,30.8,22.2,21.5,18.5,21,19.5,16.5,0.545456608,0.425191671,0.559668848,0.429272281,38.73587014,0.164450954,45181,16.4,0.54737997
45087,Union ,SouthCarolina,4.2,13.9,9.2,19.4,14,13.7,12.1,11.7,13.3,11.9,0.391085015,0.583939795,0.372256166,0.617258806,42.33801532,0.202626779,40686,18.6,0.46540999
45089,Williamsburg ,SouthCarolina,6.3,15.2,14.2,18.4,14.4,15.1,12.7,14.4,13.9,9.2,0.661153182,0.323103494,0.643665937,0.346074445,42.48709403,0.210448932,32814,19.3,0.44545999
45091,York ,SouthCarolina,11.9,36.9,38.9,46.2,35,29.5,32,38.5,31.7,24.9,0.363711885,0.583733396,0.409635545,0.574293649,38.55503834,0.143135438,64904,10.4,0.75866997
46003,Aurora ,SouthDakota,11.7,18.2,30.4,20.2,17.6,11.6,20.6,19.8,20.7,8.3,0.241648898,0.692253021,0.225622776,0.748754448,41.23973581,0.205997858,53107,13.2,1.01745
46005,Beadle ,SouthDakota,3.1,25.5,26.9,37.8,27.4,14.7,20.1,27.1,21.5,15.4,0.282339043,0.657855877,0.297556842,0.679000141,38.56736218,0.169941217,49712,14.7,0.70385998
46007,Bennett ,SouthDakota,0,18.4,26.3,30.9,13.7,8.1,18.4,19.4,24.6,14.6,0.358572672,0.579634465,0.393913779,0.586644125,33.91147636,0.124855825,37071,18,0.46919999
46009,Bon Homme ,SouthDakota,14.3,20.1,14.1,16.9,21.9,23.8,18.4,19.6,20,16.9,0.236718225,0.707800941,0.240253249,0.744751749,42.15186246,0.203724928,50278,12.3,1.10237
46011,Brookings ,SouthDakota,13.6,42.4,46.7,51.1,38.3,36.4,39.2,42.9,35,30.7,0.38477918,0.532176656,0.419441203,0.549186517,34.23876022,0.119067893,62109,4.6,1.12134
46013,Brown ,SouthDakota,12,32.8,40.7,38.9,31.6,24.8,29.3,33.8,29.5,22.7,0.338339332,0.596561996,0.372599305,0.602952072,39.24076712,0.171609523,60082,6.8,0.97460002
46015,Brule ,SouthDakota,3.4,25.7,32,31.1,23.1,22.6,24.8,33.2,23.5,20.5,0.249562937,0.684003497,0.270281124,0.702811245,40.53690954,0.189711226,49732,12.5,0.93831998
46017,Buffalo ,SouthDakota,3.3,6.8,6.5,10.6,3.9,8.6,9.4,3.3,11.4,15.1,0.604081633,0.348979592,0.641165756,0.333333333,29.9975442,0.078585462,25973,20.4,NA
46019,Butte ,SouthDakota,10.4,18.2,18.2,18.6,20.3,14.9,20.6,16.2,21.7,17.7,0.159963227,0.771546771,0.195543524,0.77696793,41.28937586,0.200352182,44388,9.4,0.93114001
46021,Campbell ,SouthDakota,22.1,28.4,55.9,47.1,21.9,21,28.8,43.2,25.1,16.2,0.126353791,0.847172082,0.134020619,0.855670103,49.11583152,0.283224401,45737,10.8,NA
46023,Charles Mix ,SouthDakota,4,24.7,28.7,34.5,24.1,17.8,17.5,16.8,15.5,15.3,0.272356539,0.693853772,0.311128734,0.674596881,38.35778539,0.183658171,47412,12.1,0.68909001
46025,Clark ,SouthDakota,8.9,18.7,34,14.5,19.5,12.1,18.6,11.9,15.7,14.6,0.24019312,0.687386844,0.236216216,0.742162162,40.41388072,0.211553891,48517,9,1.0449899
46027,Clay ,SouthDakota,15.9,40,49.1,45.8,39.8,26.8,48.4,61.7,45.4,32.6,0.514499901,0.416058394,0.541067041,0.431028431,34.08286447,0.122284738,46378,4.1,1.12011
46029,Codington ,SouthDakota,7,20.2,19.6,22.3,23,15.2,21.6,26.8,19.6,18.6,0.272002742,0.665352644,0.291543196,0.680647367,40.14893807,0.176655363,55580,8,1.03684
46031,Corson ,SouthDakota,2,17.2,10.4,16.2,20.2,18.9,17,16.7,18,21.3,0.455319149,0.500425532,0.484801247,0.504286828,32.99939976,0.113085234,34024,16.9,0.42884001
46033,Custer ,SouthDakota,3.4,30.5,23.4,38.5,28.5,31.6,25,24.7,26,24.4,0.237449693,0.697521712,0.277029487,0.701128504,49.41267477,0.30036672,58806,5.9,1.03025
46035,Davison ,SouthDakota,4,23.3,29.3,15.7,26.4,20.1,23.9,27,23.4,14.3,0.296151911,0.648516097,0.313224509,0.663946061,40.41864578,0.188175846,51724,8.3,0.95797002
46037,Day ,SouthDakota,12.4,22.4,23.2,27.2,20.4,22.1,20.6,32.7,21.5,16,0.35456862,0.59228249,0.354925776,0.630566802,44.46276113,0.25431426,48023,10.4,1.04679
46039,Deuel ,SouthDakota,11,23.7,37.5,25.2,22,18.7,23.6,35.3,21.4,16,0.274038462,0.656730769,0.259148936,0.722978723,42.29017754,0.218814849,55404,9.2,1.1843801
46041,Dewey ,SouthDakota,0.8,17.9,15,18.1,16.3,24.4,16,11.9,18.5,15.4,0.519906323,0.423302108,0.575279756,0.401831129,31.37957317,0.094681572,41942,14.4,0.43900999
46043,Douglas ,SouthDakota,6.3,20.6,24.9,40.5,17.7,13.7,16.9,33,15.6,13.6,0.133333333,0.83364486,0.126537786,0.859988284,42.92078365,0.24088586,55159,12.4,1.1218899
46045,Edmunds ,SouthDakota,2.8,28.1,42.7,24.5,23.5,28.6,25.5,38,24.2,15.2,0.198123045,0.74713243,0.210075567,0.774811083,42.59935484,0.215225806,58977,9.7,1.0732
46047,Fall River ,SouthDakota,2.4,19.9,7.8,31.5,17.7,23.3,21.5,28.7,16.9,22.3,0.2304238,0.704743194,0.260514597,0.712023751,47.6679491,0.290026635,46782,7.7,0.90066999
46049,Faulk ,SouthDakota,20.5,22.2,17.4,28.4,16.3,27.2,28.9,29.1,26.1,27.7,0.182468694,0.76744186,0.16751269,0.815566836,42.5472103,0.233476395,49068,7.2,1.2204
46051,Grant ,SouthDakota,5.8,24.4,40.5,32.9,23.4,14.4,17.4,29.7,15.2,12.7,0.272446689,0.668350168,0.281975968,0.699065421,42.66860221,0.208339163,59813,9.2,0.97103
46053,Gregory ,SouthDakota,1.1,19.1,18.8,26.7,19.8,15.4,20.5,23.4,21,15.3,0.18699187,0.765184122,0.201505757,0.784322409,43.85446344,0.254510921,40583,10.7,0.95346999
46055,Haakon ,SouthDakota,19.2,16.6,24.7,22.3,19.7,8.5,15.1,25.9,16.4,10.2,0.073754789,0.896551724,0.092348285,0.90237467,43.66006257,0.244004171,51801,9.6,1.03464
46057,Hamlin ,SouthDakota,2.7,21.9,15,26,23.9,20.3,20.3,18.6,17,22.2,0.200941347,0.742577842,0.209860525,0.769380474,36.79144166,0.15594829,65776,8.7,0.94291002
46059,Hand ,SouthDakota,20.5,25.3,25.1,37.1,29.5,17,23.3,20.5,23.4,20.8,0.183718372,0.765126513,0.203159041,0.780501089,44.67044758,0.253218884,52568,6.3,1.20684
46061,Hanson ,SouthDakota,7.5,21.1,22,28.4,20.9,15.3,20.1,21.8,24.3,13.2,0.211365902,0.746261216,0.233249581,0.750837521,37.03791469,0.154324645,63772,7.1,1.21354
46063,Harding ,SouthDakota,0,27.3,31,53.4,21.9,20.2,26.1,32.4,27.3,16.7,0.049350649,0.902597403,0.060270603,0.9200492,41.27902322,0.177742194,55017,7.5,NA
46065,Hughes ,SouthDakota,11.8,35.4,30,44.3,37.6,28.4,35.5,41.7,35,28.3,0.29969419,0.632905199,0.338530322,0.633039092,39.8101983,0.173201133,70093,7.7,0.94766003
46067,Hutchinson ,SouthDakota,8.1,25.8,42.5,21.2,30.4,15.2,25.5,38.3,23.7,18.5,0.20564636,0.747994056,0.202282984,0.781523759,41.95596206,0.229945799,54434,12.3,1.12265
46069,Hyde ,SouthDakota,2.3,20.3,13.1,17.9,25.4,18.2,22.5,40.6,25.3,15,0.18115942,0.786956522,0.191549296,0.794366197,45.21060842,0.252730109,52496,7.8,1.04081
46071,Jackson ,SouthDakota,0,15.6,13,18.9,18.1,11.6,20.5,17.2,23.5,19.7,0.294977169,0.659360731,0.321973094,0.661883408,34.42621712,0.133655881,34122,17.3,0.51108998
46073,Jerauld ,SouthDakota,8.8,16.8,39.9,9.5,18.5,12,20.8,49.7,18.1,6.8,0.273009307,0.670113754,0.268389662,0.716699801,44.26945668,0.269211943,47689,11.3,0.99953002
46075,Jones ,SouthDakota,33.3,33.9,24.7,34,32,42.4,24,5.4,21.3,28.9,0.123655914,0.806451613,0.150250417,0.831385643,44.26185345,0.232758621,49609,6,NA
46077,Kingsbury ,SouthDakota,8.9,23,29.6,22.8,25.4,17.4,22.7,22.8,26.1,16.9,0.275578205,0.658565269,0.294710327,0.685138539,43.09869892,0.231551128,54609,8.7,1.1634099
46079,Lake ,SouthDakota,10.1,34.5,35.9,34.2,37.3,31.1,32.9,31.8,33.8,32.9,0.340996169,0.59504863,0.352119871,0.626766559,42.89404151,0.219882056,60733,7.7,1.06596
46081,Lawrence ,SouthDakota,8.5,36.7,39.5,41,34.6,35.7,34.7,41.1,34.3,31.1,0.283398075,0.625823341,0.328102401,0.632991033,42.84380949,0.218212191,51774,6.4,1.0430599
46083,Lincoln ,SouthDakota,19,41.8,47.3,50.3,38.8,31.6,39.4,46.9,36.3,29.1,0.320082438,0.614284016,0.369829609,0.605537721,36.2494686,0.128692162,84889,5.2,1.15819
46085,Lyman ,SouthDakota,7.9,23.2,26.9,28.1,17.5,25.8,19.8,18.6,18.8,22.9,0.259676284,0.687543983,0.32874139,0.652473388,37.54710809,0.158335514,47429,9.9,0.56233001
46087,McCook ,SouthDakota,12.1,27.7,40.1,35,19.8,26.2,23.4,25.6,26.6,17.6,0.240819482,0.693467337,0.265172414,0.713103448,39.75748287,0.189866571,59913,12.3,1.13397
46089,McPherson ,SouthDakota,11.9,20.5,31.2,30.4,24.4,11.4,16.4,20.7,17.3,12.6,0.168865435,0.784520668,0.167673716,0.811933535,44.59389281,0.280847528,39850,16.5,1.16277
46091,Marshall ,SouthDakota,5.1,23.3,26.2,31.8,22.9,19,24,32.3,19.7,20.9,0.387262455,0.542372881,0.393939394,0.590909091,40.70031299,0.202073552,56862,7.8,0.89946002
46093,Meade ,SouthDakota,4.5,27.4,26.8,35.4,25.3,24.1,27.2,34,24.2,27.2,0.191291627,0.726357456,0.240307242,0.722384784,38.43588747,0.152541175,59524,5.5,1.00753
46095,Mellette ,SouthDakota,0,11.9,8,11.9,11.7,15,13.7,5.2,18.1,20.6,0.348462665,0.588579795,0.387516255,0.583875163,36.39324192,0.154750245,32780,18.9,NA
46097,Miner ,SouthDakota,0,16.5,13.2,32,11.4,18.6,20.2,27,13.1,23.4,0.264097744,0.663533835,0.281195079,0.691564148,42.8253502,0.209670131,50123,11.9,1.19283
46099,Minnehaha ,SouthDakota,15.4,34.2,39.7,37.5,31.4,29.5,31.9,35.3,29.1,26.2,0.391117131,0.537201487,0.438468037,0.533425037,36.85074867,0.130804247,60033,7.8,0.90403998
46101,Moody ,SouthDakota,15,27,24.8,34.6,23.5,28.6,21,21.1,19.9,17.4,0.355608592,0.590180702,0.367747973,0.608546475,40.17365861,0.187566499,57392,9.4,0.90495002
46103,Pennington ,SouthDakota,6.1,33.4,35.5,38.9,30.3,32.6,30.7,32.4,31.3,30,0.29478667,0.624259054,0.358253069,0.609600473,40.1857396,0.179783225,58738,6.2,0.83902001
46105,Perkins ,SouthDakota,7.8,20.2,26.8,28.1,17.4,17.1,20,20.5,23.2,18.1,0.117061021,0.830012453,0.143199521,0.839424805,44.97433265,0.251540041,55626,6.2,1.15097
46107,Potter ,SouthDakota,12.1,24.3,24.1,38.3,18.4,24.2,21.8,31.1,19.1,20.1,0.160807779,0.80104712,0.164492754,0.825362319,45.85070231,0.289080199,54722,8.6,1.23702
46109,Roberts ,SouthDakota,12.6,16.5,15.4,15.8,18,15.8,17.2,21.2,18,14.4,0.395988686,0.551298534,0.424425354,0.558161133,38.96836412,0.194601321,44709,11.5,0.65166998
46111,Sanborn ,SouthDakota,21.2,19.9,30.5,24.4,15.1,16.6,19.7,19.5,22,13.6,0.21460374,0.729296527,0.216877637,0.76371308,40.64738576,0.19637711,54874,8.4,1.01472
46115,Spink ,SouthDakota,9.6,25.1,31.1,26.3,28.1,18.2,22.2,33.3,20.3,16.3,0.311419858,0.628261606,0.315523237,0.665191274,42.16512702,0.207544265,50590,9,1.08323
46117,Stanley ,SouthDakota,2.6,26.9,23.6,24.3,21.6,36,31.3,41.8,27.3,34.4,0.209955329,0.732610083,0.254842615,0.728208232,41.42124421,0.204169424,69991,5.9,0.97946
46119,Sully ,SouthDakota,59,21.5,32.4,49.5,12,19.8,25.5,48.6,25.3,14,0.159117305,0.788617886,0.198924731,0.780645161,44.79525862,0.25,59457,4.7,NA
46121,Todd ,SouthDakota,0.9,14.7,9.5,16,15.9,19.7,15.8,15.7,17.7,17,0.708235294,0.229176471,0.773139031,0.209531312,28.58820383,0.07400564,31876,22.1,0.29469001
46123,Tripp ,SouthDakota,0.7,17.1,14.5,15.9,20.7,14.9,21.5,14.1,18.7,26,0.175665399,0.786692015,0.183605341,0.801557864,42.56206645,0.224351953,45710,9.4,0.86050999
46125,Turner ,SouthDakota,20,26.4,38.2,27,28.4,18.2,23.2,27.6,20.2,20.4,0.231566265,0.707710843,0.250439754,0.723394899,41.72839506,0.207264957,62792,6.6,1.14179
46127,Union ,SouthDakota,29.3,35.4,36.6,52.1,33.2,26,30.4,38.9,27.5,25.4,0.282005825,0.669874636,0.307735743,0.671259176,40.35069467,0.181317626,80698,8.2,1.1800801
46129,Walworth ,SouthDakota,15.1,27.7,48.9,19.2,28.4,21.7,23.2,27.8,23.7,17.8,0.184497376,0.765442067,0.218992248,0.762015504,42.54832647,0.234830857,48394,9.9,0.84601998
46135,Yankton ,SouthDakota,14.5,27.3,35.3,28.6,25.2,24.7,28.2,31.7,27.3,26.3,0.343032318,0.588070248,0.368440367,0.603761468,41.34319384,0.188508461,56535,9.1,0.93689001
46137,Ziebach ,SouthDakota,0,14.9,4.7,13.4,19.8,17.2,16.3,11.8,22,14.3,0.460234681,0.479791395,0.530905077,0.445916115,35.134938,0.09591539,32341,15.9,NA
47001,Anderson ,Tennessee,5.7,24.5,23,28.9,21.7,26.8,23.5,23,24.1,23.9,0.301629798,0.64295037,0.330081529,0.651785212,42.24444967,0.200779268,50672,13.2,0.75264001
47003,Bedford ,Tennessee,6.4,17.1,16.2,21.4,15.6,17,16.3,16.4,16.5,16.3,0.221100619,0.748029958,0.23328793,0.75199078,38.22464211,0.150842204,49860,19.2,0.62904
47005,Benton ,Tennessee,8,11.1,7.2,16.7,8.8,13.1,12.6,16.7,9.7,12.3,0.232932996,0.745259166,0.210606061,0.780716253,44.21187593,0.236344538,38940,19.1,0.63856
47007,Bledsoe ,Tennessee,9.8,10.3,2.5,12.3,9.5,16.1,12.9,15.1,14.3,13.5,0.192324185,0.776586621,0.168634943,0.82059743,43.56472382,0.184547611,40195,25.1,0.59378999
47009,Blount ,Tennessee,9.2,26,23.4,30.4,25.2,26.2,24,29.5,24,20.6,0.231765247,0.717188937,0.269212869,0.711150145,42.47004164,0.202323581,57939,10.9,0.77205002
47011,Bradley ,Tennessee,9.6,23.9,23.6,28.7,23.2,21.7,21.9,27,20.9,18.2,0.18284798,0.769875343,0.214782514,0.767556961,40.08050915,0.171231272,50427,15.7,0.68295002
47013,Campbell ,Tennessee,2.9,12.9,13,11.2,13.5,13.1,11.9,13.5,13.4,10,0.179380785,0.787583786,0.16346347,0.825755039,42.56202157,0.2074628,39443,24.5,0.58462
47015,Cannon ,Tennessee,14.2,17.5,20.6,16.3,15.9,18.4,13.8,15.5,14.7,12.2,0.212081295,0.754045916,0.192313558,0.791520512,41.34594109,0.18330798,51859,15.9,0.76207
47017,Carroll ,Tennessee,3.8,19.8,22.2,27.9,19.3,14.9,17.2,23.4,16.5,11.3,0.224094761,0.746918336,0.214951701,0.773204536,41.52783726,0.203390435,42025,17.9,0.69080001
47019,Carter ,Tennessee,9,21.1,27.1,22.8,19.9,18.6,16.8,15.5,16.9,14.8,0.163773478,0.801460823,0.184917524,0.799608035,43.90095118,0.219410481,39202,17.2,0.60005999
47021,Cheatham ,Tennessee,10.5,22.9,29.9,30.6,18.6,18.8,19.6,22.3,18.5,13.2,0.243531776,0.709432303,0.272161895,0.712635735,40.07622592,0.149682237,63241,15,0.84446001
47023,Chester ,Tennessee,5.1,16.4,14.5,23.5,18.6,9.9,16.4,24,14.9,8.6,0.19102505,0.780851391,0.186181435,0.784810127,39.29352859,0.17168326,47508,13.7,0.75444001
47025,Claiborne ,Tennessee,11.9,18.8,27.8,24.3,14.8,15.1,15.2,15.6,13.1,10.5,0.170577281,0.800931099,0.170104287,0.819157976,42.28334803,0.19945837,37987,19.6,0.60639
47027,Clay ,Tennessee,0,12.3,8.6,9.3,11.4,16,14.6,15.8,11.6,14.4,0.242123288,0.733219178,0.209640616,0.779520821,44.57982377,0.243229234,34238,19.4,0.66702998
47029,Cocke ,Tennessee,4.3,11.7,12.8,15.3,10.4,11.1,10.8,11.3,10.1,11.5,0.16336797,0.807438562,0.170469076,0.818493842,43.09847934,0.210655784,36192,21.4,0.53513002
47031,Coffee ,Tennessee,5.5,23.3,24.4,22.9,21.6,25.5,19.6,21.4,20.4,17.3,0.237494367,0.72189675,0.234947698,0.73647146,39.91059246,0.172710952,49494,13.7,0.69243002
47033,Crockett ,Tennessee,5.3,15.5,15.7,19,17.6,10.5,13,15.6,14.2,10.9,0.241430424,0.737817306,0.2260386,0.764311416,40.79075935,0.187883864,44431,18.9,0.67750001
47035,Cumberland ,Tennessee,3.2,18.1,17.9,10.2,16.5,21.8,18.3,12.6,15.6,23.3,0.197344461,0.77439302,0.208432727,0.779701973,47.42944883,0.306788665,46527,14,0.62562001
47037,Davidson ,Tennessee,22,46,56.1,48.3,40.8,36.5,40.3,41.2,34.9,31.9,0.597684167,0.339465527,0.644914712,0.32364092,37.19738098,0.122432272,60799,11.4,0.71960002
47039,Decatur ,Tennessee,11.2,15.6,21,15.5,19.1,9.3,12.8,12.3,14.5,9.2,0.194686411,0.781358885,0.172486167,0.806907079,43.94925679,0.234238852,42905,16.5,0.75637001
47041,DeKalb ,Tennessee,12.3,20.4,10.6,25.1,22.2,20.9,15.7,19.8,15.6,15,0.225593098,0.743493889,0.205567955,0.783742511,41.39139934,0.18368259,47420,20.1,0.63034999
47043,Dickson ,Tennessee,7,19.3,18.4,23.1,20.1,15.6,15.4,15.7,15.8,12.4,0.252526873,0.707684903,0.251038112,0.725362825,39.90560566,0.161939154,56166,16.9,0.74438
47045,Dyer ,Tennessee,5.6,21.6,15.6,25.6,23.3,20.5,16.9,20.3,14.7,15.4,0.211157768,0.763347331,0.209430334,0.780423105,39.92055198,0.175937835,44302,17.3,0.62905002
47047,Fayette ,Tennessee,8.3,25.7,27.8,28.4,26.2,22.5,21.7,23,22.2,19.3,0.302877179,0.673146334,0.305734424,0.682648799,43.87679907,0.213666774,59529,13.4,0.83490002
47049,Fentress ,Tennessee,2.4,16.3,13.6,18.9,15.5,17.4,13.6,12.9,13.2,15,0.150006818,0.823401064,0.139076641,0.85244587,43.10849756,0.219575122,36687,20.2,0.57985002
47051,Franklin ,Tennessee,2.9,21.8,19.4,23.8,19.6,25,20.7,20.8,21.2,21.2,0.266642282,0.702999268,0.254233745,0.731078821,41.71174505,0.20023872,50201,12.8,0.69016999
47053,Gibson ,Tennessee,6.3,18.5,21.5,25.1,18.1,12.3,17.8,23.9,18.9,9.8,0.268992684,0.705274467,0.258383703,0.7279606,40.19558569,0.180711591,42720,15.1,0.70519
47055,Giles ,Tennessee,6,18.9,23.6,16.3,20.4,15.8,15.1,17.6,16.6,10.9,0.261919727,0.715632576,0.249791714,0.741043702,42.03648781,0.200081348,48024,14.6,0.66206998
47057,Grainger ,Tennessee,6.2,14.1,15.5,15.9,13.8,12.9,10.6,6.8,10.2,10.8,0.144105894,0.827422577,0.144760213,0.84517466,42.90051847,0.204839058,41829,21,0.59908998
47059,Greene ,Tennessee,2.1,18,20.6,24.9,18.7,12.2,15.3,15.6,15.4,12.5,0.178772845,0.787092397,0.185103429,0.792501869,43.31534876,0.215930638,44366,16.4,0.59437001
47061,Grundy ,Tennessee,4.1,13.6,12.5,14,14.8,12.3,12.1,5.4,12.6,15.1,0.209741759,0.763384422,0.168744663,0.820153715,42.23175483,0.209500974,36317,24.3,0.60712999
47063,Hamblen ,Tennessee,5.9,18.8,16.2,21,21.3,15.5,16.1,17.5,16.5,14.6,0.196936014,0.766334815,0.223295847,0.763712395,40.62077003,0.184655175,44040,18.7,0.56844002
47065,Hamilton ,Tennessee,11.5,35.5,41.8,40.4,33.7,29.8,31.2,35.1,31,25.8,0.388433234,0.552869221,0.441357466,0.538287564,40.53294664,0.17576849,57196,10.8,0.75304002
47067,Hancock ,Tennessee,7.4,9.9,7.3,4.8,9.1,14.6,11.5,13,10.3,16.1,0.144329897,0.826086957,0.131924198,0.864431487,42.95350435,0.213162315,30691,23.7,0.51174003
47069,Hardeman ,Tennessee,1.2,10.5,6.3,14.2,8.4,14.2,11.4,11.1,11.2,13.5,0.451310256,0.53046479,0.415383087,0.572393918,41.07831086,0.180888184,37834,20.9,0.59661001
47071,Hardin ,Tennessee,2.8,15.8,15.6,16.7,18.7,12,13.9,15.6,14,12.1,0.16303146,0.805307066,0.153839487,0.828479806,43.62081006,0.231028864,37690,19.6,0.69696999
47073,Hawkins ,Tennessee,8.1,16.8,23.6,26.3,11.9,15,14,17.2,12.5,14.7,0.16881679,0.801386348,0.164477925,0.821986787,43.19892093,0.211286043,42188,16.3,0.59419
47075,Haywood ,Tennessee,2.2,12.2,13.1,12.5,10.7,13.5,12.6,14,13.2,14.4,0.543020193,0.440883816,0.539319801,0.449388359,41.47057975,0.190308624,39574,17.9,0.50795001
47077,Henderson ,Tennessee,4.4,13.8,18.8,13.6,14.6,9.9,13.8,13.4,15.2,9.5,0.17617696,0.796515611,0.174043261,0.815058236,40.91006213,0.184220921,43491,18.8,0.69380999
47079,Henry ,Tennessee,3.8,19,22.3,23.8,18.7,15.7,17.1,25.2,15.3,15.5,0.236616454,0.734492082,0.235794511,0.746926298,43.75301317,0.23258545,43159,14,0.6868
47081,Hickman ,Tennessee,7.9,12.4,12.3,11.8,14.6,9.6,11,14.5,11.4,7.5,0.233457059,0.72891335,0.216639544,0.770646867,41.02252324,0.175597494,44684,20.3,0.68589997
47083,Houston ,Tennessee,7.5,11.4,9.1,12.1,13.6,9.3,10.6,9.6,8.8,11.3,0.273358586,0.688762626,0.236299512,0.737384699,42.1078906,0.20525233,44688,23.2,0.71349001
47085,Humphreys ,Tennessee,6.6,16.9,20,12.8,16.8,17.6,13.3,22.3,11.8,10.8,0.274989515,0.689221306,0.244900437,0.743079165,42.14432544,0.200151466,48056,15.5,0.67760998
47087,Jackson ,Tennessee,4.1,13.9,21.1,10.9,13.4,12.7,9,5.4,10.9,7.9,0.252798925,0.724585759,0.213225625,0.773623896,44.65853036,0.224613029,37563,21.5,0.65932
47089,Jefferson ,Tennessee,5.8,21.1,24.2,21.6,21,19.2,16.4,18.7,17,15.9,0.183200503,0.774748322,0.197069783,0.789761179,42.57137303,0.200288825,49611,15.5,0.69108999
47091,Johnson ,Tennessee,0.5,14.9,7.5,8,17.4,19.5,11.3,11.4,13.6,9.7,0.150174799,0.822313421,0.159723112,0.829124471,44.67347283,0.228147148,35778,20.4,0.5571
47093,Knox ,Tennessee,15,39.2,43.4,43.5,38.2,33.5,36.7,42,35.5,30.5,0.347974787,0.585327925,0.414506973,0.56466385,39.15204851,0.158312361,55874,9,0.78470999
47095,Lake ,Tennessee,0.8,10.8,7.1,8.1,8.9,21,10.4,13.2,7.1,14.5,0.292893401,0.688832487,0.258603736,0.73352999,41.22486844,0.157333693,33709,26.5,0.52592999
47097,Lauderdale ,Tennessee,2.2,10.4,9.8,13,8.7,11.4,8.8,10,8.1,8.1,0.377890441,0.603932237,0.356162856,0.632905745,39.40377541,0.157870281,38849,23,0.56652999
47099,Lawrence ,Tennessee,6.7,15.6,14.7,20.4,14.9,14.3,12.5,11.6,12.1,10.3,0.180071492,0.792799694,0.170691313,0.819211454,39.79638268,0.178213747,43651,17.5,0.67153001
47101,Lewis ,Tennessee,5.4,9.3,9.9,5.1,11.3,8.8,11.5,21.7,9.2,11.3,0.192557334,0.775638252,0.191121412,0.797646639,42.41270892,0.209250372,40541,15.4,0.68299001
47103,Lincoln ,Tennessee,5.6,19.3,15,19.6,21.3,18.7,18.8,23.3,21.4,14.8,0.191339527,0.778993108,0.187019477,0.786840082,41.84841868,0.194331272,51249,16.9,0.66999
47105,Loudon ,Tennessee,7.3,28.4,26,21.2,26.5,33.8,26.3,22,24.8,33.2,0.210294558,0.752853662,0.236753331,0.739871196,45.23212199,0.264372149,58186,14.3,0.71500999
47107,McMinn ,Tennessee,2.5,17.4,18.4,18,17.1,16.9,15.8,18.5,14.8,12.9,0.187150093,0.783311117,0.19090352,0.796620557,41.90790091,0.196265365,46029,15.2,0.65197998
47109,McNairy ,Tennessee,6.9,11.5,15.3,13.2,11.9,7.7,12.7,12.4,14.6,8.8,0.184100418,0.7811317,0.17232816,0.806474501,42.194952,0.207881697,39859,19,0.74825001
47111,Macon ,Tennessee,0,9.9,12.6,12.4,6.3,11.6,10,12.7,9.7,9.5,0.142857143,0.834621535,0.137767471,0.853378307,38.83463837,0.157181125,42265,21.2,0.62804002
47113,Madison ,Tennessee,8.1,25.9,22.9,30.2,26.2,25,25.9,28.4,24.6,25,0.40524659,0.559679958,0.428172293,0.557462165,39.64051534,0.170226935,46651,11.7,0.61183
47115,Marion ,Tennessee,4.1,15.1,15.4,14.3,14,17.1,11.6,15.3,11.4,11.8,0.260725465,0.708525133,0.239665057,0.747661436,42.21286089,0.200769904,50819,18.9,0.63818997
47117,Marshall ,Tennessee,3.4,20.9,21,27,19.6,18.1,14.3,17,14.5,14,0.248974247,0.714447839,0.242304073,0.74223686,39.68849271,0.161208918,51868,15.2,0.72364998
47119,Maury ,Tennessee,7.9,25.9,29.6,28.6,25.5,21.1,21.8,27.1,18.7,17.3,0.283807854,0.672877378,0.309021154,0.674368262,39.43120628,0.159147763,57337,10.6,0.80249
47121,Meigs ,Tennessee,2.2,11.5,15.4,6.2,8.4,16.6,10.5,10.1,8.8,11,0.198148148,0.773611111,0.182212581,0.807483731,42.82057533,0.212254185,50565,15.5,0.58504999
47123,Monroe ,Tennessee,3.7,15.6,12.4,17.8,14.4,17.7,12.8,13.6,12.8,12.8,0.18639209,0.782425554,0.180987642,0.806991393,42.48231119,0.2117911,45566,21.1,0.60153002
47125,Montgomery ,Tennessee,6.9,30.4,27.6,32.8,32.1,28.6,27.2,29.2,26.4,22.5,0.37658799,0.561280805,0.423043852,0.549610464,33.68829813,0.09227968,56102,7.5,0.83792001
47127,Moore ,Tennessee,2.6,23.2,28.1,20.4,23.2,22.4,20.7,30.6,21.1,16.4,0.169514696,0.794600137,0.161910144,0.816049732,43.88433942,0.215099049,58234,14.4,0.84228998
47129,Morgan ,Tennessee,6.8,12.5,10.6,12,14.2,11.5,7.3,3.7,9.7,7.7,0.157196122,0.811483967,0.141832766,0.842245989,41.62716067,0.17776542,40397,18.7,0.64822
47131,Obion ,Tennessee,5.1,17.2,18.5,26.1,14.8,14.3,14.9,11.1,16.6,13.7,0.198056984,0.777696138,0.19147992,0.798017898,41.98970826,0.204149734,42532,16.6,0.6631
47133,Overton ,Tennessee,7.5,13.9,15,9.7,14.9,14.2,13.1,16.1,12.5,12,0.236359217,0.736298457,0.202550563,0.78888114,42.26798985,0.205773065,42149,20.4,0.70015001
47135,Perry ,Tennessee,0,10.7,3.9,13.4,14,8.8,11.5,14.1,12,9.8,0.20910683,0.759019264,0.179404901,0.809509918,42.01822917,0.211433532,41960,25.8,0.68383998
47137,Pickett ,Tennessee,7,18.2,32.5,25.2,14.6,15.2,8.7,12.4,7,10.2,0.204971319,0.772848948,0.179119754,0.812350734,46.70995671,0.27587564,40182,23.7,0.66235
47139,Polk ,Tennessee,2.2,13.3,6.7,15.8,14.9,13,11,7.7,12.9,10.8,0.19202454,0.781748466,0.1784689,0.812440191,43.354539,0.209728962,41968,19.7,0.64074999
47141,Putnam ,Tennessee,11,27.6,27.9,34.6,26.9,23.5,25.4,27.3,24.1,21.2,0.251763928,0.69829487,0.273420058,0.707260441,38.85294192,0.166584224,45512,14,0.74646997
47143,Rhea ,Tennessee,6.9,17.1,15.8,16.8,17.1,18.1,15.2,12.9,15.1,15.7,0.175555957,0.782860242,0.17371856,0.81029552,40.60056289,0.18608522,44132,21.7,0.59630001
47145,Roane ,Tennessee,7.1,21.9,20.1,17.3,25.2,20.5,19.5,18.6,21.8,19.7,0.223222115,0.732844155,0.233167419,0.741984026,44.53396688,0.22785096,54440,11.8,0.67638999
47147,Robertson ,Tennessee,4.9,21.1,26.7,21.6,21.2,15.4,18.6,20.5,18,13.5,0.244790322,0.715892745,0.257792805,0.727704126,39.16929533,0.148143976,66006,12.5,0.76104999
47149,Rutherford ,Tennessee,12.4,33.4,35.5,40.6,31.3,25.7,32,37.3,31,24.1,0.341654566,0.60049704,0.412439706,0.566313126,35.58710641,0.104546154,64170,8.8,0.82494003
47151,Scott ,Tennessee,3.7,10.2,13.1,11.5,8.8,9.6,9.4,5.9,8.8,9.5,0.131124526,0.848518882,0.108926204,0.884224481,39.60853487,0.168065702,35685,21.2,0.57778001
47153,Sequatchie ,Tennessee,2.8,18.6,17.7,25.2,15.6,19.7,14.6,17.3,13.7,14,0.184931507,0.7799438,0.178985108,0.807363486,42.62705028,0.203549341,49707,17.5,0.63419002
47155,Sevier ,Tennessee,6.2,20.1,21.8,26.2,17.6,19.2,17.1,18.6,16.5,17.8,0.173413748,0.788417052,0.20032158,0.775996325,42.1433825,0.197574878,47202,16.1,0.67552
47157,Shelby ,Tennessee,12.1,33.8,34.5,36.8,33.7,30.6,31.1,33.7,30.9,28.2,0.619450298,0.344842508,0.644161181,0.339780922,37.42524825,0.135823776,47924,11.8,0.52814001
47159,Smith ,Tennessee,5.5,16.9,25,15.6,15.5,14.2,12.4,19.4,8.7,10.6,0.227138246,0.738838085,0.199094023,0.788421169,40.40241701,0.169742253,50704,14.9,0.71149999
47161,Stewart ,Tennessee,20.8,16.8,12.9,25.9,15.8,15.3,14.9,19.1,13.7,15.5,0.230609549,0.729194188,0.195679797,0.786213469,42.65559325,0.203377332,46565,14.4,0.81932002
47163,Sullivan ,Tennessee,8.4,26.3,28.7,31.5,24.7,24.4,22.8,25,23.2,19.7,0.201965381,0.754343428,0.232284788,0.751240636,43.51812035,0.218998148,46024,13.4,0.67641002
47165,Sumner ,Tennessee,13.9,31.2,32.7,36.5,31.3,25.5,26.9,31.6,26.6,21.1,0.253982239,0.70105587,0.298823275,0.685026449,39.60027839,0.158504721,66171,10.1,0.82476002
47167,Tipton ,Tennessee,5.7,19.6,21.5,26.8,17.1,16.3,16.7,21.9,15.9,13.5,0.246369405,0.720156722,0.250366193,0.734949465,38.663833,0.144590052,60874,13.1,0.80690002
47169,Trousdale ,Tennessee,2.1,9.8,10.3,12.2,6.8,11.7,16.8,19.9,19.8,8.5,0.299367089,0.665506329,0.253126563,0.734367184,38.05530331,0.129495096,49280,19.8,0.67444003
47171,Unicoi ,Tennessee,8.8,17.2,17.6,27.3,12.8,17.7,14.8,17.4,11,16.3,0.175399583,0.78818624,0.194414349,0.794390273,44.501858,0.23213783,43688,15.4,0.62787998
47173,Union ,Tennessee,5.4,13.1,13.6,17.1,9.1,16.3,8.5,8.1,8.2,8.2,0.161997759,0.808868257,0.153760926,0.837498461,41.53316741,0.183004876,40322,23.8,0.60087001
47175,Van Buren ,Tennessee,8.2,10.2,14.8,16.6,5,11.6,8.5,7.2,6.7,11.3,0.222819347,0.752377015,0.18623759,0.801780212,44.31613183,0.236773634,38265,20.1,0.59694999
47177,Warren ,Tennessee,2.2,14,13.3,15.8,14.6,12.1,14,14,15.6,9.9,0.259697326,0.700852189,0.245112124,0.740208633,40.33453202,0.176867753,42475,20.9,0.60272002
47179,Washington ,Tennessee,15.4,33.4,40.9,39.5,32.3,25.8,32.4,35.6,30.6,25.6,0.261788945,0.688482412,0.309585901,0.671793764,40.89658806,0.183224863,49242,11.4,0.74717999
47181,Wayne ,Tennessee,6.6,12.2,9.7,17.6,12.7,9.3,11.2,11.5,9.4,12,0.12241762,0.859825849,0.122956965,0.868945869,42.92094456,0.194951081,38879,20.3,0.68234003
47183,Weakley ,Tennessee,5.7,20.1,24.6,21.6,21.3,15,21.5,28.5,19.9,15,0.22751149,0.739330269,0.219876229,0.756898435,40.17305102,0.186383361,42351,15.7,0.76284999
47185,White ,Tennessee,7.6,13.5,16.1,17.8,13.4,9.8,13.5,20.7,11.8,11.9,0.18778626,0.780763359,0.180159731,0.807566204,41.89111669,0.202678275,42603,17.8,0.62506998
47187,Williamson ,Tennessee,22.6,62,64.2,69.3,64.6,47.5,59,69.7,57.7,45.2,0.29182938,0.641868431,0.360828969,0.622007539,37.9974345,0.131532954,115930,4.4,1.1341701
47189,Wilson ,Tennessee,12,36.7,42.4,48.1,33.8,27.5,30.6,38.5,29.9,20.8,0.253551662,0.694574682,0.299394592,0.676658146,39.56741333,0.156906667,76507,8.8,0.85267001
48001,Anderson ,Texas,4.3,13.1,10,9,13,21.2,11.7,10,12.3,18.5,0.198444955,0.777581434,0.205700317,0.785874031,39.93536524,0.147975266,45969,19.9,0.68866998
48003,Andrews ,Texas,0.3,19.7,17.2,25.4,17.8,20,10.4,17,8.4,14.5,0.16912806,0.794456808,0.144976974,0.843083746,34.11931818,0.103596646,84946,25.4,0.84294999
48005,Angelina ,Texas,6.4,18.6,17.7,25.9,17.4,16.1,16.3,18.2,15.8,17.4,0.252014309,0.724415767,0.264447273,0.725284896,38.60618656,0.163252652,46653,18.9,0.69543999
48007,Aransas ,Texas,17.4,24.2,27.5,19.5,23.1,26.3,21.7,19,16.5,29.2,0.234493912,0.73630137,0.23726607,0.75174939,47.2190232,0.296276059,46912,15.1,0.80969
48009,Archer ,Texas,2.5,25.2,19.4,26.8,28.5,22.7,23.4,33,21.8,21.7,0.091991595,0.883959841,0.092994162,0.896580484,42.57910312,0.200091054,61190,9,0.87865001
48011,Armstrong ,Texas,5.1,25.9,45.7,27.5,20.9,23.1,23.2,35.4,17.9,24.8,0.068560235,0.904995103,0.067446043,0.930755396,43.26374207,0.239429175,57210,11.6,1.07024
48013,Atascosa ,Texas,2.8,14.5,11.6,21.9,14.1,11.2,13.3,15,12.1,12.2,0.340159438,0.630293279,0.324318357,0.664477315,37.20741403,0.146789903,50594,22.7,0.68539
48015,Austin ,Texas,9.2,24.1,21.7,24.5,22.1,28,23.5,32.8,20.4,22.4,0.189017435,0.785155613,0.202762127,0.78651917,40.81138084,0.190036347,59942,16.9,0.82190001
48017,Bailey ,Texas,2.4,15.3,9.2,10.6,12.4,34,17.7,26.1,24.1,3,0.22141662,0.749581707,0.219892473,0.770967742,35.89689768,0.145865946,45051,25.9,0.56537998
48019,Bandera ,Texas,2.4,27.3,17.5,29,22.6,34.8,23.8,22.9,22.4,28.2,0.168917596,0.798884322,0.197011404,0.790955564,47.27479846,0.269759902,53008,10.7,0.92465001
48021,Bastrop ,Texas,6.7,23,20.9,24.6,20.8,27.4,20.4,21.7,20.7,21.5,0.371441625,0.573838476,0.422037365,0.559552707,38.61467531,0.151892476,61883,19,0.66676003
48023,Baylor ,Texas,22.6,23.3,26.4,12.9,23.8,27.4,19.7,33.1,21.8,15.6,0.127418279,0.845230153,0.107520564,0.877790834,43.14209939,0.23813512,41180,11.5,0.84042001
48025,Bee ,Texas,12.5,11.5,9.9,7.3,12.2,18,10.2,6.7,10.5,17,0.405892752,0.559104302,0.349044586,0.637579618,37.13236874,0.12311658,41806,26.3,0.67040998
48027,Bell ,Texas,6.7,26.8,25.8,27.7,27.9,25.1,24.5,26.1,25,24.8,0.397930396,0.54738194,0.447607458,0.533016683,34.25945192,0.108493935,54292,9.4,0.77035999
48029,Bexar ,Texas,9.7,30.4,31.1,33,30,27.4,27.6,29.9,27.2,24.6,0.54193625,0.407589312,0.58178714,0.400377262,36.00153999,0.121155621,54210,16.2,0.71173
48031,Blanco ,Texas,17,30.6,21.4,37.8,28.4,35,27.1,32.8,24.6,31.4,0.21882146,0.740897098,0.25682032,0.731487703,45.63963425,0.242779012,64832,9.3,0.97692001
48035,Bosque ,Texas,4.5,19,15.3,15,16,25.3,18.5,18.1,17.6,22.2,0.163051799,0.808752233,0.171049748,0.818430857,43.98627682,0.246482264,48460,14.9,0.81014001
48037,Bowie ,Texas,10.3,22.3,18.3,21.1,23.2,24.8,19.9,19.9,19.9,21.2,0.255418762,0.720305185,0.280886542,0.70871122,39.17576651,0.165440397,47339,11.8,0.67631
48039,Brazoria ,Texas,7.9,31.4,29.9,37.5,30.4,27.4,29.7,35.6,27.7,23.2,0.356491529,0.600679975,0.401512414,0.583498942,36.54266613,0.117984873,74225,12.3,0.83867002
48041,Brazos ,Texas,13.5,43.2,47.2,46,39.2,40.7,40.8,41.8,38.1,38.9,0.344006189,0.576363988,0.415572354,0.558775467,32.83244693,0.091560165,50113,13.3,0.82018
48043,Brewster ,Texas,15.8,47.7,49.5,53.5,47.5,44,39.4,37.3,40.4,44.3,0.440498589,0.488476011,0.468270427,0.510369141,43.42154958,0.231358584,45670,14.7,0.98229998
48045,Briscoe ,Texas,10.9,15.7,29.3,10.1,15,15.5,22.7,18.8,21.9,28.3,0.123641304,0.849184783,0.107586207,0.88137931,44.96701847,0.261873351,44409,13.5,NA
48047,Brooks ,Texas,4.2,19.1,26.5,23.5,17.5,13.1,17.6,17.1,23.2,19.4,0.74614792,0.236132512,0.59178744,0.401771337,37.81416924,0.183159966,30116,29.9,0.47837001
48049,Brown ,Texas,4.6,19.9,14,21.3,20.7,21.3,19.3,20.6,18.9,18.5,0.115571082,0.856766006,0.13194314,0.857786962,41.3502004,0.199240586,47097,13.9,0.76362997
48051,Burleson ,Texas,22.2,22.5,19.7,30.1,18.5,24.6,17.1,21.1,16.4,16.3,0.214224138,0.763793103,0.207689627,0.783250087,42.21423133,0.204198162,53626,17.5,0.79666001
48053,Burnet ,Texas,9.7,28.1,19.7,22,30.1,32.7,25.1,23.5,23.7,29.9,0.197719225,0.762237034,0.228142574,0.759274993,42.90416895,0.223486601,56696,11.9,0.83811003
48055,Caldwell ,Texas,3.5,16.7,15.3,14.7,17.8,17.7,14.8,15,14.3,18.4,0.396543169,0.553341052,0.445602084,0.536365458,37.83828936,0.143593775,52588,21.2,0.68268001
48057,Calhoun ,Texas,11.4,16.2,15.3,22.5,13.6,16.6,15,15,14,17.1,0.304091888,0.665900933,0.273421589,0.718049898,39.6928482,0.179490747,52085,19.3,0.74904001
48059,Callahan ,Texas,3.3,22.9,11.7,31.6,21.9,24.9,19.1,24.6,18.3,19.9,0.101989604,0.872020075,0.107435597,0.879976581,42.20701729,0.205016436,50330,11.8,0.85600001
48061,Cameron ,Texas,4.6,19.5,21.9,21.5,19.8,14.9,17.3,18,18.3,14.4,0.645119951,0.320072981,0.561099725,0.429449787,35.21403229,0.135442124,38106,32.8,0.48561999
48063,Camp ,Texas,5.7,20.7,14.2,17.4,23.6,23,18.6,23,15.9,18.4,0.277410832,0.704755614,0.275494071,0.716600791,39.09825059,0.185222128,43714,15.5,0.69485003
48065,Carson ,Texas,9.3,25.2,25,32,22.4,24.6,30.4,39.5,29.1,27.1,0.084008097,0.883940621,0.095131326,0.890134529,41.14612823,0.195337219,64799,6.4,1.04585
48067,Cass ,Texas,4.9,17.2,13.8,24.9,15.6,17.2,16.4,18,15.8,18.1,0.193697343,0.787913156,0.200689309,0.792202197,42.5650752,0.221122879,44154,14.5,0.73061001
48069,Castro ,Texas,0.7,19.5,33.5,19.2,18.7,11.1,14.8,11.9,14.9,11.9,0.263395093,0.708062093,0.223715795,0.769083053,37.30952381,0.158121331,45689,26.2,0.62001997
48071,Chambers ,Texas,11.4,22.8,37.1,20.3,17.2,21.5,21.5,24.4,19.3,19.4,0.175622543,0.794650304,0.184601884,0.801450212,35.94561172,0.118010081,89513,12.7,0.85763001
48073,Cherokee ,Texas,5.2,16.2,11,16.3,15.5,20.6,16.9,18.3,16.1,21.3,0.206611078,0.769446099,0.215808899,0.77409268,38.93434363,0.175520992,43483,20.7,0.64780998
48075,Childress ,Texas,3.8,14.6,10.5,17.1,16.2,18.8,17.3,28.4,16.7,16.6,0.121401152,0.864683301,0.136024572,0.852566915,37.84494582,0.154025511,42291,16.1,0.78938001
48077,Clay ,Texas,5.9,23.2,26.8,18.8,23,24.3,18.6,16.4,19.6,18.1,0.106815464,0.872259864,0.10689415,0.882486072,44.32622418,0.227142311,58356,9.4,0.90792
48079,Cochran ,Texas,0,8.5,4.9,6.5,12.9,8,8.2,3.8,11.5,13,0.210876804,0.753607103,0.177,0.809,38.27926657,0.16325811,42873,32.3,0.65393001
48081,Coke ,Texas,8.3,19.5,2.3,20.5,23.7,21,17.1,23.5,12,13.6,0.098383696,0.888966971,0.100056211,0.891512085,44.64094955,0.272700297,44804,16.1,0.9702
48083,Coleman ,Texas,13,20.7,18.3,17.1,24,19.1,15.6,9.7,17.7,18.9,0.106505627,0.872083448,0.109359845,0.882880698,44.53703704,0.249612957,39484,18.2,0.72548997
48085,Collin ,Texas,16,54.3,53.1,60.9,55.6,43.3,51.7,57.3,52.7,41.9,0.389088565,0.556179946,0.470494402,0.514036703,36.73342977,0.110088485,96936,6.3,1.0616699
48087,Collingsworth ,Texas,0,25.2,13.6,33,26.1,21.7,18.4,19.3,16,21.6,0.125432526,0.850346021,0.1272578,0.860426929,39.44463201,0.188723835,39536,23.9,0.75351
48089,Colorado ,Texas,3.6,22.2,24.7,25.2,21.3,20.7,18.6,18.6,15.9,19,0.233407729,0.742981323,0.242606516,0.749072682,42.24077391,0.221426215,48258,18.5,0.73430002
48091,Comal ,Texas,12.7,40.5,39.7,45.7,40.9,36.9,35.3,35,35.5,36.3,0.228987745,0.725915919,0.279282725,0.705800297,40.94095624,0.180821308,76523,7.6,0.99019003
48093,Comanche ,Texas,9.3,18.9,15.4,16.5,18.3,22.1,19.8,18.2,17.9,23.6,0.150658774,0.827382089,0.140157739,0.850640815,43.31941776,0.243017585,52251,16.2,0.74312001
48095,Concho ,Texas,0,11.6,0.8,9.4,15.8,12.8,11.9,5.3,17,15,0.138576779,0.828651685,0.155362776,0.834384858,43.29045837,0.176800748,40987,37.9,NA
48097,Cooke ,Texas,3.5,23.3,17.7,22.9,25.2,24.4,20.5,24.9,20.9,23.3,0.147414604,0.826136008,0.168982944,0.821014951,40.27147927,0.185340366,52047,13.8,0.80071998
48099,Coryell ,Texas,2.9,17.3,16.5,17.5,18.5,16.3,15.7,16.6,15.1,16.4,0.277433846,0.669752917,0.322010812,0.657131912,34.9477997,0.102515774,48099,11.9,0.83302999
48101,Cottle ,Texas,3.1,18.3,0,21.3,33.2,15.3,15.3,13.9,19.3,17.4,0.150326797,0.826797386,0.170694864,0.81570997,43.80309575,0.243340533,38304,21.5,NA
48103,Crane ,Texas,2,15.7,23.2,14.2,16.8,9.7,12.4,24.4,11.6,8.3,0.216040462,0.757947977,0.160345975,0.829673985,35.57467668,0.119315811,61987,23.1,0.77411997
48105,Crockett ,Texas,0,15.6,13,62.1,5,20.2,14.1,12.1,9.1,27.3,0.266666667,0.702508961,0.218551461,0.775095299,40.03929694,0.177193484,49117,21.2,0.75739002
48107,Crosby ,Texas,7.2,14,11.9,13.1,16.8,12.9,12.8,9.2,17.9,13.8,0.270833333,0.683449074,0.26984127,0.714797747,39.41555632,0.187056584,37911,23.8,0.72017002
48109,Culberson ,Texas,0,10.5,10.9,16.6,15.4,0,9,26,11.6,4.2,0.591916558,0.36505867,0.506944444,0.480324074,41.77404719,0.2146098,42164,32.7,0.77182001
48111,Dallam ,Texas,2.6,14.3,24.4,12.3,10.5,10.7,13.6,7.1,10.6,11.7,0.143782383,0.816709845,0.122436296,0.863269111,34.33194444,0.114444444,50587,30.8,0.64752001
48113,Dallas ,Texas,13.7,33.9,39.5,34.6,30.4,32,30.7,30.1,28.9,30.3,0.607505142,0.346448424,0.650977048,0.333958308,35.49863483,0.107345896,59838,21.3,0.63424999
48115,Dawson ,Texas,3.8,13.5,14.3,14.4,9,18.5,12.5,13,12.8,11.9,0.234353073,0.739825989,0.213248878,0.778833465,37.01779063,0.149298677,43726,27.3,0.63875997
48117,Deaf Smith ,Texas,1.9,11.8,10.5,11.4,11.8,13.6,12.2,12.1,9.7,16.9,0.281072106,0.690464896,0.274186551,0.714533623,34.73294243,0.126705757,44230,27,0.57874
48119,Delta ,Texas,10.7,21.5,14.1,33.9,22.7,18.4,21.3,37.5,18.6,20,0.175361683,0.804910127,0.155478395,0.834104938,41.65498224,0.208263227,44410,14.4,0.83983999
48121,Denton ,Texas,15.4,47.9,48.8,52.6,47.9,39.9,44.5,49.3,44.1,36.5,0.371310419,0.571256843,0.451462327,0.532294647,36.30031057,0.101754933,88384,7.5,0.98328
48123,DeWitt ,Texas,3.7,14.1,13.8,10.7,16.2,13.6,12.8,9.4,15.4,11.3,0.169929866,0.806399766,0.184035477,0.808943089,41.63013325,0.19928667,49208,19,0.77981001
48125,Dickens ,Texas,0,20.2,7.9,14.3,17.3,32.4,16.7,11.1,21,17.3,0.140814081,0.830583058,0.131578947,0.863360324,42.98243664,0.228101378,39627,18.5,NA
48127,Dimmit ,Texas,3,14.6,20.4,18.2,12.4,10.2,14.1,4.9,16,16.3,0.67379845,0.302015504,0.61756683,0.377523186,37.22400078,0.167733799,37177,32.7,0.57446003
48129,Donley ,Texas,5.9,13.5,12.8,11.6,13.6,14.5,19.8,14,21.2,23.2,0.130375427,0.836177474,0.120145631,0.872572816,42.63257005,0.239831274,40945,11.8,0.91601002
48131,Duval ,Texas,0,7.8,5.7,5.5,9,9.9,9.3,12.6,6.3,12,0.667706334,0.315738964,0.509598258,0.483475163,38.76204067,0.179361399,35156,32.9,0.59026998
48133,Eastland ,Texas,6.5,22.9,34.5,12.1,22.2,23.6,13.3,12.3,14.4,15,0.111446216,0.863277323,0.118533703,0.872663692,42.15205764,0.218480515,44773,16.4,0.78671002
48135,Ector ,Texas,5.6,16.6,17.6,21,14.2,13.7,15.6,17.6,15.2,13.8,0.28056392,0.684916507,0.254916911,0.73326456,33.26688214,0.097209543,60431,23.9,0.78214997
48137,Edwards ,Texas,0,19,0,11.3,27,17.8,20.8,23.9,24.2,21.3,0.282385834,0.695246971,0.157598499,0.837711069,44.70954357,0.290975104,37812,24.3,0.69123
48139,Ellis ,Texas,7.9,27.9,27.6,33.5,26.1,25.6,23.1,26,23.4,21.8,0.25525733,0.70580937,0.322424058,0.66341104,36.98332553,0.128073519,76792,14.3,0.82852
48141,El Paso ,Texas,8.3,25,26.2,32.8,24.5,16.8,22.8,29.3,22.4,14.2,0.690829315,0.259392172,0.667816398,0.316167346,35.49441694,0.122617923,43948,22.5,0.64658999
48143,Erath ,Texas,8.5,32.4,33.7,38,34.7,23.4,29.7,33.9,32.8,22.5,0.15547398,0.806881163,0.172994779,0.81181775,36.43087688,0.141709466,47087,13.9,0.86059999
48145,Falls ,Texas,1.5,13.5,10.1,21.6,12.8,10.7,12.9,15.8,8.8,17.4,0.320884146,0.655678354,0.309636393,0.681069623,40.75151428,0.181540237,37428,23,0.56549001
48147,Fannin ,Texas,5.3,20.6,14.3,21.9,20.2,24.4,16.7,14.5,18.3,17.9,0.177017602,0.79275988,0.176917439,0.811021523,41.107238,0.18511591,53111,15,0.83718997
48149,Fayette ,Texas,6.9,24.1,18.4,27,19.3,29.9,18.1,20.8,18.4,16.7,0.191873993,0.782441382,0.205625531,0.785951627,44.86754902,0.253698371,55776,15.8,0.8592
48151,Fisher ,Texas,4.9,19.9,20.9,20,20.2,19,18.2,16,14.7,17.9,0.233082707,0.731636784,0.192771084,0.792990142,43.98476166,0.245636885,45261,14.1,0.86805999
48153,Floyd ,Texas,5.6,16,25.2,4.6,17.6,15.1,15.9,8.3,17,16.5,0.222052067,0.752424706,0.214811182,0.776851398,39.11298612,0.187082405,39891,26.5,0.69265002
48155,Foard ,Texas,0,16,17.3,1.4,26.1,11.3,16.2,12.7,22.3,12.1,0.220272904,0.746588694,0.179673321,0.807622505,45.49583333,0.263333333,37648,22.5,NA
48157,Fort Bend ,Texas,14.7,48.6,44.7,58.9,48.5,39.3,46.1,53.4,45.5,37.3,0.513939237,0.447562828,0.546977181,0.441151955,36.28993423,0.110588456,92310,9.8,0.85812998
48159,Franklin ,Texas,12,30.7,31.6,40.7,25.4,31.1,23.6,18.7,19.5,27,0.151826484,0.818493151,0.16051108,0.830704731,42.22088055,0.21846554,48222,11.3,0.80655003
48161,Freestone ,Texas,6.1,17.4,15.1,20,19.4,14.5,13,13.3,15.6,11.4,0.191436752,0.784226965,0.187693721,0.802548502,41.50318053,0.198808562,49317,17.8,0.76169997
48163,Frio ,Texas,0.9,8.5,4.8,7.1,12.4,9.9,7.2,9.7,8.4,4.7,0.555454545,0.421818182,0.458799015,0.534760371,35.49126968,0.122880501,41038,33.4,0.56471002
48165,Gaines ,Texas,3.6,10.4,11.9,7.7,10.5,12.5,12.4,7.3,10.9,17.1,0.129220779,0.845670996,0.096064043,0.893095397,31.76175781,0.088656045,56321,38.8,0.82081997
48167,Galveston ,Texas,10.3,33.8,36.7,35.5,33.7,29.9,30,33.1,30.4,27,0.355223225,0.600123675,0.379478911,0.605642977,38.52210779,0.14384859,71959,11.8,0.83270001
48169,Garza ,Texas,11.3,13.3,17,2.1,16.3,14.6,13.9,5.6,18.1,24.6,0.154986523,0.825471698,0.139745917,0.854809437,37.3791426,0.110823959,46490,38.6,0.75414002
48171,Gillespie ,Texas,9.7,35.2,36.4,25.7,34.7,39,33.8,25,35.3,37.3,0.17314969,0.790525201,0.200378549,0.789526814,46.41564692,0.297231756,61433,10.6,0.84829998
48173,Glasscock ,Texas,0,37.8,34.1,55.8,34.1,25,23.2,40.6,18.8,10.4,0.056291391,0.915562914,0.059724349,0.93568147,37.9574928,0.152017291,83330,28.9,NA
48175,Goliad ,Texas,2.8,17.8,3.7,28.5,17.6,22.1,17.6,25.3,16.3,19.3,0.262405609,0.706580367,0.219524406,0.772215269,43.46255274,0.229166667,55008,12.4,0.88993001
48177,Gonzales ,Texas,4.2,13.1,7.6,13.8,13.7,15.6,12.3,13.8,12.1,13.9,0.248026524,0.724186928,0.254707113,0.735747908,38.48650725,0.167242869,49829,24.1,0.63777
48179,Gray ,Texas,7,16,13.2,21.1,12.3,20,13.3,14.9,12.6,15.1,0.094665766,0.87778528,0.106527885,0.878951426,38.58769125,0.162183147,49121,19.9,0.74809998
48181,Grayson ,Texas,5.2,22.8,19.4,21.5,23.9,24.4,20.5,18.9,20.6,21.5,0.217247343,0.745001687,0.2439049,0.742559774,39.94270138,0.176258107,51403,11.4,0.82727998
48183,Gregg ,Texas,4.7,22.4,20.3,23.2,22,24.3,20.8,17.3,22.7,23.2,0.279695322,0.688974586,0.308365637,0.677191447,37.83074119,0.15371806,50610,16.2,0.71904999
48185,Grimes ,Texas,5.8,19.4,13.7,21.4,18.7,22.5,14.6,12.7,13,22.7,0.230147907,0.741109829,0.228210085,0.759787337,40.46473907,0.173801128,49498,20.4,0.82354999
48187,Guadalupe ,Texas,9.4,29.5,28.7,32.6,29.4,27.3,27.5,30.2,29.7,21.9,0.318062329,0.63353049,0.37110759,0.612646388,37.78599093,0.138129681,73864,11.4,0.85474002
48189,Hale ,Texas,7.1,14.8,12.5,19.4,12.9,15.9,16.5,18.7,15.9,15.1,0.237186724,0.718672387,0.237742541,0.748696015,36.18474727,0.134348212,42782,23.8,0.61313999
48191,Hall ,Texas,0,18.2,11.3,12.7,16.3,25.9,14.3,3,20,17.6,0.150320807,0.818515124,0.143712575,0.851154833,42.78401585,0.231505945,32597,24.1,NA
48193,Hamilton ,Texas,4.3,25.1,21.9,25.4,27,24.3,21.7,23.7,21.3,22.5,0.132320442,0.845303867,0.147322455,0.831073316,43.76237624,0.24893918,49210,18.5,0.85563999
48195,Hansford ,Texas,9.5,29.6,50.1,30.7,24,19.1,14.3,13.5,17.6,11.7,0.087827427,0.888546482,0.081094284,0.903273083,36.88861431,0.147721032,57240,31.2,0.76011997
48197,Hardeman ,Texas,0,17.4,10.7,28,7.2,27.1,14.5,18.2,12.8,17.1,0.164573695,0.797752809,0.152531646,0.841772152,42.98444671,0.224885263,42469,21,0.80598998
48199,Hardin ,Texas,5.7,18.5,20.7,24.4,17.8,13.3,15.3,21.1,14.3,13.5,0.122036874,0.860667252,0.12571015,0.863325493,39.49416155,0.166553044,60909,12.1,0.91417003
48201,Harris ,Texas,10.8,33.2,36.2,35.5,30.4,31.5,31,31.7,29.5,29.9,0.539522541,0.416088718,0.559594666,0.427000435,35.31983387,0.105193462,60241,19.1,0.67668003
48203,Harrison ,Texas,7,22.2,21.6,29.9,19.5,20.6,19.1,16.7,19.6,17.8,0.269361157,0.706230224,0.266110307,0.722347478,39.1543776,0.169004586,50131,15.1,0.67927003
48207,Haskell ,Texas,6.6,20.2,8.7,28.2,22.7,18.5,13.4,15.3,15.7,13.5,0.17740113,0.792655367,0.159439928,0.831074977,42.78728712,0.219680028,40880,27.8,0.78201997
48209,Hays ,Texas,11.1,40.4,34.5,46.5,39.3,41.6,37.4,40.9,35.1,39.7,0.460395765,0.468737875,0.544119932,0.43585173,35.19405429,0.109885865,68180,10.5,0.85219002
48211,Hemphill ,Texas,7.2,23.3,27.2,10.6,29.6,22,21,19.5,13.7,32.4,0.106784661,0.862536873,0.119767442,0.863953488,36.68039216,0.144575163,66849,20.5,0.8549
48213,Henderson ,Texas,8.1,19.1,12.8,21.1,18.4,21.9,18.2,17.3,18.4,20.2,0.188683641,0.787152604,0.194399317,0.796073464,42.67624759,0.219711054,43337,16.5,0.75220001
48215,Hidalgo ,Texas,5.9,20.1,23,22.4,19.5,15.1,18.4,19.1,19.6,12.9,0.68502684,0.280459187,0.580390612,0.409839554,33.13248104,0.110891183,38785,35.5,0.52191001
48217,Hill ,Texas,3.9,17.5,15.6,21,16.5,17.9,17.1,15.3,16.5,19.9,0.196376253,0.779336931,0.191547786,0.798740875,41.40576003,0.207459977,48670,17.6,0.74773002
48219,Hockley ,Texas,1.6,17.2,19.5,16.2,17.4,15.8,14,20.7,13.5,11.9,0.172343045,0.794556148,0.182962963,0.80691358,37.05852916,0.146736292,46764,24,0.73356003
48221,Hood ,Texas,11.3,31.7,24.1,33.7,30.5,35,26.1,17.3,27.2,28.6,0.152615947,0.814180184,0.173565656,0.814234351,43.93804615,0.245634901,60917,10.6,0.90656
48223,Hopkins ,Texas,8.5,21.6,23.1,26.3,20.7,19,18.3,18.6,18.4,18.7,0.185404048,0.790884917,0.191079606,0.797879681,39.94349362,0.182559087,52079,16.3,0.79097003
48225,Houston ,Texas,7.1,14.8,14.2,8.7,15.3,18.1,14.1,10,13.9,18.2,0.236801149,0.742846881,0.245179063,0.748039839,43.3241616,0.220078553,39533,19.7,0.65561998
48227,Howard ,Texas,6.1,13.8,9.7,18.6,12.4,15.9,12.3,10.1,13.4,14.3,0.202911842,0.760862089,0.202031052,0.786446636,38.26565457,0.128719932,50423,20.8,0.76109999
48229,Hudspeth ,Texas,0,10.3,14,4.3,6.1,17.4,6.9,16.4,8.8,4.4,0.371986223,0.57749713,0.318454936,0.668669528,37.79614181,0.153701773,42671,46.1,NA
48231,Hunt ,Texas,9.2,21.3,21.4,23.4,21.2,20,19.3,20.2,18.7,20,0.202700133,0.757748621,0.230743322,0.755576858,38.91699398,0.158374183,53360,15,0.82055002
48233,Hutchinson ,Texas,6.8,15.6,16.1,19.4,16.1,11.8,13.8,12.1,14.4,11.9,0.10472103,0.863519313,0.10999658,0.875527186,38.88763091,0.165440136,54351,14.5,0.80466998
48235,Irion ,Texas,0,18.4,18.8,22.1,8.6,29.4,16.9,20.7,18.2,20.1,0.117493473,0.861618799,0.134983127,0.853768279,42.60183968,0.214848883,56775,7.2,NA
48237,Jack ,Texas,3,15.5,10.2,14.5,21,12.7,12.6,14.2,11.6,12.2,0.093731343,0.887462687,0.087519831,0.903754627,39.85440461,0.171208866,48780,19.9,0.82705998
48239,Jackson ,Texas,3.4,13,11.7,13,14.8,11.5,16.1,24.2,13.4,14.3,0.170501697,0.804602037,0.162600346,0.823390524,39.57240823,0.180516337,54088,16.8,0.83033001
48241,Jasper ,Texas,2.7,12.2,8.1,14.4,12,13.5,12.4,11.6,11.7,14.6,0.193009911,0.790595424,0.189225546,0.803407853,40.88857605,0.195723684,47551,15.4,0.81098002
48243,Jeff Davis ,Texas,0,27.8,25,34.2,28.4,26.5,35.1,25.2,33,45,0.354324097,0.583543241,0.383908046,0.600766284,53.65674956,0.348579041,51343,14.9,NA
48245,Jefferson ,Texas,6.6,19.9,22.7,19.8,17.7,21,19.6,19.1,18.3,21,0.484409596,0.489191719,0.486212391,0.502010363,38.02380187,0.144348454,48121,16,0.67346001
48247,Jim Hogg ,Texas,2.9,12.8,6.5,7.7,16.6,19.1,12.3,9.7,18.1,7.5,0.771590373,0.202925908,0.587917485,0.40913556,37.03125,0.175876524,36176,25.8,0.57916999
48249,Jim Wells ,Texas,2.2,15.3,16.8,21.8,12.1,13.1,12.7,12.6,13.3,11.3,0.540754504,0.437838274,0.447655278,0.545248372,37.06347068,0.153495664,41919,25.4,0.64227998
48251,Johnson ,Texas,8.2,21.4,23,22.2,21.2,19.4,18.3,20.9,17.2,19.6,0.19074402,0.770440579,0.228603166,0.758511525,37.70984938,0.141333209,62635,15.2,0.86857998
48253,Jones ,Texas,1.1,11.2,11.3,6.8,11.6,14.8,11.5,9.9,13.2,13.2,0.15704698,0.808557047,0.148197597,0.839638036,40.33973356,0.155977191,43903,21.6,0.79263997
48255,Karnes ,Texas,9.7,16.3,15.3,14.2,15.6,20.7,14.4,10.4,16.3,18,0.272748928,0.706288709,0.234958111,0.755521706,37.88626198,0.140894569,48743,23.8,0.72005999
48257,Kaufman ,Texas,10.7,23.8,27.9,27.8,21.2,18.8,20.7,25.6,18.5,18.8,0.249073064,0.716999879,0.324500159,0.663352022,36.28189579,0.119474118,67434,13.8,0.78201997
48259,Kendall ,Texas,10.8,48.5,39.1,47.4,50.9,50.5,40.9,41.2,43.2,39.7,0.181063618,0.780318091,0.227582035,0.759224255,41.46649942,0.190683815,90937,6.9,1.02351
48265,Kerr ,Texas,3.1,29.8,22.1,30.1,29.7,32.6,25.6,19.9,22.8,31.9,0.200927158,0.760913422,0.235141467,0.752531988,45.33150463,0.27699647,53704,11.5,0.79914999
48267,Kimble ,Texas,5.5,27.9,37.8,19.2,22.4,33.1,22.1,15,16.4,25.5,0.105532787,0.869364754,0.12390925,0.866928447,47.30284273,0.293443375,42503,15.7,0.80001998
48271,Kinney ,Texas,0,13.3,0.9,0,29,8.2,9.6,9.7,14.8,10,0.32027972,0.654545455,0.278228322,0.713661884,43.49946907,0.239978763,43192,26.6,NA
48273,Kleberg ,Texas,12.2,23,31.8,23.7,20.6,16.4,24.8,22.2,26.9,19.9,0.495794786,0.459104289,0.485562865,0.502923977,34.46697613,0.12942915,42605,20.8,0.73377001
48275,Knox ,Texas,8.3,14.2,14.7,12.8,9.5,21.4,19.6,15,19.2,23,0.180687637,0.788588149,0.182005495,0.81043956,40.06364632,0.198740761,39726,19.5,0.77196997
48277,Lamar ,Texas,9.6,20.9,21.9,23.8,17.6,22.9,17.6,18.6,17.6,19.4,0.192520552,0.782386761,0.20790971,0.781643503,40.45457288,0.191984395,45767,15.4,0.71825999
48279,Lamb ,Texas,0.2,12.9,10.8,10.4,17.1,10.2,15.9,15.1,16.4,12.6,0.192991239,0.778723404,0.19047619,0.798412698,38.20451436,0.168414653,42700,25.9,0.65913999
48281,Lampasas ,Texas,0.7,20.2,15.1,19.4,19.9,23.4,20,12.6,22,23.7,0.180743449,0.778184034,0.206173671,0.777574767,41.99267511,0.196193886,55151,9.4,0.85227001
48283,La Salle ,Texas,0,5.4,6.1,4.1,9.5,1.9,13.1,3.6,13.8,18.3,0.548324429,0.423506557,0.437240233,0.554862843,36.3587173,0.137166379,40072,31.7,0.58717
48285,Lavaca ,Texas,10.8,19.6,22.5,18.6,23.1,15.2,16.7,19.9,16.9,13.8,0.135088327,0.848285417,0.130724723,0.863391193,42.53257086,0.232869219,51128,14.7,0.81727999
48287,Lee ,Texas,3.6,16.6,26.6,21.2,12,14.5,15.9,22.9,13.2,15.5,0.209946442,0.764651875,0.216396686,0.773463584,41.49615026,0.18490434,55834,16.1,0.82529998
48289,Leon ,Texas,0.7,15,11.3,21.9,13.1,15.3,16.4,12.4,15.4,21.2,0.122193843,0.85912085,0.123587733,0.867304588,43.52142444,0.244701795,47065,17.6,0.79465997
48291,Liberty ,Texas,4.8,10.6,11.9,10,9.7,11.3,9.5,10.3,8.6,10.7,0.200354391,0.77850579,0.197211427,0.79436831,36.6863698,0.128030768,52577,22.6,0.70385998
48293,Limestone ,Texas,1.6,16.9,8.3,20.9,14,23.4,14,10.2,14.2,19.9,0.229745445,0.748933971,0.243320506,0.746454096,40.91000893,0.19477869,43226,18.9,0.65666002
48295,Lipscomb ,Texas,5.4,24.7,26.2,14.6,23.5,32.9,19.5,24.1,18.7,20.4,0.101351351,0.87012012,0.096821877,0.890613452,39.77421759,0.181222057,57332,17.8,0.80715001
48297,Live Oak ,Texas,0,13.6,11.5,6.2,15.4,16.5,13.2,13.7,11.9,14.6,0.172477917,0.805206881,0.162049861,0.830827068,42.18313332,0.205901693,48814,20.8,0.80335999
48299,Llano ,Texas,9,31.8,16.1,20.6,28.5,39.8,25.7,19.2,24.9,32.1,0.174691299,0.794390734,0.194707741,0.796129542,50.69227571,0.361175275,54019,14,0.80267
48303,Lubbock ,Texas,12.8,32.6,33.2,35.3,31.2,31.6,29.1,31.9,27.1,27,0.283023441,0.663054346,0.331219944,0.65273099,35.36626742,0.124263204,50377,14.2,0.76855999
48305,Lynn ,Texas,11.5,24.6,30.2,41.1,16.9,16.4,18.2,24.2,17.2,17.8,0.200597312,0.769537083,0.186655037,0.808111644,38.81189382,0.168453292,43436,23.9,0.85031998
48307,McCulloch ,Texas,0,18.6,16.9,30.6,13.6,19.4,19,19,15.2,26.8,0.155333548,0.822429907,0.142607683,0.845168801,42.47057719,0.222611744,42719,19.9,0.69806999
48309,McLennan ,Texas,10.2,26.9,29.1,28.1,25.4,26.4,23.7,24.7,23.1,23.7,0.342244704,0.610306671,0.374856956,0.608376247,36.65732875,0.143809872,48858,15.7,0.68001002
48311,McMullen ,Texas,0,15.7,11.4,18.3,9.7,23.4,23.3,45.6,15.8,22.6,0.080160321,0.909819639,0.102713178,0.891472868,44.74966622,0.240320427,64633,9.7,NA
48313,Madison ,Texas,0.7,14,14.4,14.4,12.5,15.4,13.6,7.9,18.8,17.4,0.205409186,0.781301003,0.205360513,0.786900717,38.15975593,0.156080987,45445,20,0.69716001
48315,Marion ,Texas,2.5,16.3,16.5,16.5,15.1,17.4,14.9,21.7,14.9,15.9,0.274893818,0.70386975,0.275287829,0.713404605,46.30338437,0.26369863,38011,16.5,0.76415002
48317,Martin ,Texas,13.3,16.9,30.1,10.8,15.6,17.3,20.4,34.3,10.5,17.4,0.150964813,0.825766175,0.133333333,0.859722222,34.77620372,0.112636885,56484,22.9,0.87796998
48319,Mason ,Texas,7.8,38,35.9,65.4,38.2,29.4,20,7.2,15.5,30,0.172095284,0.805055907,0.184721099,0.804769604,45.58878505,0.285046729,49560,11.8,0.88789999
48321,Matagorda ,Texas,2.4,20.9,24.6,22.3,16.9,22.5,16.7,13.2,14.6,19.5,0.286979337,0.685962611,0.2719458,0.717199679,39.05805428,0.170195885,48830,21.7,0.71632999
48323,Maverick ,Texas,3.3,15.8,21.1,17.5,16.3,7.4,12.5,15.2,11.2,6.3,0.765160436,0.207241684,0.542942786,0.44839046,33.72227922,0.118252543,35594,40.3,0.68305999
48325,Medina ,Texas,8.8,22.2,16.3,22.9,25.7,20.4,19.8,23.5,19.7,17.2,0.268699988,0.700742201,0.298936311,0.690382663,39.63084975,0.166709216,59304,17,0.78584999
48327,Menard ,Texas,0,23.9,39.8,38.7,19.2,21.4,17.8,8.5,16.5,27.8,0.178240741,0.789351852,0.191634241,0.800583658,48.36722768,0.317438055,35881,18.4,0.64155
48329,Midland ,Texas,9.2,29.4,33.5,31.6,26.2,26,27.4,27.2,25.9,29.8,0.203710477,0.751300496,0.209466692,0.77514059,34.32152418,0.103135973,80189,16.2,0.84231001
48331,Milam ,Texas,4.9,18.2,19.2,20.8,18.8,15.7,13.8,11.6,14.4,14,0.236726685,0.734533703,0.235961429,0.754774059,41.05357924,0.202857029,46720,17.8,0.72762001
48333,Mills ,Texas,4.6,28.5,11.6,21.7,33.5,29.7,18.2,12.6,24.8,15.9,0.108240535,0.869042316,0.108183633,0.88502994,45.96880715,0.285714286,47068,19.5,0.85066998
48335,Mitchell ,Texas,1.8,9.6,8.3,13.5,9.2,8.8,11.8,12.7,13.7,14.8,0.161202186,0.810564663,0.153935634,0.8414114,38.16482505,0.152240638,48529,21.2,0.79342997
48337,Montague ,Texas,10.6,16.7,13.6,15.9,16.8,18.5,15.5,13.5,18.2,15.4,0.102859135,0.874709437,0.111722171,0.877380589,42.39206981,0.220198,50542,14.5,0.84710002
48339,Montgomery ,Texas,11.2,37.7,34,42.1,39.3,33.8,34.7,38.1,36.3,29.6,0.223987451,0.734557645,0.273905054,0.712159768,37.33563058,0.130749249,77598,12.6,0.84201998
48341,Moore ,Texas,2.9,11.8,8.6,16.2,13.8,7.2,14.3,18,14.4,16.6,0.207797123,0.752649508,0.192810458,0.791394336,33.80323481,0.109052828,53785,33.3,0.62011999
48343,Morris ,Texas,8.3,13.5,9,12.4,17.3,11.3,15.5,8.9,19.3,14.2,0.286547356,0.692941886,0.298729193,0.693037408,42.30063214,0.219061512,41418,11.6,0.66114998
48347,Nacogdoches ,Texas,7.8,25.4,20.6,29.3,24.6,27.3,24.5,22.3,24.4,25.5,0.302625763,0.652948457,0.33600896,0.648795968,36.28886336,0.147387804,45357,16.7,0.70853001
48349,Navarro ,Texas,4.8,17,11.2,22.3,16.4,18,16.1,14,17.8,17.7,0.243534352,0.729872817,0.266746849,0.721644093,38.66473318,0.170059518,46259,21.7,0.67293
48351,Newton ,Texas,2,6.8,3.7,11.2,6.8,6.1,8.9,15.5,7.1,9.6,0.208890495,0.774846404,0.192484411,0.801115852,42.48581405,0.205223338,43367,16.3,0.79048997
48353,Nolan ,Texas,8.7,14,10.3,16.7,17.9,9.9,15.5,14.4,16.3,14.7,0.211859172,0.731315627,0.216912451,0.771140564,39.10294217,0.182631686,42522,18.9,0.71263999
48355,Nueces ,Texas,6.7,22.5,23.3,22.8,22.4,21.5,21.5,21.5,20.9,22,0.471222643,0.48624108,0.478511176,0.507508522,37.69066153,0.144134818,53034,17.6,0.72533
48357,Ochiltree ,Texas,10.3,18.6,13.9,20.5,18.5,22.3,15.2,15.7,16.9,15.7,0.091272485,0.875416389,0.095690748,0.891001267,34.4809993,0.111390369,49845,24.7,0.66895002
48359,Oldham ,Texas,3.4,23.9,27.2,15.5,28.7,25.2,22.5,14.5,21.3,31,0.082278481,0.896624473,0.080277502,0.908820614,39.70788362,0.149694979,56590,14.3,1.1142499
48361,Orange ,Texas,5.7,17.2,15.5,23.9,16.4,14.2,15.3,17.3,13.5,14.7,0.17921875,0.79728125,0.176612769,0.810857365,39.01091275,0.161130522,56556,11.7,0.83389997
48363,Palo Pinto ,Texas,10.1,18.1,13.9,17.6,17.1,21.9,16.5,16.8,14.7,23.1,0.16630964,0.806621227,0.174393466,0.815037233,40.92181818,0.195290043,46067,16.1,0.75871998
48365,Panola ,Texas,10.2,16.2,9.1,19.3,19.6,14.2,15.5,17.1,17.5,12.3,0.176171275,0.810771889,0.179634966,0.814426688,40.81821324,0.191722827,51192,16.3,0.78579998
48367,Parker ,Texas,9.7,30.9,29.3,36.7,30.7,27.3,26.8,32.3,28.2,21.2,0.146857455,0.817941813,0.170988335,0.815008932,39.17430314,0.153948443,73718,10.9,0.97498
48369,Parmer ,Texas,0,18.5,14.5,22.7,20.9,14.2,17.7,19.7,18.9,18.6,0.196674777,0.776561233,0.184150943,0.805660377,36.50598135,0.137368208,50539,29.2,0.61421001
48371,Pecos ,Texas,2,11.5,9.4,8.6,13.7,13.1,9.8,8.9,10.7,11.4,0.371326165,0.589725209,0.296058269,0.688731791,37.36154533,0.134052192,47008,30.5,0.81389999
48373,Polk ,Texas,5.5,13.2,7.5,13.3,11.4,19.4,14,11.8,12.9,19.4,0.210910739,0.764456982,0.222732159,0.767923592,42.06826767,0.18832324,46017,19.8,0.72953999
48375,Potter ,Texas,5.9,17,16.5,19,15.6,17.9,14.8,15,14.2,17.3,0.267250707,0.68514188,0.297597264,0.684524702,35.96274071,0.124715833,41912,22.6,0.69432998
48377,Presidio ,Texas,8.1,21.2,19.4,23.6,33.7,9,20.1,26.4,13.3,16.7,0.660326087,0.295289855,0.659900767,0.325214253,40.71099597,0.23128958,37738,47.6,0.8477
48379,Rains ,Texas,0.4,20.5,13.1,14.5,21.1,25.6,11.7,18.8,10.7,11.7,0.133588598,0.844075729,0.139104576,0.851643813,44.53594046,0.245332675,47572,15.2,0.79636002
48381,Randall ,Texas,9.6,32.7,31.5,39.2,29.6,32.6,32,35.1,31,34.1,0.15407421,0.800331461,0.197946625,0.785416087,38.01258155,0.150699709,69600,8.1,0.85433
48383,Reagan ,Texas,10.6,12,10.5,12.4,11.1,15.5,10.6,5.6,11.8,12.3,0.184734513,0.784292035,0.153024911,0.838078292,35.22921679,0.112269447,65273,20.2,0.74109
48385,Real ,Texas,0,20.9,5.4,0,27.9,22.4,20.6,12.3,30.5,17.5,0.155859607,0.822129685,0.161453078,0.828960646,47.82346176,0.294709603,39506,15.3,0.87980002
48387,Red River ,Texas,5.9,14,7.8,19.9,10.6,17.4,12.6,19.7,10.6,13.5,0.222631273,0.76070529,0.21460558,0.777988288,44.60472279,0.246078029,42233,15.5,0.70543998
48389,Reeves ,Texas,4.2,9.8,11.7,14.4,7,7.4,10.8,16.8,10.6,7.7,0.521042714,0.445037688,0.378151261,0.611005693,36.24960178,0.119719656,45341,36.1,0.72328001
48391,Refugio ,Texas,0,11.2,5.8,3.5,14.8,13.5,11.8,11.3,11.4,13.5,0.350746269,0.620759837,0.329174094,0.656565657,42.33290671,0.226109215,44821,19.3,0.73110998
48395,Robertson ,Texas,2.2,18.4,14.9,18.5,16.8,22.2,16.1,13.3,17.1,16.2,0.313148543,0.663539446,0.293122608,0.697123102,40.61733395,0.193010877,44917,16.2,0.71644998
48397,Rockwall ,Texas,13.8,43.9,41.9,46.8,46.2,37.1,40.3,47.1,38.7,33.7,0.241689196,0.712200861,0.304540647,0.681486705,37.31759838,0.125117975,102858,7.9,0.94744998
48399,Runnels ,Texas,2.1,18.3,14.1,30.1,17.9,14.8,18.3,21.3,19,16.4,0.119777895,0.859333686,0.125198458,0.863461102,41.77985148,0.20773891,42205,21.5,0.76265001
48401,Rusk ,Texas,5.8,15.8,13.7,15.2,15.3,18.8,14.5,14.7,14.4,17.5,0.207170685,0.772612404,0.216541142,0.773448098,39.74086318,0.165785124,49788,19.9,0.72330999
48403,Sabine ,Texas,2.1,17.9,14.6,8.7,16.7,22.6,16,24.5,12.9,20.1,0.132014621,0.859600086,0.121835731,0.871243854,47.33001228,0.305411276,40641,13.7,0.78754997
48405,San Augustine ,Texas,5.4,12.8,8.7,10.5,10,17.5,13.3,19.7,6,19.9,0.254973382,0.734659569,0.244877561,0.751374313,45.66690962,0.264455782,38826,19.2,0.64100999
48407,San Jacinto ,Texas,2.8,16,9.8,23.3,12.3,20.5,10.9,2.8,10.1,15.2,0.197041477,0.779174321,0.184889241,0.803876582,42.93734113,0.218670567,47028,16.1,0.75695002
48409,San Patricio ,Texas,6.2,17.6,15.4,17.1,20,16.2,14.9,16.6,15,15.9,0.363455855,0.601680827,0.347147657,0.637905064,37.45104122,0.149806407,53559,20.5,0.74300998
48411,San Saba ,Texas,0,19.4,13.4,18.2,19.8,23.1,14.4,15.2,16.6,16.8,0.124310564,0.859142978,0.110299769,0.887009992,42.58424182,0.238850347,43827,25.8,0.73303002
48413,Schleicher ,Texas,3.6,13.6,13.4,11.1,6.3,20,16.5,19,18.7,19.2,0.196411709,0.775259679,0.182053494,0.811044003,39.81088083,0.195854922,47317,21.5,0.78022999
48415,Scurry ,Texas,0.7,18.6,16.6,25.2,14.9,20,16.5,14.3,14.7,22.3,0.138589525,0.833806012,0.139352641,0.848892675,37.94290288,0.151073165,53059,22.2,0.78162003
48417,Shackelford ,Texas,0,32.4,27.2,24.7,25.9,48.5,24.9,47.1,20.4,22.8,0.068484043,0.916223404,0.07985258,0.911547912,42.22179527,0.204426683,57126,15.4,0.88690001
48419,Shelby ,Texas,7.1,13.8,8.5,7.8,16.1,17.9,14.5,12.6,16.7,14.9,0.193484482,0.790116663,0.205016358,0.790621592,39.19269809,0.175112125,41961,25,0.63335001
48421,Sherman ,Texas,5.9,21.8,21.1,25.9,17.8,25.9,19.7,17.8,24.1,14.5,0.102673797,0.863101604,0.091733871,0.893145161,37.80529393,0.149074375,57052,23.5,0.71311998
48423,Smith ,Texas,7.4,27.4,25,27.8,27.8,28.3,25.8,24.1,26.1,28.2,0.26307097,0.695191582,0.295886661,0.690185735,38.59405745,0.165102228,56848,14.8,0.75515002
48425,Somervell ,Texas,4.8,28.6,29.1,27.5,26.1,33.1,23.9,37.1,24.9,23.3,0.138824737,0.822684116,0.155245603,0.829795836,41.50232919,0.189108252,63929,12.2,0.95037001
48427,Starr ,Texas,9.3,12.7,17.1,15.2,11.3,7.5,10.3,14.8,8.6,4.7,0.791226576,0.189437819,0.520570613,0.470584879,32.96819062,0.113335916,30490,48.5,0.50836003
48429,Stephens ,Texas,7.3,18.4,28.8,11.3,17.5,18.5,16.6,14.2,19.6,18.9,0.100548974,0.876625253,0.104473684,0.890789474,41.16161348,0.197604156,43115,22.9,0.76441002
48431,Sterling ,Texas,0,23.4,27,11.3,32.4,9.8,15.9,8.3,13.2,12.6,0.110584518,0.867298578,0.079812207,0.913928013,37.69450801,0.14416476,59064,14.1,0.95087999
48433,Stonewall ,Texas,4.1,15.1,1.6,8.4,23.4,14.8,13.7,25.3,7.4,10.5,0.192582026,0.791726106,0.157608696,0.835597826,44.87518355,0.265051395,46915,10.6,NA
48435,Sutton ,Texas,0,15.3,23.9,15.7,7.1,15.4,17.7,24.3,14.9,19.1,0.221045198,0.759180791,0.206807964,0.784842646,40.71713677,0.183608302,54774,24.7,0.77819997
48437,Swisher ,Texas,14.5,19.3,20.4,18.1,17.2,22,12.8,8.6,16,15.3,0.209618875,0.758166969,0.202972399,0.78343949,38.67863843,0.176762262,43084,26.8,0.66207999
48439,Tarrant ,Texas,11.4,33.9,34.5,36.4,33.3,31.4,31.5,33.1,31.6,29.2,0.431392611,0.517447653,0.493073534,0.490885914,36.05317754,0.112803253,66059,14.4,0.75234997
48441,Taylor ,Texas,9.5,28.7,28.4,29,29.8,27.1,24.5,24.2,24.9,25.6,0.220393802,0.726633012,0.264586923,0.717275778,36.34641093,0.143744551,48040,11.6,0.80875999
48445,Terry ,Texas,0.2,11,4.4,17.5,10.3,11.3,12,15.7,15.3,9.4,0.224441133,0.732935917,0.209579181,0.778516058,36.99825018,0.151379507,41268,31.6,0.63616002
48447,Throckmorton ,Texas,0,20.2,33.9,26.1,18.4,13.4,19,17.9,23.6,15.4,0.103960396,0.88490099,0.091722595,0.901565996,46.26567657,0.280528053,42701,14.7,NA
48449,Titus ,Texas,7,15.3,14.1,16.4,13.5,18.6,15.9,15.2,14.8,19.6,0.275719291,0.691262342,0.270942036,0.718148183,36.2589683,0.142736052,45604,24.2,0.61958998
48451,Tom Green ,Texas,8.8,24.6,25,29,21.4,25.3,24.2,26.1,23.4,23.4,0.238389771,0.714519608,0.270714444,0.714731254,37.52276016,0.154557531,51393,14.3,0.78692001
48453,Travis ,Texas,21.1,53.8,59.6,55.7,50.6,47.1,48.6,50.3,46.8,45,0.657663424,0.271396569,0.716197675,0.265106191,36.16886541,0.098815369,76255,10.9,0.81379002
48455,Trinity ,Texas,4.7,14.8,11.5,15.5,15.8,14.7,12.8,13.6,9.8,15.3,0.192815372,0.791478697,0.190688959,0.804122225,45.28867028,0.266010855,40486,16.6,0.75336999
48457,Tyler ,Texas,4.7,13.1,11.1,8.2,15.6,13.9,12.5,17.1,10.5,13.5,0.155688623,0.826347305,0.145238095,0.848240166,42.81180863,0.223359145,44041,15.6,0.84077001
48459,Upshur ,Texas,5.8,17,13.3,20.1,15.4,19.7,17,20.3,15,18.2,0.148629239,0.824892275,0.152286682,0.836809231,40.70043626,0.183616093,48554,15.7,0.81557
48461,Upton ,Texas,14.7,9.7,6,8.1,10.3,12.4,9.9,11.2,7.6,13.2,0.212323682,0.747587231,0.124269006,0.861111111,36.68959412,0.140561155,53867,21.8,0.88827997
48463,Uvalde ,Texas,9.7,19.1,19.8,16.1,21.5,17.7,15.8,15.5,14.5,15.9,0.431392236,0.539379741,0.393754834,0.596867749,37.46647545,0.168293228,39725,27.6,0.61726999
48465,Val Verde ,Texas,13.6,20.2,23.7,23.2,17.3,18.3,18.6,24.1,15.3,11.9,0.511419549,0.432547551,0.443128272,0.542146597,35.40745407,0.142273614,44276,31.8,0.77535999
48467,Van Zandt ,Texas,6.9,17.1,15.4,18.3,17.5,16.7,17.1,18,16.8,18.4,0.127866606,0.843901325,0.135080103,0.855584156,41.65376926,0.202092147,51152,16.5,0.86023998
48469,Victoria ,Texas,8.1,19.2,23,17,18.2,19.1,20.1,21.1,20.4,17.8,0.284869711,0.683578061,0.303615304,0.683222183,38.21157712,0.161047428,51646,16.8,0.76161999
48471,Walker ,Texas,6.4,19.3,13.6,18.8,17.4,29.4,20.6,14.7,19.8,28.3,0.307688422,0.650838553,0.333898018,0.651151957,38.42115066,0.132050221,43681,14.9,0.82393003
48473,Waller ,Texas,10.5,24.9,18.9,34.6,24.3,22.7,19.9,21.5,18.6,23.2,0.342469018,0.627442803,0.360297352,0.627254333,34.83642661,0.118247186,59807,19.2,0.72937
48475,Ward ,Texas,1,11.3,10.5,18.9,7,11.1,13.6,11.7,10.9,15.5,0.227285922,0.739332366,0.18817734,0.798275862,36.3609215,0.139590444,53621,21.3,0.80839998
48477,Washington ,Texas,11.4,28.9,33.4,26.5,26.8,30.2,25,25.4,23.8,27,0.228082007,0.738130564,0.244505652,0.743616228,41.93730774,0.21681668,54332,14.2,0.82129002
48479,Webb ,Texas,6.3,20.6,20.5,27.2,19.7,13.9,18.4,21.6,18.6,13.1,0.743467182,0.22751955,0.611430326,0.378642338,32.40995252,0.094548947,44919,32.7,0.58604997
48481,Wharton ,Texas,5.5,18.1,16.3,16.1,19.3,19.3,17.1,21,17.2,16.9,0.287673093,0.688908499,0.280054889,0.711532725,38.88554506,0.170835436,48040,21.7,0.71438003
48483,Wheeler ,Texas,2,17.3,11.5,23.3,13.4,20.7,16.6,15.9,12.8,16.6,0.084128361,0.905030356,0.071887035,0.923833975,40.52350222,0.193411674,48018,18.7,0.83652002
48485,Wichita ,Texas,4.9,23.9,25,23.8,22.7,24.7,23,26.6,23.2,21.6,0.230068994,0.724861618,0.285860122,0.696546481,37.64458899,0.147171069,47477,13.5,0.78311002
48487,Wilbarger ,Texas,0.4,16.6,18.4,15,14.7,19,16.1,17,16.6,19.4,0.197076736,0.771254568,0.211317418,0.778956676,40.55577223,0.183697348,44735,21.5,0.68305999
48489,Willacy ,Texas,2.6,10.5,9.2,11.8,9.8,11.6,10.1,10,11.2,10.5,0.671638862,0.303631011,0.560100919,0.439899081,36.4769928,0.14013479,33171,34.1,0.44778001
48491,Williamson ,Texas,12.6,46.3,45.4,52.4,45.1,41.5,41.1,46.6,40.4,37.7,0.415932559,0.512972656,0.496606862,0.482564625,36.82980895,0.121732287,87817,6.8,0.99892998
48493,Wilson ,Texas,8.3,25.4,26.2,32.7,26.8,16.5,20.5,26.3,20.6,15.8,0.246500618,0.720358172,0.253867989,0.738136169,39.69357279,0.159943453,71207,13.4,0.84755999
48495,Winkler ,Texas,1.2,9.1,6.6,6.8,10.6,11.1,9.5,12.1,11.8,9.1,0.223880597,0.747867804,0.168391345,0.824553151,35.35880829,0.122927461,56781,33,0.69106001
48497,Wise ,Texas,7.2,20.8,19.3,26.5,19.4,19.5,17.5,20.7,18.7,15.7,0.137713917,0.834275105,0.153653638,0.835223235,38.98210234,0.149183808,66387,14.9,0.91407001
48499,Wood ,Texas,4.4,21.1,14.7,22.6,17.1,26.8,16.4,13.2,16.7,19.3,0.140438938,0.838361724,0.154045393,0.836252689,45.24524142,0.269050943,48384,15.2,0.83902001
48501,Yoakum ,Texas,0,9.7,13.6,12.7,8,4.3,16.3,23.1,13.6,14.6,0.184976118,0.780286583,0.15963512,0.826301786,34.16162263,0.1183797,61560,31.8,0.71538001
48503,Young ,Texas,2.4,22.5,15.8,38.2,22.7,17.5,19.6,22,21,15.1,0.113662904,0.856494096,0.125500668,0.862968807,41.22374619,0.203435855,49301,16.2,0.78574997
48505,Zapata ,Texas,11.4,11.3,10.2,11.1,9.6,15.1,10.4,15,4.3,14.2,0.65658816,0.327498409,0.471347445,0.524780589,33.87279774,0.129880197,33160,40,0.49759999
48507,Zavala ,Texas,6.1,13.8,24.4,17.8,7,9.9,8.6,10.1,5.8,8.8,0.776207303,0.204358068,0.654030601,0.340260333,35.30063423,0.142869065,30076,38,0.48462999
49001,Beaver ,Utah,0,27.5,32.5,45.6,15.9,25.3,20.4,32.4,11.4,30.8,0.105981534,0.737856283,0.11516129,0.869354839,35.48784195,0.144072948,55940,9.7,0.91952002
49003,Box Elder ,Utah,3.1,25.8,23.7,29.2,24.3,26.9,23.3,28.4,22,21.5,0.115632126,0.619711173,0.165525663,0.797394812,35.0021838,0.129372157,62689,6.8,1.0478801
49005,Cache ,Utah,8.6,40,38,42.2,40,39.8,37.8,42.1,36.9,38.1,0.18551899,0.457980371,0.285307927,0.651701566,31.19424245,0.094508452,60315,6.9,1.12169
49007,Carbon ,Utah,3.7,16.7,17,18,14.2,18.8,16.4,15.7,15.3,13.6,0.215920523,0.663355131,0.255310065,0.714377201,38.84318417,0.174157581,51394,9.2,0.87629998
49009,Daggett ,Utah,0,18.2,34.5,20.7,13.2,20.3,12.4,18.8,7.2,23,0.162447257,0.698312236,0.179321486,0.801292407,44.67346939,0.256122449,58910,3.8,NA
49011,Davis ,Utah,6.6,38.4,36.8,44.6,36.8,34.6,37.5,42.4,36.4,34.6,0.207902551,0.449523521,0.338081666,0.613229769,33.31329095,0.100414258,84381,4.5,1.13732
49013,Duchesne ,Utah,2.3,14.4,12.3,16.2,12.8,17,14.4,14.9,16.2,14.2,0.072025353,0.793431288,0.098469805,0.877467586,33.99819675,0.120617111,60767,12.1,0.93799001
49015,Emery ,Utah,1.8,15.6,12.7,21.4,11.5,18.2,14.7,21.4,13.2,11.7,0.088598741,0.798554442,0.11678236,0.858922009,38.40423407,0.172558418,54213,6.1,0.94695997
49017,Garfield ,Utah,2.9,30.3,32.9,39.8,29.3,24.9,24.4,26.5,22.2,24.5,0.152730375,0.685153584,0.188140556,0.789897511,42.26082677,0.231299213,51028,8,1.00475
49019,Grand ,Utah,13.3,31.7,33.6,30.4,34.9,27.7,27.7,22.5,19.5,35,0.432384734,0.435693801,0.541176471,0.433558341,41.29711184,0.186091766,50750,9.2,0.92185003
49021,Iron ,Utah,9.3,30.4,28.1,31.1,28.4,34.9,29.1,33.3,28.9,29.9,0.138778747,0.654865753,0.194869344,0.756413321,34.13950734,0.12695405,51393,7.2,1.0498199
49023,Juab ,Utah,4.4,21.4,21.9,19.2,24.3,18.7,17.1,12.8,19.3,16.9,0.105817572,0.676801532,0.109974425,0.867348679,33.26936391,0.120900043,65379,7.8,1.103
49025,Kane ,Utah,20.7,32.4,53.5,25.3,24.1,32.2,27.3,35.8,25.8,22.9,0.211412268,0.646219686,0.259090909,0.71722488,42.18932417,0.232974445,52355,7.2,1.06046
49027,Millard ,Utah,2.3,23.6,22.2,20.1,24.7,25.6,22.4,21.8,27.2,20.4,0.082220527,0.736360168,0.100807754,0.873021002,37.37198216,0.171613102,58644,11.3,0.92627001
49029,Morgan ,Utah,2,37.6,33.1,48.9,35.2,32.2,39.5,47.6,40,35,0.111132512,0.614021572,0.164396004,0.784287012,33.85491905,0.114736405,98875,2.4,1.29125
49031,Piute ,Utah,0,19.6,22,16,27.6,14.7,18.9,24.4,18.3,22.1,0.064471879,0.858710562,0.098737084,0.887485649,45.21626298,0.288581315,40387,13.1,NA
49033,Rich ,Utah,2,26.8,22.3,25.3,17.7,40.7,24.4,27.4,27,27,0.093778179,0.718665464,0.131482834,0.84514244,38.01948052,0.179788961,60695,1.4,1.15372
49035,Salt Lake ,Utah,9.9,37.7,39.4,40.9,35.7,34.8,34.5,36.6,33,33.1,0.419853032,0.329562058,0.530398971,0.421115991,34.96254879,0.108583565,73619,9.6,0.96394998
49037,San Juan ,Utah,4,19.1,14,24,15.4,24.9,18.4,24.8,15.7,23.2,0.374885258,0.485588397,0.452668315,0.514032282,35.71477118,0.141562561,42982,16.2,0.74239999
49039,Sanpete ,Utah,2.1,22.3,17.2,20.4,23,27.5,18.8,21.7,14.8,26.6,0.104388036,0.656532861,0.14209901,0.828435644,36.00259609,0.139535643,52910,10.3,1.02299
49041,Sevier ,Utah,4.8,22.8,20.9,24.7,22.1,23.6,17.1,16.5,17.1,17,0.080309683,0.778830599,0.104613009,0.87357653,37.24395283,0.160870978,54339,10.1,0.98273998
49043,Summit ,Utah,12.2,57.4,49.7,53.1,61.4,59.1,55.3,56,59.3,55.6,0.508841626,0.355263795,0.58437476,0.393007744,38.56753631,0.12591515,105374,5.1,1.0624
49045,Tooele ,Utah,2.3,22.6,20.2,26.7,22.3,19.8,23,27.5,22.8,20.1,0.20949196,0.511658803,0.283850695,0.666984067,33.0616748,0.091593117,73584,9,1.0494
49047,Uintah ,Utah,3.7,18,14.4,21.6,17.2,18.8,14.7,14.8,15.1,17,0.077752598,0.766585919,0.108671502,0.866562112,33.60319431,0.108781534,63631,13.9,0.96320999
49049,Utah ,Utah,6.8,42.8,42,47.1,41.3,40.6,40.1,43.7,38.9,38.2,0.14151257,0.506978383,0.267452495,0.678232484,29.8285113,0.077224359,75296,5.8,1.21981
49051,Wasatch ,Utah,2.5,46.7,42.1,55.8,45.5,42.4,40.6,44.2,39,38,0.252722772,0.504537954,0.347779651,0.606801574,34.86582431,0.114981949,85380,4.9,1.05335
49053,Washington ,Utah,4.1,32.8,26.1,35.9,30,37.2,27.7,28.9,28.6,30.7,0.166034569,0.688313994,0.225430987,0.738926101,39.85672685,0.214583576,57069,7.5,1.04377
49055,Wayne ,Utah,7.6,22.2,11.2,27.3,25.6,21.1,25.2,23.5,25.4,19.4,0.190710767,0.679802956,0.225169648,0.758173967,41.37360595,0.217843866,47175,11.5,1.00697
49057,Weber ,Utah,4.7,27,25.4,30.3,26.7,25.7,23.8,24.4,24.7,23.1,0.27200461,0.473135855,0.365295369,0.591985853,35.08635351,0.116621613,68106,9.7,0.96168
50001,Addison ,Vermont,9.9,41.8,38.4,44.2,39.6,45.2,36.7,45,34.6,37.1,0.589511849,0.278335348,0.667330061,0.29043386,42.46524491,0.198983042,68878,7.1,1.03784
50003,Bennington ,Vermont,8.3,39.4,40.6,47.8,34.6,41.1,35.7,36.1,33.5,39.7,0.548817674,0.340889477,0.612594927,0.347367877,44.15431787,0.229070192,52510,8.1,0.80440003
50005,Caledonia ,Vermont,5.6,31.5,32.2,37.3,28.3,32.3,28.1,31.5,27.7,27.5,0.457904085,0.393179396,0.562673176,0.39081673,42.94865025,0.209689129,50368,9.1,0.87686998
50007,Chittenden ,Vermont,17.6,55.7,62.8,63.5,52.6,48,50.7,59.1,47.5,41.9,0.657100386,0.222985447,0.753842179,0.207782544,39.0502941,0.149922222,74240,5.9,1.10281
50009,Essex ,Vermont,8.7,20.2,23.4,26.1,19.5,17.8,15.6,21,16,14,0.348376068,0.514871795,0.446070333,0.51073873,46.5104,0.25568,43671,14.2,0.90438002
50011,Franklin ,Vermont,10.8,27.4,37.7,33.3,24.4,20.1,23.7,27.8,22.7,16.5,0.436738125,0.408761851,0.522092666,0.43241792,40.36497643,0.160356933,61129,9.2,0.94081998
50013,Grand Isle ,Vermont,8.8,42.6,31.9,43.2,43.8,45.8,39.2,32.4,40.3,42,0.509489051,0.361800487,0.578692494,0.379453476,44.38293371,0.208039492,67746,5.7,1.00116
50015,Lamoille ,Vermont,5,42.8,40.8,49.9,38.6,45.6,37.3,32.7,38.5,43.2,0.567387557,0.279736718,0.687097391,0.266024619,40.98952569,0.173636364,60230,7.4,0.97904003
50017,Orange ,Vermont,14,35.2,37.6,39.4,31.3,37.1,29.1,32.5,28.3,30.6,0.514779166,0.341798075,0.561374025,0.388679753,43.81952826,0.212041795,62300,8.2,0.91381001
50019,Orleans ,Vermont,6,27.7,32.9,31,24.6,27.4,21.6,23.1,20.9,21.2,0.430397609,0.428239396,0.502331304,0.458878384,43.89573345,0.227189951,48688,12.4,0.81247997
50021,Rutland ,Vermont,8.9,33,31.1,34.8,31.9,34.6,30.3,33.3,29.8,27.6,0.460346399,0.421317398,0.539111929,0.420597032,44.06241478,0.220803791,51723,7.7,0.90890002
50023,Washington ,Vermont,10.4,46.2,48.5,49.4,46.2,43,41.5,45.2,41.7,39.1,0.598147076,0.257125394,0.710573248,0.246482661,42.56673547,0.19626763,61808,6.6,0.99014002
50025,Windham ,Vermont,6.7,40.4,29.9,40.9,42.6,42.2,38.6,39.2,38.2,44.7,0.63353214,0.240954274,0.704941656,0.254850274,44.54661334,0.22820189,54441,6.6,0.97283
50027,Windsor ,Vermont,21.4,40.8,41.9,45.6,39.7,39.2,36.3,36.2,35.3,37.2,0.586607859,0.287523389,0.682466674,0.279139584,44.9923127,0.233060811,57438,6.8,0.98987001
51001,Accomack ,Virginia,3.2,21.3,16.7,20.1,17.8,27.8,18.5,17.7,19.1,18.2,0.426096852,0.542609685,0.446763353,0.540738121,44.04587807,0.235653462,42879,18.7,0.60536999
51003,Albemarle ,Virginia,14.9,60.1,61.6,62.7,61.7,55.6,53.5,55.7,55.5,47.7,0.587825688,0.33950922,0.656788902,0.321759438,40.6327839,0.186243308,80392,8.6,0.95630997
51005,Alleghany ,Virginia,4.6,15.2,13.2,21.2,12.7,16.7,15.4,24.7,13.8,14.5,0.295699659,0.665392491,0.273436547,0.714250884,45.2444668,0.246948357,46538,14.4,0.71134001
51007,Amelia ,Virginia,1.7,17.7,21.7,18.7,16.7,16.2,15.9,29.4,16.2,13.4,0.302272727,0.66875,0.305421839,0.682797061,42.91343272,0.19795589,57280,16.5,0.86866999
51009,Amherst ,Virginia,7.6,21.9,31.4,24.3,20.8,17,19.2,21.8,18.4,16.8,0.328461938,0.631267862,0.333548957,0.649279624,43.07601213,0.211614981,50580,14.8,0.74804997
51011,Appomattox ,Virginia,13,19.3,26.4,20.5,20.3,13.1,19.8,17.6,19.6,16.1,0.252527774,0.713394083,0.260897713,0.723133362,42.24970015,0.207057635,51131,15.9,0.7683
51013,Arlington ,Virginia,57.5,76.8,86.1,79.3,72.6,62.3,74.6,77,70.2,59,0.758231979,0.166337058,0.805758037,0.170706521,37.12340172,0.106133773,120950,5.9,1.27232
51015,Augusta ,Virginia,9.9,23.3,21.5,28.3,22.1,22.9,23.5,26.8,23.6,22.2,0.224995185,0.719891038,0.256398126,0.726477127,43.42098811,0.210411228,60556,12.6,0.84091997
51017,Bath ,Virginia,0.9,18.3,4.3,40.7,14.8,18.1,14.9,27.7,9.5,14.1,0.267643142,0.687083888,0.258296681,0.733306678,47.53378378,0.276561044,50564,12.8,0.81326002
51019,Bedford ,Virginia,18.6,32.6,37.2,43.6,29.9,28.7,28.9,34.5,29.1,24,0.229700176,0.720964139,0.250179785,0.731471779,43.70880795,0.213201773,61186,10.2,0.83568001
51021,Bland ,Virginia,0,16.4,15.4,8.6,23.8,13.6,17.4,18.8,18.3,14.9,0.144313476,0.819687799,0.152917505,0.834435183,45.35793739,0.229938026,47681,8.5,0.81533998
51023,Botetourt ,Virginia,10.8,27.7,30.3,39.8,26.2,23,28.7,37.4,28.5,22.9,0.239820695,0.713752068,0.269848033,0.714813236,44.67131953,0.227454398,71874,7.4,0.89207
51025,Brunswick ,Virginia,3.4,16,10.1,13.6,18.8,17.8,14.3,16.2,12.5,16.5,0.58430043,0.397183466,0.572722698,0.422370408,43.64624023,0.215026855,41803,21,0.62915999
51027,Buchanan ,Virginia,13.1,10.9,11.8,18.9,8.8,9.2,10.6,11.2,9.4,10.7,0.186114415,0.789012653,0.159385356,0.834689164,44.76002545,0.221902832,32144,29.7,0.59603
51029,Buckingham ,Virginia,3.9,12.2,14.9,10.4,11.3,12.6,11.3,7.3,12.8,11.8,0.42878684,0.541466758,0.42698979,0.558986345,42.99649979,0.196482146,45889,22.1,0.70270997
51031,Campbell ,Virginia,14.7,24.6,31.1,26.3,22.2,22.8,22.5,26.5,21.9,14.4,0.242019248,0.710041765,0.26989064,0.710511354,42.5401106,0.199061357,51525,14,0.73935997
51033,Caroline ,Virginia,6,22.3,24.6,19.3,26.3,16.2,20.1,23.8,17.2,16.1,0.432752473,0.480858508,0.470100687,0.511787819,39.87976082,0.16411023,67335,14.4,0.89245999
51035,Carroll ,Virginia,0.9,15.9,21.1,16.3,15.5,14.2,13.1,16.3,11.2,12.2,0.187225637,0.780143401,0.181516255,0.808520151,45.34080173,0.244938588,41517,19.2,0.63270998
51036,Charles City ,Virginia,6.5,16.2,20,23.8,14.5,13.9,13.3,17.8,14.7,9.6,0.607742878,0.359386413,0.590857915,0.396532313,46.82502521,0.246074053,56872,21.4,0.79977
51037,Charlotte ,Virginia,1.6,16.6,20.8,26.8,11.5,16.8,10.2,12.8,9.4,8,0.371039945,0.599001377,0.374252947,0.61621709,43.50644999,0.222315296,41382,16.1,0.70819002
51041,Chesterfield ,Virginia,9.1,42.3,40.5,49,42.3,37.9,39.9,43.8,41.4,34.5,0.459444296,0.481947852,0.524306832,0.45758133,38.98296113,0.149267263,80734,7.9,0.83429998
51043,Clarke ,Virginia,17.6,34.5,31.6,39.4,37.9,28.3,32.2,38.4,35.3,27,0.371484232,0.567514915,0.419835064,0.55606726,43.93083385,0.211251119,84021,11.3,1.09168
51045,Craig ,Virginia,0,16,13.5,30.9,14.3,14.9,18.5,24.7,10.1,19.3,0.193629205,0.765926986,0.185173501,0.8,45.36631122,0.234004739,50858,7.5,0.84161001
51047,Culpeper ,Virginia,9.1,26.8,27.3,30.6,25.8,25,24.7,24,25.2,27.9,0.349221352,0.600819156,0.391540051,0.590500074,39.17068397,0.157330454,72111,14.8,0.89826
51049,Cumberland ,Virginia,7.7,18.5,23.2,28,20.8,8.6,17.5,25.1,12.9,18.8,0.415002038,0.549735018,0.419160549,0.568228872,43.6071465,0.224181874,46300,19,0.81217998
51051,Dickenson ,Virginia,6.1,11.4,11.2,16.2,12.3,8,10,20.7,9.1,5.3,0.207298137,0.765838509,0.205693171,0.786642946,43.55763272,0.220202438,35047,24.5,0.59495002
51053,Dinwiddie ,Virginia,1.1,17.9,22.9,19.8,15.7,16.6,17.2,20.8,17.7,13.3,0.424677716,0.548581952,0.412403923,0.576133051,41.73446318,0.174594272,57257,16.4,0.91285998
51057,Essex ,Virginia,3.7,15.3,15.2,20.2,10.9,19.6,16.5,9.8,14.2,22.7,0.470044379,0.491309172,0.4917449,0.497733894,44.42325305,0.2317062,50785,17.2,0.70363998
51059,Fairfax ,Virginia,23.8,64.1,64.8,69.3,64.6,57.2,61.1,64.9,62.4,55.8,0.64431051,0.286130015,0.698458027,0.280088084,38.46473308,0.134550463,122035,7.9,1.18538
51061,Fauquier ,Virginia,13.9,39.4,37.2,39.6,41.5,37.1,35.9,40.8,36,35.8,0.346197988,0.590573038,0.402211994,0.574889514,40.39041387,0.164414574,93462,7.8,1.0944901
51063,Floyd ,Virginia,7.6,23.2,14.9,26.8,29.9,16.9,22.3,22.1,26,17.4,0.285678798,0.657433859,0.319167021,0.661389715,44.29867047,0.228173473,48315,14.5,0.88106
51065,Fluvanna ,Virginia,9.3,35.8,41,33.5,35,34.9,34.5,39.8,29.1,36.7,0.423622858,0.516658086,0.467878329,0.514640919,42.79234962,0.202292499,73463,9,0.93138999
51067,Franklin ,Virginia,10.8,23.8,30.1,23.7,22,23.6,20.5,19.5,21,21.8,0.269066775,0.688480219,0.282150552,0.703440613,44.42881929,0.235234451,53522,13,0.72048002
51069,Frederick ,Virginia,11.6,29.1,30.3,33.3,27.2,28.1,28.1,31.7,27.4,26.1,0.295054402,0.644980218,0.353195944,0.627242497,40.37838832,0.172757625,77684,11.4,0.93985999
51071,Giles ,Virginia,3.7,19.3,21.6,16.8,20.6,17.6,18.2,21.4,20.2,12.6,0.237457379,0.719678519,0.234909566,0.749182829,43.02392543,0.21853479,50591,11.8,0.79152
51073,Gloucester ,Virginia,9.2,25.5,19.9,29.5,25.4,26.2,22.8,19.8,21.4,27.2,0.275447271,0.667516183,0.312511219,0.667519297,42.71178613,0.190580738,70938,10.9,0.89819002
51075,Goochland ,Virginia,19.7,44.4,47.8,41.6,46.2,41.9,39.2,43.8,41.1,38.6,0.348293795,0.597278621,0.394348749,0.587895234,45.17488384,0.22332645,89331,9.1,0.95920998
51077,Grayson ,Virginia,0.8,14.1,11.5,17.9,13.9,14,12.5,16.2,12.5,11.7,0.193136582,0.767604667,0.188783667,0.802976264,45.73107927,0.245153861,37550,17.9,0.64275998
51079,Greene ,Virginia,9.1,27.9,25.8,32.3,27.1,27.7,27.8,30.5,30.8,22.4,0.304329725,0.618755204,0.367983735,0.606912401,40.25089742,0.173517367,67498,13.6,0.89335001
51081,Greensville ,Virginia,11.3,13.4,8.7,11.8,14.9,17.2,9,10.5,7.9,9.7,0.586293835,0.398120559,0.574333187,0.418452121,40.72267137,0.150941773,43533,24,0.58453
51083,Halifax ,Virginia,12.3,17.1,14.9,20.3,19.6,14.1,15.9,16.3,17.9,11.8,0.405682019,0.570789954,0.420100832,0.570911881,44.21321805,0.243640094,43096,18.1,0.65188003
51085,Hanover ,Virginia,10.9,41.8,43.8,49.8,44.3,31.7,39.2,49,41.5,26.2,0.308861728,0.631523592,0.356496872,0.6243027,41.28187973,0.177472748,91028,6.9,1.01144
51087,Henrico ,Virginia,13.8,45.4,48.6,52.6,44.6,37.7,42.9,49.4,43.1,33,0.573985359,0.365753358,0.635966372,0.346101178,39.51174752,0.155028989,68581,8.5,0.90784001
51089,Henry ,Virginia,7.5,14.4,17.8,15.4,15.4,11.4,12.8,17.7,13.6,9.3,0.340081308,0.630880279,0.349626509,0.640681861,44.70929092,0.239004573,36471,21.2,0.53038001
51091,Highland ,Virginia,1.6,30.7,22.9,25.6,29.5,33.8,23.1,23.4,16.2,26.9,0.266714594,0.688713156,0.272015656,0.712328767,51.57013575,0.343891403,45089,13.1,NA
51093,Isle of Wight ,Virginia,11.6,29.8,34.9,35.6,29,24.3,28.2,36.5,28.3,24,0.373950178,0.579074733,0.400707708,0.584370737,42.45277785,0.191459421,72993,12.5,0.92602003
51095,James City ,Virginia,11.1,50,41.9,42.9,51.5,54.4,49.6,49.4,48.8,53.1,0.442521947,0.493502884,0.514776687,0.466427607,44.55106221,0.252640811,86541,5,0.91961998
51097,King and Queen ,Virginia,3.6,22.6,13.5,41.7,22.6,17.9,19.8,21.9,19.6,15.3,0.397078712,0.567757641,0.386391252,0.595382746,44.94248793,0.228912241,51124,14,0.80549002
51099,King George ,Virginia,6.3,34.9,33.3,40.7,35,30,34.6,32.7,38.3,33.7,0.332282942,0.608756945,0.379841147,0.593659943,38.06970837,0.130799624,86619,6.5,0.99470001
51101,King William ,Virginia,9.1,24.8,22.7,35.9,22.4,21.6,20.4,29.4,19.2,15.6,0.301277153,0.652221373,0.303622985,0.68175468,39.97653344,0.161048468,68724,10.2,0.94582999
51103,Lancaster ,Virginia,8.5,32.3,20.3,28.4,28.7,37.5,30.9,21.4,32.5,34.7,0.431753198,0.530173062,0.470917226,0.516918344,50.73240286,0.361309469,52814,11.1,0.72868001
51105,Lee ,Virginia,10.3,11.5,9.3,15.3,12.6,9.3,11.4,14.3,12.1,9.7,0.173103522,0.802532184,0.149693375,0.840957072,43.51333843,0.213499851,34796,24.3,0.56015003
51107,Loudoun ,Virginia,20,63.5,60.6,70.9,64.7,50.8,60.8,70,59.9,46.5,0.550500554,0.382032475,0.615052273,0.364874476,35.58068084,0.09291385,140382,6.5,1.21831
51109,Louisa ,Virginia,7.1,25.8,20.7,28.2,25.4,28,23.4,23,21.7,25,0.352333957,0.597130055,0.377304253,0.606588794,42.90635706,0.198053184,63714,15.8,0.88902998
51111,Lunenburg ,Virginia,2,11.1,10.9,14.8,8.6,12,10.6,13.2,8,11.6,0.39867526,0.573576799,0.402865712,0.589303566,44.00959788,0.223150753,41421,22.4,0.62655002
51113,Madison ,Virginia,14,24.5,18.8,37.9,21.2,25.2,24.2,21.1,23.4,26.9,0.31566127,0.63318527,0.331734907,0.651666052,43.87833772,0.222564874,60450,13,0.97447997
51115,Mathews ,Virginia,8.1,29.8,33.7,18.1,34.6,27.5,28,23.4,29.7,28.8,0.29429486,0.662210506,0.313089723,0.669240007,48.87241536,0.310611225,61764,9.4,0.92199999
51117,Mecklenburg ,Virginia,9.6,21.5,32.7,18.1,21.5,18.1,18.4,18.8,17.1,18.1,0.420541987,0.554566745,0.419756894,0.571728266,45.48401305,0.256378467,44832,19.4,0.66047001
51119,Middlesex ,Virginia,7.9,29.6,21,18.1,28.1,36,21.8,13.2,21.6,24.7,0.350340701,0.609938508,0.367133383,0.618422992,48.62313121,0.311356672,54871,14,0.85513002
51121,Montgomery ,Virginia,8.8,46.5,54.4,50.8,41.6,43,45.8,54.6,40.4,34.7,0.465269225,0.452208873,0.515531674,0.458045607,35.98845785,0.126029196,52538,7.5,0.97715002
51125,Nelson ,Virginia,18.1,30.4,26.4,21.7,29.8,35.4,32.1,27.4,27.1,39.9,0.443496033,0.499398894,0.464370037,0.516419832,46.43805608,0.273186843,56690,14.4,0.82766002
51127,New Kent ,Virginia,22.2,33.6,33.3,38.2,34.8,28.4,28.4,27.3,33,18.2,0.289658553,0.66312694,0.319328313,0.665537972,41.70771739,0.172390693,90858,7.2,1.01447
51131,Northampton ,Virginia,7.4,29.3,24.3,35.8,29.1,29.2,21.6,25.9,25.7,18.7,0.527381724,0.435191186,0.544711824,0.438948307,45.65296123,0.263996591,43157,17.8,0.59029001
51133,Northumberland ,Virginia,13.3,33.7,4.2,32.2,36.5,37.4,28.5,23.4,29.3,33.4,0.385509597,0.581508516,0.416122841,0.573896352,51.26389232,0.366839549,55418,9.4,0.73800999
51135,Nottoway ,Virginia,13.6,16.1,17.8,16.7,16.4,13.8,12.7,14.3,15.2,10.7,0.419483986,0.550415184,0.419751342,0.56894603,41.95979248,0.191893645,46368,21.8,0.65688998
51137,Orange ,Virginia,8.7,27.3,23.2,25.3,25,34.2,24.3,23.7,23.1,29.3,0.344933411,0.609206717,0.385226944,0.598727956,42.31306626,0.203689554,63681,11.6,0.97021002
51139,Page ,Virginia,4.6,14.7,13.5,17,12.7,16.8,13.9,10.4,14.7,13.5,0.234078212,0.729143389,0.240290875,0.746763625,43.40732461,0.213638073,49073,18.6,0.75493997
51141,Patrick ,Virginia,3.9,16.3,20.4,14.5,14.2,18,13.9,8.7,14.8,12.1,0.207390029,0.757067449,0.204929208,0.785002622,46.60428337,0.264075143,42862,20.6,0.62647003
51143,Pittsylvania ,Virginia,7.9,15,14.5,19.6,16.3,11.4,13.9,19.8,13.4,11.7,0.291126021,0.68213178,0.295526924,0.693925848,44.39650363,0.226254738,44710,18,0.61970001
51145,Powhatan ,Virginia,9.7,32.8,23.3,37.9,34.8,31.1,28.8,28.6,32.9,26.9,0.240236686,0.703254438,0.269599148,0.712258653,43.13568468,0.182397479,88475,9.8,1.08288
51147,Prince Edward ,Virginia,7.5,26.9,24.7,31,24.2,29.5,28.1,21.2,30.8,24.1,0.502132779,0.448539867,0.519373368,0.463080941,38.091939,0.164662309,48450,13.3,0.72586
51149,Prince George ,Virginia,3.2,24.1,21.1,23.8,23,29.9,24,22.6,23.7,24.1,0.396626298,0.565805734,0.407305465,0.579333678,38.70857623,0.140407542,68133,10,0.71406001
51153,Prince William ,Virginia,12,43.7,40.3,46.6,44.8,40.8,40.1,42,41.4,36.7,0.575685109,0.364921796,0.625859191,0.355820158,35.6259949,0.098969896,106200,11.5,1.0034699
51155,Pulaski ,Virginia,5.3,21.1,14.8,28.2,20.1,22.6,19.4,22.9,19.4,16.8,0.275070878,0.680556471,0.283273898,0.697515242,44.55131216,0.229378266,50834,13.8,0.71180999
51157,Rappahannock ,Virginia,2.5,33.8,9.3,34.4,29.8,46.3,32.9,35.1,31.6,37.8,0.389694401,0.566361811,0.420968066,0.564772043,47.21869829,0.273166023,71035,11,1.1182899
51159,Richmond ,Virginia,12.8,17.8,18.4,13.5,20,16.7,15.7,15.6,14.7,13.8,0.367932259,0.60447965,0.368844466,0.620916626,43.66729365,0.210334145,49399,17.6,0.73539001
51161,Roanoke ,Virginia,13.2,37.5,43.8,41.1,39.6,29.5,34.8,41,35.3,26.2,0.334051933,0.609994368,0.380963199,0.598818719,43.12897962,0.214205989,68734,7.8,0.84574997
51163,Rockbridge ,Virginia,10,30.2,34.5,31,27.9,30.6,26.5,28.8,26.1,26,0.324965262,0.618805002,0.330128463,0.653470145,45.8599244,0.259713432,53413,13.5,0.78819001
51165,Rockingham ,Virginia,8.5,28.8,33.7,33.9,26.7,25.7,25.9,33.9,24,22.4,0.249846613,0.693307013,0.288537459,0.692567491,41.18236424,0.190438679,61375,16.5,0.82757998
51167,Russell ,Virginia,3,12.6,20.7,17,10.2,9.5,13.5,21.5,13.2,8.4,0.190266209,0.77747836,0.177274764,0.812714776,43.96964259,0.215829221,38966,20.7,0.63954997
51169,Scott ,Virginia,13.1,13.9,18.1,19.2,12.4,11.4,14.4,17.5,13.5,10.8,0.156534653,0.816534653,0.155672094,0.833839359,45.23985326,0.241989412,40161,18.8,0.65649003
51171,Shenandoah ,Virginia,9.9,20.7,17.9,22.7,21.3,20.3,20.1,22.4,20.3,18.8,0.257056501,0.687076488,0.288633677,0.695110624,42.82370049,0.217095432,55283,13.1,0.89308
51173,Smyth ,Virginia,8,17.5,23.4,19.1,17.4,13.7,14.3,16.1,16.9,9.6,0.206749418,0.75640031,0.21279004,0.775537634,43.77543318,0.220070885,40972,16.9,0.60777998
51175,Southampton ,Virginia,7.5,19,20.4,25.9,19.9,13.3,17.8,24.4,14.7,19.2,0.404933544,0.567132237,0.4055794,0.585530349,44.21670647,0.2022063,52741,16,0.72742999
51177,Spotsylvania ,Virginia,9.9,33.3,31.4,37.7,33.7,30.3,31.5,35.9,31.9,29,0.386928167,0.553419008,0.455501414,0.52326832,38.5922764,0.142500633,86695,9.8,0.99290001
51179,Stafford ,Virginia,11.8,43.1,38,49.7,46.3,32.5,39.8,44.3,42.2,33.1,0.423271757,0.51366518,0.505406322,0.472641877,36.2802414,0.104521206,108421,6.3,1.09514
51181,Surry ,Virginia,28.7,23.5,28.4,21.7,26,19,17.6,14,19.6,14.7,0.537369915,0.430227058,0.536121673,0.45291881,45.77077541,0.226753167,54663,13.6,0.87603998
51183,Sussex ,Virginia,3.8,15.4,15.6,18.8,17.2,10.3,12.6,9,15.2,15,0.570777161,0.40741475,0.555621069,0.436124214,41.92244371,0.177627481,43031,24.1,0.71425998
51185,Tazewell ,Virginia,8.9,15.9,14.5,19.6,17.6,12.8,15.3,20,15.9,9.9,0.155930195,0.81697727,0.159041286,0.830240174,43.65212336,0.222494187,42074,18.8,0.69266999
51187,Warren ,Virginia,4.2,22.4,20.9,23.8,22.8,22,21.1,22.4,20.8,21.9,0.287806236,0.655512249,0.312242871,0.665295314,40.33841212,0.160487963,65635,13.7,0.95218003
51191,Washington ,Virginia,13,24.6,27.7,29.5,22.6,23.1,22.5,32.1,22,17.5,0.214841181,0.747475529,0.230613739,0.755550134,44.14736591,0.227454873,45510,15,0.71915001
51193,Westmoreland ,Virginia,12,17.6,12.3,23.1,18,17.8,20.3,24,20.5,19.4,0.447399114,0.5187777,0.452452754,0.534579815,45.09842961,0.253505328,51414,13.9,0.84639001
51195,Wise ,Virginia,3.9,16.3,15.1,23,16.3,12.7,14.5,20,12.9,10,0.178130977,0.79707182,0.187180259,0.804453807,41.20461959,0.182337157,38045,25.2,0.61698002
51197,Wythe ,Virginia,8.7,20.1,24.7,19.3,18.6,20.2,18.5,22.3,19.8,14.4,0.20759949,0.752904144,0.208518543,0.77841173,43.59428253,0.216074285,46345,14,0.70653999
51199,York ,Virginia,18.1,49.5,42.6,53.5,53.6,44.4,45.4,49.7,50.1,38.9,0.381001231,0.552113254,0.455853161,0.521796292,39.60572473,0.161498099,86317,5.6,1.0395401
51510,Alexandria city,Virginia,27.5,66,69,71.8,62.3,59.7,62.1,65.3,58.9,54.9,0.755470503,0.175333245,0.802704767,0.176246046,38.27898212,0.115025229,99425,7.5,1.1665699
51520,Bristol city,Virginia,3.7,22.8,18.9,23.5,28.3,18.5,24.1,25.6,28.3,18.9,0.260949943,0.695676906,0.296007168,0.684284617,42.6902075,0.210896736,36903,16.3,0.65881002
51550,Chesapeake city,Virginia,11.9,35.8,34.1,41.7,36.6,29.6,32.5,36.4,33,24.8,0.466944679,0.479543942,0.521643117,0.457224588,38.05280793,0.132854423,78846,7.8,0.86219001
51630,Fredericksburg city,Virginia,14.1,43.5,37.7,47.4,47.8,38.7,42.1,48.3,49.6,37,0.59543679,0.332386364,0.661411819,0.313504698,34.93206149,0.111515235,58448,10.3,0.95475
51650,Hampton city,Virginia,8.3,27.7,29.5,26.7,29.1,24.4,26.8,29.6,26.3,23.6,0.662518442,0.287093463,0.700759586,0.279424473,38.89227029,0.154452659,54763,8.8,0.77201003
51660,Harrisonburg city,Virginia,8.9,35.2,41.3,37,30,34.2,36,36.7,36.3,30.4,0.567554049,0.348024232,0.644825367,0.327092962,32.75789795,0.094090648,42640,15.9,0.75871998
51680,Lynchburg city,Virginia,14.8,38,48.1,32.7,34.9,35.2,34.8,35.7,30.2,29.9,0.41467859,0.504106978,0.496315037,0.470162798,35.67877408,0.143961717,43200,11.1,0.81634003
51683,Manassas city,Virginia,12.2,34.5,34.1,37.5,33.9,32.6,29.7,26.9,32.4,27.9,0.546557654,0.386282525,0.609965837,0.368476852,35.48695997,0.103743906,79141,17.1,0.87203997
51700,Newport News city,Virginia,9.2,28.7,32.4,32.8,26,24.7,25.5,28.8,24.2,22.9,0.602496203,0.336366638,0.653365325,0.324560108,36.82613393,0.130669667,50283,9.9,0.72425002
51710,Norfolk city,Virginia,8.3,32.2,34.6,36.6,28.4,30.4,28,31.6,26.1,24.2,0.683827409,0.258454454,0.716095479,0.260512513,35.51514692,0.111989708,48519,12.3,0.74779999
51735,Poquoson city,Virginia,40.4,38.4,43.1,41.3,42.1,29.1,42.8,42.2,45.2,37.8,0.223073708,0.709488644,0.261422935,0.713376607,41.86546349,0.193601313,96057,4,1.08648
51740,Portsmouth city,Virginia,8.1,21.2,21.4,24.2,20.3,20.1,21.3,25.1,19.6,20.3,0.658661736,0.295735583,0.693885788,0.285980135,38.09794784,0.149294108,47343,12.5,0.68109
51750,Radford city,Virginia,9.3,44.8,42.3,61.4,46.1,30.2,39.1,47.5,36.6,27.3,0.480690222,0.433525062,0.531329114,0.440822785,33.14970827,0.09117182,39254,10,0.94036001
51760,Richmond city,Virginia,17.9,44.1,52.2,47.4,39.2,36.5,38.5,39.8,33.7,30,0.7852325,0.150564338,0.829053525,0.149333069,37.98989654,0.131880428,48747,15,0.71754998
51770,Roanoke city,Virginia,15.3,28.4,37.2,29.4,25,24.9,23.8,28.9,21.6,19.9,0.564688593,0.374727614,0.617985827,0.360247443,39.56890512,0.165332266,42715,14.5,0.66887999
51800,Suffolk city,Virginia,8.2,32.1,32.6,33.8,34.1,26.3,28.1,31.4,28,22.9,0.538390379,0.416419981,0.577656018,0.404536482,38.70025223,0.14436585,69753,11.2,0.76181
51810,Virginia Beach city,Virginia,12.9,39.8,40.8,43.5,39.2,36.2,35.2,39.6,36.5,33.5,0.447855477,0.483238382,0.515521459,0.461480697,38.35951678,0.142171399,76520,6.8,0.97580999
51840,Winchester city,Virginia,15.3,32.3,36.9,27.5,31.3,33.3,33.9,31.7,34.4,30.2,0.484109872,0.449048467,0.545694709,0.431024519,38.64611499,0.15888715,51456,16.9,0.87470001
53001,Adams ,Washington,10.4,14.7,12.2,10.9,15.4,20.2,13.6,11,13.1,19,0.279715762,0.663867356,0.309450699,0.666496076,32.63791184,0.110582519,52012,35.4,0.57655001
53003,Asotin ,Washington,12.9,23.1,19.4,16.3,25.1,25.7,20.5,23.4,22.6,19.9,0.32189811,0.589667214,0.355618777,0.612417371,43.94272446,0.233171163,49776,10,0.77544999
53005,Benton ,Washington,9.7,32.3,29.7,37.1,32.5,30.5,30,34,30.2,30.6,0.329388831,0.589725967,0.375666049,0.585880252,37.51619798,0.149085829,69212,9.9,0.84521002
53007,Chelan ,Washington,9,29.5,33.3,30,26.9,30.1,26.7,26.6,27.2,26.3,0.390413421,0.542660276,0.446797211,0.525238997,40.59809699,0.190767953,57243,16.7,0.78862
53009,Clallam ,Washington,3.3,30.8,24.6,27.5,28.5,36,26.1,20.8,25.9,31.4,0.448006691,0.47631599,0.501806593,0.468130887,47.07263119,0.296076208,57183,7.3,0.81461
53011,Clark ,Washington,9,32.2,31.5,32.9,32.3,32.1,29.8,31.5,30.5,29.4,0.463414269,0.461835532,0.509522409,0.458611562,38.93765682,0.154672444,73971,7.7,0.95416999
53013,Columbia ,Washington,0,26.6,28.3,29.6,25,26.7,24.9,21.1,27.1,22.4,0.241063245,0.686067828,0.267735471,0.703006012,46.10310421,0.278640059,53700,8.1,0.89323002
53015,Cowlitz ,Washington,3.9,16.6,14,18.4,14.8,19.5,16.6,16.2,16.3,18.6,0.391928565,0.529304911,0.39711347,0.571068348,40.86819988,0.189251929,58624,11.5,0.80116999
53017,Douglas ,Washington,9,21.7,16.3,30.2,20.2,21.8,19.2,21.3,19.9,20.6,0.316412533,0.617834395,0.366575934,0.60798761,39.00348428,0.17568229,65912,18.2,0.72619998
53019,Ferry ,Washington,1.5,18.1,16.5,12.7,18.5,20.2,18.2,22.3,13.6,23.4,0.304915301,0.611496806,0.340279368,0.634531715,46.17106811,0.272192443,40468,13.9,0.75190002
53021,Franklin ,Washington,4.4,20,22.2,18.8,19.3,20,17.3,17.9,15.3,22.6,0.374620573,0.556745363,0.411677571,0.556690532,32.56126321,0.092149194,60483,25.2,0.63029999
53023,Garfield ,Washington,10.4,27,18.7,27.1,27,29.5,25.2,40.8,17.1,23.3,0.223916533,0.682985554,0.245802552,0.717931498,44.71851357,0.2541166,50185,3.3,0.89845997
53025,Grant ,Washington,6.6,17.7,18.9,17.9,17.6,16.3,17.6,21.4,17.7,18.3,0.275523883,0.653284414,0.313667728,0.657218684,35.78852062,0.137150548,53688,23.9,0.66772997
53027,Grays Harbor ,Washington,6.8,17.2,12.6,14.5,18.2,19.8,15.8,16.9,16.5,16.6,0.423731801,0.495893115,0.451445072,0.51707812,42.95993965,0.216072854,48763,11.1,0.71723998
53029,Island ,Washington,5.3,35.4,24.4,28.1,34.2,45.4,33,27.8,32.2,41.2,0.488851572,0.430660509,0.54173389,0.421808067,43.54564291,0.245832347,65987,4.7,1.10506
53031,Jefferson ,Washington,9.6,43.5,31,27.8,43.7,49.9,41.8,33.4,41.9,48.6,0.62418623,0.297741172,0.693933527,0.279565989,52.13156734,0.368527215,55893,5.3,0.98638999
53033,King ,Washington,23.9,54.8,62.4,60,51.1,45.6,51.4,56.9,48.2,42.5,0.719401822,0.216664213,0.749528916,0.222358896,38.56281763,0.132148885,94822,7,1.05981
53035,Kitsap ,Washington,7.3,35.3,29,36,35.6,39.4,32.2,33.8,33.3,34.8,0.508023842,0.394298447,0.568953565,0.387989059,40.39399752,0.178254665,76530,5.6,1.0187
53037,Kittitas ,Washington,7.1,36.1,39.9,46.8,33.4,30.1,34.8,33,35,31.2,0.395093643,0.532840939,0.43320437,0.535009862,38.4481885,0.160290516,55624,7.9,1.06787
53039,Klickitat ,Washington,6.9,30.8,33.8,32.8,35.8,22.8,28.9,31.7,25.7,27.8,0.389451203,0.537561519,0.439454277,0.533702065,44.56269507,0.238928846,56503,12.2,0.84938002
53041,Lewis ,Washington,3.5,19.8,15.2,22.9,19.5,20.9,16.8,16.7,16.9,17.2,0.282702275,0.644001288,0.320466133,0.64867907,42.18267926,0.209851264,57019,12.2,0.79364997
53043,Lincoln ,Washington,4.6,23,26.1,25.8,22.6,21.2,23.6,28.6,19.7,22.6,0.217748994,0.719061789,0.243566046,0.732262193,44.74487896,0.255679702,53326,8.6,0.96564001
53045,Mason ,Washington,5.6,21.4,14.9,21.4,21.1,25.2,18,13.7,16.3,24.1,0.427207637,0.487194101,0.462938638,0.501568238,43.68285069,0.228006167,58239,12.6,0.79365999
53047,Okanogan ,Washington,3.9,22.6,14.1,24.5,22.2,26.5,19,17.8,19.2,21.6,0.36849804,0.562284243,0.418193779,0.55633869,41.98210386,0.215845438,48345,16.5,0.67690003
53049,Pacific ,Washington,8.6,23.7,20.3,13.4,21.5,29.7,18,11.8,16.1,22.6,0.431131019,0.500186637,0.483077361,0.494382821,48.35269559,0.30690688,46365,12,0.79742002
53051,Pend Oreille ,Washington,12,21.5,16.7,27.4,20.1,22.7,20.2,25.9,19.3,21.1,0.284328139,0.642899147,0.303168479,0.669706536,45.74474342,0.259888252,49750,10.2,0.77293003
53053,Pierce ,Washington,9.2,29.3,29.1,32.2,27.5,29.9,26.4,28.6,25.8,27.7,0.495108828,0.42132086,0.537634594,0.426067863,37.91271784,0.138152292,75022,8.7,0.96635002
53055,San Juan ,Washington,12.5,52.6,40,43.5,49.5,61,48.6,44.2,44.2,59.4,0.665676629,0.249489512,0.736909904,0.231643555,50.82730033,0.340903783,62249,4.1,1.10831
53057,Skagit ,Washington,6.7,28.7,23,31,26.7,32.9,26.3,26.5,25.8,31.9,0.476879646,0.441966838,0.520981164,0.446208954,41.64473582,0.20740839,70955,10.3,0.89818001
53059,Skamania ,Washington,5.4,26.4,25.2,29.5,26.6,24.8,23.8,34.4,20.6,22.9,0.395814861,0.519241,0.43654267,0.531318381,44.42678631,0.210248239,64344,8.6,0.87009001
53061,Snohomish ,Washington,12,35.4,38.2,41.4,32.5,31.3,31.9,35.4,31,28.7,0.541325587,0.374825015,0.585073702,0.379283312,38.66175462,0.134701025,87096,7.8,1.1969
53063,Spokane ,Washington,9.5,31.9,30.6,33,31.8,32.4,30.4,33.1,31.5,29.8,0.412623325,0.499172703,0.459550486,0.502914396,39.23980969,0.161822743,59408,6.3,0.87164003
53065,Stevens ,Washington,3.3,20.9,15.6,19.1,19.8,25.1,18.5,22,17.8,18.9,0.254310535,0.668562861,0.275729863,0.696728808,43.81396376,0.232920901,51183,9.5,0.79434001
53067,Thurston ,Washington,9.5,36.4,35.8,37.1,36,36.9,35.7,40,35.5,36.2,0.531628159,0.375736033,0.574589316,0.388243901,40.12154396,0.17287261,72400,6,0.95962
53069,Wahkiakum ,Washington,5.9,22.1,1.8,16.1,16.5,32.5,19,3.2,18.5,26.6,0.352841391,0.569974555,0.390808454,0.584032204,48.50203344,0.321735201,55692,8.8,0.92339998
53071,Walla Walla ,Washington,6.7,29.9,25.2,28.5,29.1,34.5,28.6,28.1,28.5,32.4,0.381368268,0.537039223,0.43792585,0.524615335,39.78168806,0.180525918,57329,12.2,0.79860997
53073,Whatcom ,Washington,13.2,37,34.9,41.5,34.8,38.4,33.9,37.6,31.7,35.4,0.550180993,0.370182269,0.603520416,0.364225941,39.55082305,0.173507322,62262,7.7,1.02012
53075,Whitman ,Washington,10.2,50.9,60,57.4,45,42.3,49.5,57.4,44.9,36.5,0.470731003,0.427795435,0.529395058,0.429186784,33.4236609,0.10405495,45389,4.8,1.14211
53077,Yakima ,Washington,5.3,18.2,17,18.6,16.5,21.6,16,14.7,16.4,18.2,0.402456592,0.536784566,0.448878817,0.525557993,35.71182282,0.137301846,51377,26.9,0.60228002
54001,Barbour ,WestVirginia,2.8,11.8,5.1,13.4,15.9,9.1,16.6,17.9,19.9,12.6,0.201850017,0.747770069,0.218211772,0.766212371,41.76186876,0.201572422,39776,14.3,0.75783998
54003,Berkeley ,WestVirginia,11.9,24.3,27,26.2,22.4,23.4,21,23.6,19,19.4,0.287537923,0.659136523,0.3334821,0.645755312,39.00764581,0.146640711,59619,11.2,0.91837001
54005,Boone ,WestVirginia,4.6,11.7,13.5,16.5,10,10.2,8.4,11.2,6.6,8.7,0.206149948,0.749049868,0.22647581,0.7563249,42.38679331,0.200583117,38110,20.3,0.73480999
54007,Braxton ,WestVirginia,3,11.7,4.3,17.1,15.4,8.7,15.1,18.2,17.1,11.4,0.259528487,0.694891945,0.257238701,0.72740113,43.86382994,0.229256867,39292,19.5,0.73951
54009,Brooke ,WestVirginia,5.3,21.9,30.8,30.2,18.3,18.5,19.4,23.1,20,16.2,0.26713825,0.689170914,0.276557808,0.708051802,44.57494483,0.238256092,48342,8.8,0.85009998
54011,Cabell ,WestVirginia,13.3,30.3,34.6,37.9,26.9,27.1,25.7,28.7,23.4,21.4,0.345987608,0.599969775,0.40133833,0.581397216,40.3713636,0.188170428,39790,12,0.78292
54013,Calhoun ,WestVirginia,0,8.3,30.3,5.4,2.9,9.1,11,8.7,9.2,15.3,0.174245319,0.777607948,0.19118142,0.795691686,45.40667218,0.245244003,36384,19.2,0.72855002
54015,Clay ,WestVirginia,14.8,12.6,8.3,13.5,13.4,12.6,9.5,14.6,7.1,6.3,0.191117093,0.773889637,0.190490342,0.796136701,42.4942076,0.205746061,35983,24.3,0.69367999
54017,Doddridge ,WestVirginia,20,12,12,9.7,9.7,16.6,15.7,11.4,16.7,15,0.127464789,0.83028169,0.14027733,0.844566269,44.23625981,0.216630978,44725,17.3,0.80581999
54019,Fayette ,WestVirginia,6.9,15.8,21,19.2,14.3,13.2,15.2,18.3,14.7,11.2,0.27971572,0.675295038,0.300260942,0.686751275,42.79243572,0.210423544,37867,17.7,0.71179998
54021,Gilmer ,WestVirginia,13.7,20.2,21,23.4,18.9,18.9,14.4,11.9,15.2,12.7,0.214313803,0.745576091,0.225018783,0.75582269,41.16309494,0.175056068,38173,15.2,0.78750002
54023,Grant ,WestVirginia,6.3,13.2,11.5,24.1,14.3,8.1,14.4,9.6,15.9,12.8,0.10330912,0.876916868,0.110183336,0.884189508,44.46843282,0.24402202,42146,19.2,0.82637
54025,Greenbrier ,WestVirginia,9.5,20.9,19.6,27.8,19.7,19.6,19.9,23.4,16.8,17.4,0.267666714,0.67936869,0.293690852,0.689274448,44.12464785,0.23282355,37665,15,0.72649997
54027,Hampshire ,WestVirginia,7.6,14.6,26.7,9.2,13.6,13,12.2,17.6,10.7,13.6,0.183550186,0.777416357,0.192246679,0.796450525,44.25932668,0.223968818,44442,18.9,0.80567002
54029,Hancock ,WestVirginia,8.5,19.1,18.9,25.7,18.9,16.4,18.5,16.9,19.6,14.2,0.256809951,0.701385609,0.274637681,0.71057971,44.57431085,0.231044202,47299,10.6,0.81032997
54031,Hardy ,WestVirginia,6.1,14.9,7,18.4,16.8,15.3,14.5,18.2,16.1,8.1,0.204678363,0.757398547,0.218132996,0.767493287,43.43756806,0.218874773,43573,20,0.78469002
54033,Harrison ,WestVirginia,10.9,24.7,26.5,29.5,24.6,20.6,22.5,25.6,22.7,15.9,0.275178827,0.670600858,0.302478254,0.678910225,41.87346419,0.194511058,47942,11.6,0.83278
54035,Jackson ,WestVirginia,8.6,18.6,26.5,28.9,15.9,12.5,17.1,29.3,15.3,9.7,0.218511529,0.740132929,0.237414865,0.747186852,42.62140319,0.203999164,48731,12.7,0.81516999
54037,Jefferson ,WestVirginia,10.7,32.2,36.7,38,27.5,32.7,30.8,35.7,29.1,30.7,0.394169048,0.54681741,0.437750424,0.542648811,40.39327771,0.161905265,75027,10.7,1.02248
54039,Kanawha ,WestVirginia,8.3,28.2,29.3,32.9,27.7,25.3,24.9,27.7,24.1,21.4,0.373404677,0.579336768,0.417586693,0.564150576,42.62404823,0.206545712,41926,11.9,0.78057998
54041,Lewis ,WestVirginia,5.2,17.6,19.7,16.6,19.9,13.9,13.3,12.6,16.1,10.6,0.194428406,0.761258661,0.206249162,0.775378839,42.43384923,0.206315527,40691,13,0.76216
54043,Lincoln ,WestVirginia,0.6,8.1,11.3,5.4,8.8,7,8.7,8,6.4,7.3,0.206481744,0.751061421,0.218518519,0.767816092,41.99633477,0.194912374,39766,19.1,0.68465
54045,Logan ,WestVirginia,5.3,13.3,10.1,12.2,13.6,15.1,10,7.4,9.7,12.1,0.169269358,0.800792944,0.179103332,0.808690312,42.45430429,0.202441194,34894,19.8,0.76949
54047,McDowell ,WestVirginia,0.4,6.6,3.2,5.5,10.7,4,5.4,4.8,6.8,4.8,0.231823311,0.746251814,0.204228589,0.788723763,43.57940515,0.217527301,27292,33.6,0.61795002
54049,Marion ,WestVirginia,9.5,25.1,29.3,36.9,21.8,19.6,23.4,29.2,22.4,17.5,0.30240132,0.636936037,0.345080251,0.631929906,41.23166123,0.195429346,46244,10.7,0.85907
54051,Marshall ,WestVirginia,5.7,19,23.2,18.2,17.9,18.8,18.5,19.7,20.9,12.6,0.220792978,0.731386199,0.245383523,0.741122159,43.83230469,0.223680364,50064,9,0.81603998
54053,Mason ,WestVirginia,7.3,15.5,18,18,15.9,12.2,12.4,21,11.3,8.7,0.20430002,0.751423522,0.225475319,0.757921985,42.8389101,0.208960252,43050,14.5,0.75542998
54055,Mercer ,WestVirginia,7.7,20.6,19.8,22.9,22.4,17.7,20,18.8,20.1,15.6,0.204681925,0.757288313,0.221055144,0.765377576,42.56443321,0.219952309,37860,15.5,0.69611001
54057,Mineral ,WestVirginia,5,23.1,20.2,31.8,19.8,24.2,14.7,18.6,12.8,12,0.1772743,0.784330681,0.206650093,0.77998757,42.73830735,0.216815145,48578,9.1,0.78760999
54059,Mingo ,WestVirginia,1.7,9.6,6.5,9.7,11.1,8.9,9.5,7,9.4,11.4,0.144058885,0.831861199,0.139393335,0.852524446,41.60258566,0.189278957,32917,24.5,0.72046
54061,Monongalia ,WestVirginia,18.7,48.3,58,55.9,44.5,35.2,41.3,41.8,38.3,28.7,0.407761873,0.511318242,0.482078342,0.494461875,36.67520203,0.126367224,51070,7.7,1.04337
54063,Monroe ,WestVirginia,0,15.2,7.6,20,14.8,16.6,13.8,20.1,12.2,10.9,0.191386736,0.765374677,0.207241911,0.780893683,44.90662651,0.249924699,38171,16.5,0.73977
54065,Morgan ,WestVirginia,2,18.7,15.4,19.3,16.2,23.1,17.3,12.3,13.3,20.7,0.205513457,0.74888947,0.229787234,0.751811386,44.9090628,0.230898971,49487,14.2,0.94422001
54067,Nicholas ,WestVirginia,2,18.4,11.8,28.2,15.1,20.7,15.2,22.3,16.7,10.1,0.193867875,0.763986935,0.209407338,0.77883349,43.38519443,0.223532727,38572,13.3,0.72352999
54069,Ohio ,WestVirginia,9.6,33.2,41.6,40.1,29,30,30.8,38.8,29.7,24.9,0.306221429,0.620972238,0.363001307,0.620866419,42.9186325,0.218057718,48689,7,0.84407997
54071,Pendleton ,WestVirginia,4.3,19.2,26.1,26.6,17.4,16.4,14.2,13.6,13.3,14.3,0.226046512,0.743565891,0.224104947,0.760317027,46.57746177,0.270687437,40415,18,0.81923002
54073,Pleasants ,WestVirginia,10.3,12.1,13.8,11.1,11.1,13.2,12.9,11.8,14.3,11,0.197142857,0.748571429,0.200229161,0.785448296,42.41674437,0.191288131,50768,10.7,0.81949002
54075,Pocahontas ,WestVirginia,3.5,14.8,13.4,6.2,13.1,20.6,16.3,12.1,17.9,14,0.254525507,0.684585848,0.261227545,0.722305389,45.75053482,0.252198716,39467,15.6,0.72144997
54077,Preston ,WestVirginia,10.3,17.6,17.1,22.9,15.5,17.2,15.4,21.3,13.7,15,0.195118098,0.753456039,0.217060115,0.767911062,42.51581016,0.200301427,47101,13.6,0.80150998
54079,Putnam ,WestVirginia,10.6,29.5,36.4,42.6,29.7,16.5,26.7,32.6,29.2,17.3,0.236371671,0.714578396,0.276411354,0.702922704,41.3071169,0.183268057,61995,7.3,0.90502
54081,Raleigh ,WestVirginia,8.8,20.6,20.9,29.5,18.5,17.5,18.3,20.6,19.2,13.1,0.217536633,0.744412182,0.241104332,0.74527276,42.13685458,0.20627845,41298,14,0.77016997
54083,Randolph ,WestVirginia,6.8,17.6,25.4,19.1,16.3,14.2,16.3,13.9,16.2,16.6,0.251471129,0.70145274,0.27557377,0.710901639,43.22997259,0.218818305,40064,16.2,0.72000998
54085,Ritchie ,WestVirginia,1.8,12.3,10.4,16.3,11.6,12.2,10.5,9.5,9,12.8,0.121717791,0.835582822,0.136819986,0.851972916,44.17266742,0.225799815,43717,17.4,0.78837001
54087,Roane ,WestVirginia,10.1,13.6,13.7,23.9,10.4,12.5,12.4,20.1,9,13,0.232894988,0.720602249,0.25247267,0.73104286,43.59926787,0.21920758,36658,22.4,0.73936999
54089,Summers ,WestVirginia,2.4,16.5,19.7,12.3,16.4,17.5,13.9,16.4,14.7,13.1,0.244755245,0.710612916,0.259265891,0.729453894,46.0031348,0.248981191,34768,14.4,0.74229002
54091,Taylor ,WestVirginia,11.3,18.3,16.9,23,18.2,16.6,17.2,15.5,17.8,10.5,0.228051392,0.723921689,0.243261547,0.741839361,42.69007235,0.202289171,46370,11.6,0.82805997
54093,Tucker ,WestVirginia,9,24.8,23,21.4,28.9,22.4,17.5,26.3,19,13.6,0.216115108,0.738129496,0.244016649,0.739073881,46.70848311,0.261826024,48070,11.6,0.85754001
54095,Tyler ,WestVirginia,2.6,16.4,14.8,24.5,12.9,18.2,13.9,19.7,15,11.5,0.138752053,0.819923372,0.160887302,0.822539521,44.22993368,0.226503544,46054,11.9,0.77591002
54097,Upshur ,WestVirginia,5.9,16.6,16.6,23,14.8,15.7,16.8,18.3,17.1,13.9,0.191581688,0.759926231,0.220722043,0.760297427,41.52621339,0.203399549,41213,16.4,0.73927999
54099,Wayne ,WestVirginia,7.2,18.3,19.3,30.2,15.9,14.6,15.1,24.2,14,10.8,0.221117112,0.734554077,0.241222635,0.742609311,42.81982275,0.210644903,38704,20.2,0.73597997
54101,Webster ,WestVirginia,0,11.5,13.3,16.4,13.1,6.7,9.3,6.7,11.7,7.4,0.186702485,0.773002015,0.17930629,0.810993533,44.31955341,0.232226916,34054,20.8,0.64393002
54103,Wetzel ,WestVirginia,5,13.4,11.1,13.7,15.7,11.5,12.7,12.6,12.5,11.3,0.216919393,0.721308859,0.230838458,0.748912554,43.8886706,0.230517354,44685,13.9,0.75822997
54105,Wirt ,WestVirginia,11.8,15.2,10.8,16.9,18,12.3,9.7,8.9,10.6,8.1,0.159372419,0.789017341,0.175650207,0.804372409,42.99914237,0.202401372,44837,16,0.76740998
54107,Wood ,WestVirginia,7.3,22,24.9,24.4,20.4,21.3,21.8,27.8,22.1,15.5,0.235855679,0.714137302,0.281874,0.701769775,42.42173676,0.204375141,45278,10.3,0.76836997
54109,Wyoming ,WestVirginia,3.3,11.4,19.2,8.6,8.9,12.3,9.5,8.6,8.9,10.1,0.135614864,0.836036266,0.134660149,0.855796089,43.11964784,0.212210141,35460,20,0.72426999
55001,Adams ,Wisconsin,6.2,15.6,11.1,16,15.4,17,12.4,12.3,12.3,13.3,0.370916962,0.588646202,0.366305635,0.622948045,48.79521329,0.291085119,43000,12.9,0.86633003
55003,Ashland ,Wisconsin,3.1,20.7,22.6,22.7,19,20.7,21.1,23.5,20.7,18.6,0.526591107,0.411259185,0.548247117,0.438620532,41.54070513,0.195833333,44627,7.9,0.85315001
55005,Barron ,Wisconsin,7.7,20.7,19.8,23.4,20.5,20.1,19.9,18.5,19.5,20.3,0.347966259,0.600892108,0.362739683,0.623490886,42.99331326,0.219378266,50344,9.8,0.94326001
55007,Bayfield ,Wisconsin,10.1,33.6,29.4,35,31.2,36.7,30.5,30.4,27.9,33.5,0.519886662,0.432889075,0.564981618,0.424356618,47.46011169,0.277157293,53637,5.1,0.94802999
55009,Brown ,Wisconsin,14.8,31.7,36.9,35.1,32.1,23.8,29.6,35.3,28,23.3,0.413741772,0.521007296,0.454883798,0.52681975,38.62454343,0.148581127,62097,8,0.89327002
55011,Buffalo ,Wisconsin,10.9,21,26,22.2,18.6,21.2,17.9,23.5,14.9,19.2,0.36219233,0.579421866,0.36591607,0.618474923,43.46152381,0.221104762,59087,8.3,1.10782
55013,Burnett ,Wisconsin,6.7,22.1,22.6,24.5,19.9,23.4,20,20.3,20.1,21.7,0.337184033,0.619009493,0.351937679,0.637215265,47.57633836,0.285602911,55295,6.9,0.95499003
55015,Calumet ,Wisconsin,17.2,31.7,40.7,42.2,30.5,18.9,28.7,36.6,26.8,19.6,0.36195122,0.575909944,0.393708975,0.589978553,39.84085608,0.150940011,72645,6,1.02194
55017,Chippewa ,Wisconsin,7.3,23.2,25,28.5,22.7,19.1,20.1,23.4,20.5,17.9,0.376604037,0.567440829,0.389086761,0.593160443,41.20819365,0.179699072,59528,7.5,1.0607001
55019,Clark ,Wisconsin,3.2,13.1,11.5,15.1,13.3,12.6,11.5,12.6,10.9,11.9,0.310900265,0.63592233,0.303664921,0.671365284,38.22934974,0.165980005,55245,18.1,0.85109001
55021,Columbia ,Wisconsin,12.7,24.2,26.7,27,22.9,22.6,23.2,27.8,23.6,18.6,0.454334755,0.475630647,0.484513862,0.499778559,41.57528156,0.178702186,65435,7,1.04537
55023,Crawford ,Wisconsin,7.7,17.5,23.7,18.8,15.2,17,17.8,17.7,19.4,16.1,0.442277893,0.496384298,0.454629097,0.53133985,43.88235836,0.232398257,49200,9,1.0035599
55025,Dane ,Wisconsin,25.6,54,63.1,60,50.6,43.8,50.7,55.7,46.8,41.6,0.701658296,0.22991965,0.754616565,0.228544249,37.77641031,0.137238091,71789,4.4,1.06365
55027,Dodge ,Wisconsin,8.4,19.6,24.8,18.7,19.5,16.8,16.5,20,16.1,13.3,0.324346917,0.618669453,0.337682715,0.647349079,41.92502305,0.176408984,63608,9,1.00436
55029,Door ,Wisconsin,9.7,35.3,29.6,28,31.1,43.1,32.1,29.1,28.8,40.2,0.455815538,0.487505679,0.499279217,0.48476413,48.187251,0.297537124,61221,6,1.03837
55031,Douglas ,Wisconsin,8.4,27.2,27.7,27.9,27.5,26,24,28.2,21.6,23.8,0.503975834,0.429079117,0.535640475,0.442638895,41.92082485,0.186053509,50637,6.6,0.95842999
55033,Dunn ,Wisconsin,7,28.6,23.6,38.3,27.2,27.2,28,33.8,26.7,25.1,0.408582681,0.520030782,0.420719265,0.559981296,38.31263433,0.156810175,57506,6.4,1.06998
55035,Eau Claire ,Wisconsin,9.5,35.4,39.4,39.7,34.9,29.6,31.8,37.4,29.3,28.2,0.497294343,0.424724424,0.542599743,0.434851995,38.14940593,0.156638032,60111,6.5,1.08832
55037,Florence ,Wisconsin,16.7,22.5,20.9,25.9,21.1,23.5,18.3,17.4,15.7,22.3,0.250658638,0.713963116,0.265646259,0.725510204,48.51133997,0.260356399,53188,6.9,0.87450999
55039,Fond du Lac ,Wisconsin,8.3,22.3,22.8,28.7,21.3,19.4,22.7,29.8,21.4,16.3,0.338827518,0.604827868,0.359609439,0.624513109,41.44252227,0.185153203,59428,8.3,0.95112997
55041,Forest ,Wisconsin,10.7,15.7,11.9,14.5,17.5,15.7,15.6,17.7,14.6,16,0.348898678,0.614096916,0.340589749,0.650108846,43.9964965,0.229562896,45156,11.3,0.77784997
55043,Grant ,Wisconsin,4.4,24.2,29.3,29.6,21.7,21.1,23,29.8,20.2,20.1,0.413058674,0.507750504,0.429475164,0.552249297,38.96302906,0.172537533,57328,7.7,1.0685199
55045,Green ,Wisconsin,11.5,26.1,33.3,27.3,26.8,20.3,23,27.4,22.8,16.5,0.480484593,0.457887806,0.506913949,0.475053723,41.97290747,0.187142896,63160,7.5,0.97666001
55047,Green Lake ,Wisconsin,5.9,22.4,24.5,27.2,20.1,22.1,19.3,25.8,17,19.3,0.287707712,0.661802301,0.313372692,0.671727111,43.0476266,0.222063643,55512,10.8,0.95270002
55049,Iowa ,Wisconsin,7.6,27.8,31,29.9,25.2,28.5,24.3,28,23.1,21.6,0.543964111,0.392251223,0.55946255,0.42231275,41.61888435,0.187539439,68017,5.1,1.10043
55051,Iron ,Wisconsin,3.2,23.7,29.6,25.7,21.3,24.1,20,29.1,16.9,20.2,0.364026308,0.597655133,0.382294264,0.60798005,49.87843552,0.308668076,44130,6.3,0.87535
55053,Jackson ,Wisconsin,5,15.9,16.8,16.3,14.7,16.8,14.4,14.8,14.6,14.6,0.412100949,0.529227783,0.417910448,0.568637078,41.57852329,0.189715793,52919,11.6,0.86918002
55055,Jefferson ,Wisconsin,5.5,27.9,31,35.8,25.6,23.8,24.8,31.6,23.7,18.3,0.383836277,0.542576369,0.414848163,0.567081431,40.80897814,0.169577935,65831,8.5,0.99965
55057,Juneau ,Wisconsin,4,16.1,20.2,19.7,13.7,15.4,13.6,14.6,12.6,13.2,0.347170133,0.607142857,0.34619593,0.638193887,43.01470864,0.20250216,52891,11.9,0.92733997
55059,Kenosha ,Wisconsin,11.6,29.4,32.4,34.7,29.7,21.8,25.7,28.9,25.8,19.1,0.464100368,0.467395817,0.475478375,0.506795285,38.98328312,0.141325536,65013,9.8,0.86063999
55061,Kewaunee ,Wisconsin,7.8,20.3,27.3,23.9,18.7,17.1,19.1,26,17.4,14.5,0.336772634,0.614984198,0.328730881,0.655394791,42.69305303,0.204484129,63612,7.1,1.0058
55063,La Crosse ,Wisconsin,10.8,35.8,37.2,45.9,34,30.6,34.3,43.2,33.4,27.1,0.514642358,0.419085885,0.55750987,0.42254434,39.01074177,0.164078491,60619,5.4,1.0507801
55065,Lafayette ,Wisconsin,4.1,19.9,30.2,25.9,17.5,14.1,18.9,26.4,17.8,14.6,0.429130775,0.519055077,0.426300409,0.563530099,41.00465047,0.186738674,60711,9.8,0.96307999
55067,Langlade ,Wisconsin,3,15.8,13.9,15.7,18.3,13.7,16.5,11.2,16.5,16.4,0.321752862,0.63521516,0.331751008,0.656515898,45.0329562,0.239568196,51334,9.4,0.87269002
55069,Lincoln ,Wisconsin,7.2,18.8,20.9,18.3,19.1,17.6,18.3,21.6,19.2,15,0.365157079,0.57119543,0.37952355,0.607201309,44.82637509,0.214850663,56645,8.7,0.97943002
55071,Manitowoc ,Wisconsin,10.3,23.1,28.2,26.6,21.9,20.3,19.9,25.6,19.1,15.1,0.359539979,0.574852526,0.375158937,0.607151621,43.06984597,0.204782862,56466,8.7,0.92535001
55073,Marathon ,Wisconsin,12.5,27,30.1,36.7,25.1,21.2,25.6,31,24.1,18.5,0.380881824,0.561217004,0.401401936,0.58141262,40.77653809,0.177068258,63442,8.3,1.00313
55075,Marinette ,Wisconsin,8.2,17.9,19.9,21.8,16.4,17.1,15,16.6,16.3,11.6,0.311433702,0.648259004,0.320553549,0.665999391,45.13528219,0.237968047,50670,8.9,0.84467
55077,Marquette ,Wisconsin,4.4,14.5,16.4,15.4,14.6,13.2,14.2,15.5,12.7,14.2,0.355884961,0.597238059,0.357308329,0.630888031,45.62427109,0.245367371,46964,11.6,0.94354999
55078,Menominee ,Wisconsin,6.1,18.9,10.1,17.6,23.1,19.6,17.2,17.6,15.5,25.9,0.784206411,0.210320563,0.819496855,0.174842767,34.8250322,0.132030915,40682,8.8,0.42918
55079,Milwaukee ,Wisconsin,12.2,33.1,40.3,37,28.6,28.5,30.5,32.8,27.4,24.5,0.65598857,0.285853169,0.691263718,0.292735271,37.40297943,0.136050268,49771,12.2,0.65169001
55081,Monroe ,Wisconsin,8.2,20.1,20.5,25.1,18.4,18.9,19.9,23.9,17.8,16.5,0.35831215,0.577122522,0.372960064,0.609216753,39.69115763,0.170072311,58391,9.7,0.82455999
55083,Oconto ,Wisconsin,8.5,17.3,19.5,22.7,16.2,15.2,16,19.9,15.4,12.4,0.294523976,0.663379718,0.289252638,0.698944648,43.57203278,0.203885805,59983,9.7,0.95240998
55085,Oneida ,Wisconsin,12.3,27.1,26.2,33.4,25.3,27.1,27.1,32.8,25.1,27.1,0.377404182,0.564290039,0.418270624,0.565876071,46.7224415,0.260332676,53805,7.1,0.95907003
55087,Outagamie ,Wisconsin,11.2,31.6,34.5,37.7,31.7,23.6,28.9,37.7,27.4,20.1,0.405750629,0.53142711,0.441271223,0.540491752,38.98221386,0.147247351,65993,6.3,1.05121
55089,Ozaukee ,Wisconsin,13.1,49.8,52.6,53.6,53.7,40.9,48.4,57.7,48.8,41.5,0.369898942,0.55811309,0.431268907,0.551540188,42.28490583,0.197460374,83014,3.6,1.23888
55091,Pepin ,Wisconsin,11.5,22.8,19.5,26.1,20.6,25.3,19.2,23.9,18.4,18.4,0.359721851,0.589997325,0.359314672,0.623552124,43.79441624,0.223761833,56348,9,1.16372
55093,Pierce ,Wisconsin,9.8,31,30.2,40.7,29.6,26.8,28.2,32.5,27.5,22.7,0.395582614,0.531313417,0.420122657,0.549599005,38.56802961,0.146022794,75421,5.2,1.20155
55095,Polk ,Wisconsin,7.4,22.8,21.6,31.9,20.5,21.5,20.4,26.5,20.5,15.9,0.33276188,0.607279441,0.35531455,0.629896477,43.28111381,0.206179183,59990,6.5,1.08313
55097,Portage ,Wisconsin,11,33.6,43.9,39.9,30.7,26.6,32,42.4,28.9,24.5,0.481114921,0.4495532,0.503115533,0.475309706,39.4372868,0.166755941,59032,6.7,1.06637
55099,Price ,Wisconsin,6.3,16.1,16.5,20,17,13.6,16.9,20.1,16,15.3,0.352250231,0.602085258,0.354785865,0.631172478,46.76700007,0.256549974,47032,8.8,0.96502
55101,Racine ,Wisconsin,9.6,28,25.8,30.3,27.5,28.6,24.7,28.6,25.1,21.5,0.45161633,0.495161102,0.471193319,0.511775371,40.12567147,0.165120254,60349,10,0.80355
55103,Richland ,Wisconsin,3.5,19.9,20.8,18.8,18,22.3,18.9,21.8,17.9,19.3,0.444072005,0.499441341,0.443199467,0.540381629,43.49614433,0.228578005,53050,10,0.94902998
55105,Rock ,Wisconsin,6.8,24.4,26.6,28.2,23.1,22.1,21.8,24.5,21.9,17.6,0.517208287,0.413945417,0.546602624,0.435074977,39.94297458,0.165648045,57675,9.4,0.84823
55107,Rusk ,Wisconsin,3.3,17.1,15.7,22.6,16.2,16.5,15.8,19.9,15.3,15.9,0.306335544,0.643996049,0.319173218,0.666624398,44.92949035,0.242030112,48448,13.3,0.9048
55109,St. Croix ,Wisconsin,13.1,37.8,43.9,45,35.3,30.9,33.7,38.7,33.3,28.6,0.368064326,0.551907047,0.408944222,0.567813497,38.92657257,0.140789796,82575,3.7,1.21556
55111,Sauk ,Wisconsin,8,25.2,28.5,24.6,25.9,22.4,23.8,28.1,24,19.1,0.469123188,0.472284309,0.500179543,0.483192001,41.01989914,0.185216891,57256,9.3,0.95249999
55113,Sawyer ,Wisconsin,5.9,26.9,25.7,26.5,26.2,28.3,23.2,29.2,23.7,23,0.384168403,0.56846837,0.427973359,0.562226451,45.80007884,0.259263752,46490,8.3,0.75729001
55115,Shawano ,Wisconsin,6.1,18.2,16.6,18.5,21.1,14.8,16.1,19.9,17,11.9,0.306617386,0.645131892,0.315321689,0.670926376,43.09687224,0.211319737,56022,8.7,0.88507003
55117,Sheboygan ,Wisconsin,14.6,26.6,30.3,32.8,26.5,20.6,23.9,26.5,25.1,20.1,0.384812673,0.544095214,0.410552787,0.569738377,41.11471037,0.180059936,61906,7.3,0.96547002
55119,Taylor ,Wisconsin,4,15.8,16,16.8,17,13.6,14.7,15.6,15,11.9,0.2528469,0.694749051,0.252011978,0.716545012,41.95718205,0.191309034,56981,11.4,0.99690998
55121,Trempealeau ,Wisconsin,8.1,19.7,22,24.3,17.9,17.9,19.4,23.4,19.2,14.5,0.41213894,0.538500914,0.408647594,0.574317295,40.36529448,0.181033897,56978,10.2,0.83706999
55123,Vernon ,Wisconsin,3.3,24.3,19.4,28.6,25,23.4,21.8,23.9,22.7,18.9,0.446914796,0.492225427,0.468316272,0.516108773,40.88038006,0.195257431,51692,11.4,1.08065
55125,Vilas ,Wisconsin,20.8,29.2,24.8,23.7,30.1,30.8,27.1,26.8,25,31,0.350426095,0.600132236,0.384084846,0.602576615,48.83945665,0.308049959,47198,6.7,0.8926
55127,Walworth ,Wisconsin,10.6,30.8,30.1,33.1,30.4,30.4,28.3,27.4,28.7,28.6,0.364468864,0.562134674,0.395642361,0.587690972,40.59844964,0.176767774,64234,9.4,0.98013002
55129,Washburn ,Wisconsin,13.5,23.1,25.7,20.9,21.8,24.6,22.3,24.5,20.9,23.3,0.358985571,0.590730214,0.372615147,0.610329543,46.25267666,0.262564555,50482,7.7,0.94177002
55131,Washington ,Wisconsin,17.5,33.9,38.1,44,34.6,23.7,30.7,37.1,29.2,22.7,0.267361512,0.663166801,0.302600204,0.683967299,41.73113204,0.179854525,75799,5.2,1.16124
55133,Waukesha ,Wisconsin,17.6,47.2,54.7,59.1,47.4,35,43.8,54.8,43.8,31.4,0.331322529,0.596217401,0.387714742,0.595714115,41.97943544,0.186542355,87333,3.9,1.16272
55135,Waupaca ,Wisconsin,8.5,19.5,24.8,23.5,18.1,16.3,19.1,21.6,19.6,18,0.324316016,0.622079619,0.333093031,0.650600755,43.53084416,0.208672352,58648,8.1,0.96855998
55137,Waushara ,Wisconsin,7.8,16.5,15.4,18.2,16.5,16.2,15.7,15.8,16.6,15.1,0.316026336,0.639136595,0.323408019,0.664504717,45.64553023,0.243663191,52340,13.8,0.86504
55139,Winnebago ,Wisconsin,11.5,29.3,30.4,34.5,30.4,23.1,27.3,32.5,26,22.2,0.42520426,0.498577068,0.468563893,0.508295048,39.83259268,0.163852181,57785,7.2,1.01756
55141,Wood ,Wisconsin,9.3,21.3,23.6,24.9,21.9,17.5,21.6,26.3,21.3,17.7,0.376507937,0.568862434,0.396266163,0.588599932,42.61840394,0.205625898,55879,7.2,0.97869998
56001,Albany ,Wyoming,18.4,55.9,57,59.7,54.1,53.9,49.9,54.5,49.9,47.2,0.403868699,0.445603751,0.485061886,0.457693128,34.81742701,0.117354473,47561,4,1.17079
56003,Big Horn ,Wyoming,3.1,20.5,15.7,22.1,22.5,19.8,18.8,19,16.6,21,0.113597894,0.764905022,0.136237898,0.830912863,41.07924417,0.209999158,55195,10.1,0.96328002
56005,Campbell ,Wyoming,1.4,21.9,14.5,26.2,25.4,17.9,19.2,18.3,18.1,22.4,0.07275125,0.866970713,0.098049151,0.860146947,35.7848938,0.100606849,78112,7.7,0.9569
56007,Carbon ,Wyoming,0.1,21.1,20.9,14.5,20.1,27.1,20.3,19.2,19.6,19.5,0.200658927,0.691716348,0.212794512,0.747688637,39.94472647,0.171197649,61773,9.8,0.91947001
56009,Converse ,Wyoming,4.8,22,28.7,28,14,25.7,17.2,17.6,15.6,15.4,0.100390742,0.829576195,0.122824536,0.844079886,39.81378299,0.166202346,68162,10.1,0.97887999
56011,Crook ,Wyoming,6.8,23.3,36.7,12,25.5,20.8,22.4,20.3,26.4,20.2,0.071353894,0.875065342,0.091238233,0.881245474,42.04697987,0.206308725,64053,6.8,1.10146
56013,Fremont ,Wyoming,6.6,24.3,20.1,23.7,23.8,27.6,23.5,23.8,22.3,25.6,0.246725019,0.655994831,0.302676319,0.658495119,39.64995826,0.182692064,51204,8.8,0.74199998
56015,Goshen ,Wyoming,6.6,24,17.7,38.4,20.6,23.9,24.5,22.7,26.5,21.8,0.15942029,0.762249827,0.191804847,0.777742347,42.70933014,0.219348086,51676,7.4,0.97428
56017,Hot Springs ,Wyoming,0,28.2,18.2,35.8,35.8,20.4,23.1,30,24.2,17.3,0.154679041,0.749806651,0.186244204,0.772411128,45.1169045,0.262129528,49356,5.6,1.01328
56019,Johnson ,Wyoming,6.4,31.8,15.9,37.8,38.3,28,28.8,42.1,27.1,29.2,0.144441929,0.787185873,0.181138934,0.783723748,43.84692671,0.236879433,57676,4.4,1.07875
56021,Laramie ,Wyoming,7.5,30.5,29.5,33.7,30.6,28.7,28.7,34.8,27.9,26.1,0.282481877,0.606482951,0.336383934,0.616552822,38.93918728,0.16028128,63839,6.8,0.92404997
56023,Lincoln ,Wyoming,5.9,23.1,17.8,29.8,19.8,25.5,22.6,29.2,19.5,24.6,0.124507042,0.763830986,0.143372922,0.821187648,39.74297623,0.173716168,69598,6.2,1.0795799
56025,Natrona ,Wyoming,5.1,26.6,22.5,29.5,25.2,29.6,22.7,23.5,23.8,23.3,0.197223222,0.70624925,0.241021729,0.714051595,38.79716236,0.153953106,64714,7.5,0.91293001
56027,Niobrara ,Wyoming,0,20,14.1,19,19.2,25,16.6,5.3,12.1,23.5,0.087519026,0.849315068,0.117246596,0.845688351,43.9279732,0.226130653,51036,11.9,0.9745
56029,Park ,Wyoming,6.5,32.8,33.6,36.4,34.6,28.6,32.1,32.6,32.5,33.8,0.167936403,0.736336535,0.202795123,0.761998216,43.35032738,0.232062474,58873,5.2,1.0431401
56031,Platte ,Wyoming,30.4,22.1,16.3,37.6,24.5,15.3,21.7,22.4,24.4,19.2,0.158754692,0.758887172,0.17932702,0.785412049,44.91828158,0.256245622,54165,6.6,0.93796998
56033,Sheridan ,Wyoming,5.8,32.1,27.4,42.2,29.1,32.3,30,33.1,32,26.8,0.20172295,0.707512061,0.244349087,0.715762118,42.15517812,0.209936162,58307,4.8,0.99321002
56035,Sublette ,Wyoming,3.5,25.6,20.5,31.6,29.5,19.7,25.2,15.2,28,22,0.146697039,0.776537585,0.1764,0.7914,41.71481708,0.194741669,74570,3.7,1.0839601
56037,Sweetwater ,Wyoming,5.2,20,21.3,23.1,19.8,15.5,22,25.8,20,19.4,0.188616462,0.70951547,0.228949575,0.732363157,36.78933126,0.121112169,73315,9,0.96235001
56039,Teton ,Wyoming,19.7,60.3,54.3,55.7,67.3,61.3,57.4,60.5,56.6,53,0.579234973,0.310525065,0.665990397,0.293568675,40.64002859,0.154152766,99087,5.6,1.07623
56041,Uinta ,Wyoming,3,19.1,17.2,20.4,19.2,19.4,15.4,17.4,15.3,16.2,0.141912633,0.726564345,0.168199598,0.792472777,37.17190502,0.140795113,63401,7.2,0.95451999
56043,Washakie ,Wyoming,8.2,21.1,26.7,30.6,15.8,19.8,21.5,25.9,18.8,21.2,0.139486104,0.763240692,0.161458333,0.804811508,42.79042486,0.21686747,55190,10.4,0.90666997
56045,Weston ,Wyoming,10.9,17.6,27.7,19,13.1,18.3,19.2,21.7,22.3,14.9,0.084798639,0.860181509,0.101123596,0.872752809,43.26359983,0.205109803,54319,7.8,0.97839999